main_module	food_microbiome_metabolic_module	food_microbiome_metabolic_function	food_microbiome_functional_gene	food_microbiome_COG_KO
F3MB_nucleotide_metabolism	F3MB_01_purine_biosynthesis	F3MB_01_B001_Amidophosphoribosyltransferase	F3MB_01_B001_Amidophosphoribosyltransferase_purF	COG0034_K00764
F3MB_nucleotide_metabolism	F3MB_01_purine_biosynthesis	F3MB_01_B002_Phosphoribosylamine-glycine_ligase	F3MB_01_B002_Phosphoribosylamine-glycine_ligase_purD	COG0151_K01945
F3MB_nucleotide_metabolism	F3MB_01_purine_biosynthesis	F3MB_01_B003_Phosphoribosylglycinamide_formyltransferase_1	F3MB_01_B003_Phosphoribosylglycinamide_formyltransferase_1_purN	COG0299_K11175
F3MB_nucleotide_metabolism	F3MB_01_purine_biosynthesis	F3MB_01_B004_Phosphoribosylformylglycinamide_synthetase	F3MB_01_B004_Phosphoribosylformylglycinamide_synthetase_1_purL	COG0046_K01952
F3MB_nucleotide_metabolism	F3MB_01_purine_biosynthesis	F3MB_01_B004_Phosphoribosylformylglycinamide_synthetase	F3MB_01_B004_Phosphoribosylformylglycinamide_synthetase_2_purQ	COG0047_K01952
F3MB_nucleotide_metabolism	F3MB_01_purine_biosynthesis	F3MB_01_B004_Phosphoribosylformylglycinamide_synthetase	F3MB_01_B004_Phosphoribosylformylglycinamide_synthetase_3_purS	COG1828_K01952
F3MB_nucleotide_metabolism	F3MB_01_purine_biosynthesis	F3MB_01_B005_Phosphoribosylformylglycinamide_cyclo-ligase	F3MB_01_B005_Phosphoribosylformylglycinamide_cyclo-ligase_purM	COG0150_K01933
F3MB_nucleotide_metabolism	F3MB_01_purine_biosynthesis	F3MB_01_B006_5-carboxyaminoimidazole_ribonucleotide_synthase	F3MB_01_B006_5-carboxyaminoimidazole_ribonucleotide_synthase_purK	COG0026_K01589
F3MB_nucleotide_metabolism	F3MB_01_purine_biosynthesis	F3MB_01_B007_N5-carboxyaminoimidazole_ribonucleotide_mutase	F3MB_01_B007_N5-carboxyaminoimidazole_ribonucleotide_mutase_purE	COG0041_K01588
F3MB_nucleotide_metabolism	F3MB_01_purine_biosynthesis	F3MB_01_B008_Phosphoribosylaminoimidazole-succinocarboxamide_synthase	F3MB_01_B008_Phosphoribosylaminoimidazole-succinocarboxamide_synthase_purC	COG0152_K01923
F3MB_nucleotide_metabolism	F3MB_01_purine_biosynthesis	F3MB_01_B009_Adenylosuccinate_lyase	F3MB_01_B009_Adenylosuccinate_lyase_purB	COG0015_K01756
F3MB_nucleotide_metabolism	F3MB_01_purine_biosynthesis	F3MB_01_B010_Bifunctional_AICAR_transformylase_IMP_cyclohydrolase	F3MB_01_B010_Bifunctional_AICAR_transformylase_IMP_cyclohydrolase_purH_purO	COG0138_K00602
F3MB_nucleotide_metabolism	F3MB_02_adenine_biosynthesis	F3MB_02_B011_Adenylosuccinate_synthase	F3MB_02_B011_Adenylosuccinate_synthase_purA	COG0104_K01939
F3MB_nucleotide_metabolism	F3MB_02_adenine_biosynthesis	F3MB_02_B012_Adenylate_kinase	F3MB_02_B012_Adenylate_kinase_adk	COG0563_K00939
F3MB_nucleotide_metabolism	F3MB_02_adenine_biosynthesis	F3MB_02_B013_Phosphoribosylglycinamide_formyltransferase_2	F3MB_02_B013_Phosphoribosylglycinamide_formyltransferase_2_purT	COG0027_K08289
F3MB_nucleotide_metabolism	F3MB_03_guanine_biosynthesis	F3MB_03_B014_Inosine_5-monophosphate_dehydrogenase	F3MB_03_B014_Inosine_5-monophosphate_dehydrogenase_guaB	COG0516_K00088
F3MB_nucleotide_metabolism	F3MB_03_guanine_biosynthesis	F3MB_03_B015_GMP_synthetase	F3MB_03_B015_GMP_synthetase_guaA	COG0519_K01951
F3MB_nucleotide_metabolism	F3MB_03_guanine_biosynthesis	F3MB_03_B015_GMP_synthetase	F3MB_03_B015_GMP_synthetase_guaA	COG0518_K01951
F3MB_nucleotide_metabolism	F3MB_03_guanine_biosynthesis	F3MB_03_B016_Guanylate_kinase	F3MB_03_B016_Guanylate_kinase_gmK	COG0194_K00942
F3MB_nucleotide_metabolism	F3MB_03_guanine_biosynthesis	F3MB_03_B017_GMP_reductase	F3MB_03_B017_GMP_reductase_guaC	COG0516_K00364
F3MB_nucleotide_metabolism	F3MB_04_pyrimidine_biosynthesis	F3MB_04_B018_Aspartate_ornithine_carbamoyltransferase	F3MB_04_B018_Aspartate_ornithine_carbamoyltransferase_regulatory_subunit_pyrI	COG1781_K00610
F3MB_nucleotide_metabolism	F3MB_04_pyrimidine_biosynthesis	F3MB_04_B018_Aspartate_ornithine_carbamoyltransferase	F3MB_04_B018_Aspartate_ornithine_carbamoyltransferase_solute-binding_subunit_pyrB	COG0540_K00609
F3MB_nucleotide_metabolism	F3MB_04_pyrimidine_biosynthesis	F3MB_04_B019_Dihydroorotase	F3MB_04_B019_Dihydroorotase_1_pyrC1	COG0044_K01465
F3MB_nucleotide_metabolism	F3MB_04_pyrimidine_biosynthesis	F3MB_04_B019_Dihydroorotase	F3MB_04_B019_Dihydroorotase_2_pyrC2	COG0418_K01465
F3MB_nucleotide_metabolism	F3MB_04_pyrimidine_biosynthesis	F3MB_04_B019_Dihydroorotase	F3MB_04_B019_Dihydroorotase_3_pyrC3	COG3964_K01465
F3MB_nucleotide_metabolism	F3MB_04_pyrimidine_biosynthesis	F3MB_04_B020_Dihydroorotate_dehydrogenase	F3MB_04_B020_Dihydroorotate_dehydrogenase_electron_transfer_subunit_pyrK	COG0543_K02823
F3MB_nucleotide_metabolism	F3MB_04_pyrimidine_biosynthesis	F3MB_04_B020_Dihydroorotate_dehydrogenase	F3MB_04_B020_Dihydroorotate_dehydrogenase_type_2_pyrD1	COG0167_K00254
F3MB_nucleotide_metabolism	F3MB_04_pyrimidine_biosynthesis	F3MB_04_B020_Dihydroorotate_dehydrogenase	F3MB_04_B020_Dihydroorotate_dehydrogenase_type_2_pyrD2	COG0167_K00226_*
F3MB_nucleotide_metabolism	F3MB_04_pyrimidine_biosynthesis	F3MB_04_B021_Orotate_phosphoribosyltransferase	F3MB_04_B021_Orotate_phosphoribosyltransferase_pyrE	COG0461_K00762
F3MB_nucleotide_metabolism	F3MB_04_pyrimidine_biosynthesis	F3MB_04_B022_Orotidine-5-phosphate_decarboxylase	F3MB_04_B022_Orotidine-5-phosphate_decarboxylase_pyrF	COG0284_K01591
F3MB_nucleotide_metabolism	F3MB_04_pyrimidine_biosynthesis	F3MB_04_B023_CTP_synthetase	F3MB_04_B023_CTP_synthetase_pyrG	COG0504_K01937
F3MB_nucleotide_metabolism	F3MB_04_pyrimidine_biosynthesis	F3MB_04_B024_UMP_kinase	F3MB_04_B024_UMP_kinase_pyrH	COG0528_K09903
F3MB_nucleotide_metabolism	F3MB_04_pyrimidine_biosynthesis	F3MB_04_B065_Thymidylate_synthase	F3MB_04_B065_Thymidylate_synthase_thyA	COG0207_K00560
F3MB_nucleotide_metabolism	F3MB_05_nucleotide_housekeeping_pathways	F3MB_05_B025_Uracil_phosphoribosyltransferase	F3MB_05_B025_Uracil_phosphoribosyltransferase_upp	COG0035_K00761
F3MB_nucleotide_metabolism	F3MB_05_nucleotide_housekeeping_pathways	F3MB_05_B026_Thymidine_kinase	F3MB_05_B026_Thymidine_kinase_tdkA	COG1435_K00857
F3MB_nucleotide_metabolism	F3MB_05_nucleotide_housekeeping_pathways	F3MB_05_B027_Uridine_cytidine_kinase	F3MB_05_B027_Uridine_cytidine_kinase_udk	COG0572_K00876
F3MB_nucleotide_metabolism	F3MB_05_nucleotide_housekeeping_pathways	F3MB_05_B028_Nucleoside_diphosphate_kinase	F3MB_05_B028_Nucleoside_diphosphate_kinase_ndk	COG0105_K00940
F3MB_nucleotide_metabolism	F3MB_05_nucleotide_housekeeping_pathways	F3MB_05_B029_Thymidylate_kinase	F3MB_05_B029_Thymidylate_kinase_tdkB	COG0125_K00943
F3MB_nucleotide_metabolism	F3MB_05_nucleotide_housekeeping_pathways	F3MB_05_B030_Cytidylate_kinase	F3MB_05_B030_Cytidylate_kinase_cmk	COG0283_K00945
F3MB_nucleotide_metabolism	F3MB_05_nucleotide_housekeeping_pathways	F3MB_05_B031_Phosphoribosylpyrophosphate_synthetase	F3MB_05_B031_Phosphoribosylpyrophosphate_synthetase_prs	COG0462_K00948
F3MB_nucleotide_metabolism	F3MB_05_nucleotide_housekeeping_pathways	F3MB_05_B032_5-nucleotidase_UDP-sugar_hydrolase	F3MB_05_B032_5-nucleotidase_UDP-sugar_hydrolase_yunD	COG0737_K01081
F3MB_nucleotide_metabolism	F3MB_05_nucleotide_housekeeping_pathways	F3MB_05_B033_dGTP_triphosphohydrolase	F3MB_05_B033_dGTP_triphosphohydrolase_dgt	COG0232_K01129
F3MB_nucleotide_metabolism	F3MB_05_nucleotide_housekeeping_pathways	F3MB_05_B034_Dihydropyrimidinase	F3MB_05_B034_Dihydropyrimidinase_hydA	COG0044_K01464
F3MB_nucleotide_metabolism	F3MB_05_nucleotide_housekeeping_pathways	F3MB_05_B035_dCTP_deaminase	F3MB_05_B035_dCTP_deaminase_dcd	COG0717_K01494
F3MB_nucleotide_metabolism	F3MB_05_nucleotide_housekeeping_pathways	F3MB_05_B036_dUTP_hydrolase	F3MB_05_B036_dUTP_hydrolase_dut	COG0756_K01520
F3MB_nucleotide_metabolism	F3MB_05_nucleotide_housekeeping_pathways	F3MB_05_B037_Ppx_GppA_exopolyphosphatase	F3MB_05_B037_Ppx_GppA_exopolyphosphatase_ppx	COG0248_K01524
F3MB_nucleotide_metabolism	F3MB_05_nucleotide_housekeeping_pathways	F3MB_05_B038_Xanthine_phosphoribosyltransferase	F3MB_05_B038_Xanthine_phosphoribosyltransferase_xpt	COG0503_K03816
F3MB_nucleotide_metabolism	F3MB_05_nucleotide_housekeeping_pathways	F3MB_05_B039_Adenylate_cyclase	F3MB_05_B039_Adenylate_cyclase_class_1_cyaA	COG3072_K05851
F3MB_nucleotide_metabolism	F3MB_05_nucleotide_housekeeping_pathways	F3MB_05_B039_Adenylate_cyclase	F3MB_05_B039_Adenylate_cyclase_class_2_cyaB	COG1437_K05873
F3MB_nucleotide_metabolism	F3MB_05_nucleotide_housekeeping_pathways	F3MB_05_B056_GTP_pyrophosphokinase	F3MB_05_B056_GTP_pyrophosphokinase_relA	COG2357_K00951
F3MB_nucleotide_metabolism	F3MB_07_nucleoside_deaminases_pathways	F3MB_07_B045_Adenine_deaminase	F3MB_07_B045_Adenine_deaminase_ade	COG1001_K01486
F3MB_nucleotide_metabolism	F3MB_07_nucleoside_deaminases_pathways	F3MB_07_B046_Adenosine_AMP_deaminase	F3MB_07_B046_Adenosine_AMP_deaminase_add	COG1816_K01488
F3MB_nucleotide_metabolism	F3MB_07_nucleoside_deaminases_pathways	F3MB_07_B047_Cytosine_deaminase	F3MB_07_B047_Cytosine_deaminase_codA	COG0402_K01485
F3MB_nucleotide_metabolism	F3MB_07_nucleoside_deaminases_pathways	F3MB_07_B048_Guanine_deaminase	F3MB_07_B048_Guanine_deaminase_guaD1	COG0402_K01487
F3MB_nucleotide_metabolism	F3MB_07_nucleoside_deaminases_pathways	F3MB_07_B048_Guanine_deaminase	F3MB_07_B048_Guanine_deaminase_guaD2	COG0590_K01487
F3MB_nucleotide_metabolism	F3MB_07_nucleoside_deaminases_pathways	F3MB_07_B049_Cytidine_deaminase	F3MB_07_B049_Cytidine_deaminase_cdd	COG0295_K01489
F3MB_nucleotide_metabolism	F3MB_07_nucleoside_deaminases_pathways	F3MB_07_B050_Xanthine-guanine_phosphoribosyltransferase	F3MB_07_B050_Xanthine-guanine_phosphoribosyltransferase_gpt	COG2236_K00769
F3MB_nucleotide_metabolism	F3MB_08_ribonucleoside_reductase_pathways	F3MB_08_B051_Aerobic_ribonucleoside-diphosphate_reductase	F3MB_08_B051_Aerobic_ribonucleoside-diphosphate_reductase_alpha_subunit_nrdA_nrdE	COG0209_K00525
F3MB_nucleotide_metabolism	F3MB_08_ribonucleoside_reductase_pathways	F3MB_08_B051_Aerobic_ribonucleoside-diphosphate_reductase	F3MB_08_B051_Aerobic_ribonucleoside-diphosphate_reductase_beta_subunit_nrdB_nrdF	COG0208_K00526
F3MB_nucleotide_metabolism	F3MB_08_ribonucleoside_reductase_pathways	F3MB_08_B053_Anaerobic_ribonucleoside-triphosphate_reductase	F3MB_08_B053_Activator_of_anaerobic_ribonucleoside-triphosphate_reductase_nrdG	COG0602_K04068
F3MB_nucleotide_metabolism	F3MB_08_ribonucleoside_reductase_pathways	F3MB_08_B053_Anaerobic_ribonucleoside-triphosphate_reductase	F3MB_08_B053_Anaerobic_ribonucleoside-triphosphate_reductase_nrdD	COG1328_K21636
F3MB_nucleotide_metabolism	F3MB_08_ribonucleoside_reductase_pathways	F3MB_08_B053_Anaerobic_ribonucleoside-triphosphate_reductase	F3MB_08_B053_NrdI_Flavodoxin_for_ribonucleoside-diphosphate_reductase_nrdI	COG1780_K03647
F3MB_nucleotide_metabolism	F3MB_09_xanthine_catabolism_allantoate_pathway	F3MB_09_B057_Xanthine_dehydrogenase	F3MB_09_B057_Xanthine_dehydrogenase_xdhA	COG4630_K13481
F3MB_nucleotide_metabolism	F3MB_09_xanthine_catabolism_allantoate_pathway	F3MB_09_B057_Xanthine_dehydrogenase	F3MB_09_B057_Xanthine_dehydrogenase_xdhB	COG4631_K13482
F3MB_nucleotide_metabolism	F3MB_09_xanthine_catabolism_allantoate_pathway	F3MB_09_B058_FAD-dependent_urate_hydroxylase	F3MB_09_B058_FAD-dependent_urate_hydroxylase_hpxO	COG0654_K16839
F3MB_nucleotide_metabolism	F3MB_09_xanthine_catabolism_allantoate_pathway	F3MB_09_B059_5-Hydroxyisourate_hydrolase	F3MB_09_B059_5-Hydroxyisourate_hydrolase_uraH	COG2351_K07127
F3MB_nucleotide_metabolism	F3MB_09_xanthine_catabolism_allantoate_pathway	F3MB_09_B060_2-oxo-4-hydroxy-4-carboxy-5-ureidoimidazoline_decarboxylase	F3MB_09_B060_2-oxo-4-hydroxy-4-carboxy-5-ureidoimidazoline_decarboxylase_hpxQ_uraD	COG3195_K16840
F3MB_nucleotide_metabolism	F3MB_09_xanthine_catabolism_allantoate_pathway	F3MB_09_B061_Ureidoglycolate_hydrolase	F3MB_09_B061_Ureidoglycolate_hydrolase_allA	COG3194_K01483
F3MB_nucleotide_metabolism	F3MB_09_xanthine_catabolism_allantoate_pathway	F3MB_09_B062_Allantoinase	F3MB_09_B062_Allantoinase_allB	COG0044_K01466
F3MB_nucleotide_metabolism	F3MB_09_xanthine_catabolism_allantoate_pathway	F3MB_09_B063_Allantoate_deiminase	F3MB_09_B063_Allantoate_deiminase_allC	COG0624_K02083_*
F3MB_nucleotide_metabolism	F3MB_09_xanthine_catabolism_allantoate_pathway	F3MB_09_B064_Ureidoglycolate_dehydrogenase	F3MB_09_B064_Ureidoglycolate_dehydrogenase_allD	COG2055_K00073_*
F3MB_nucleotide_metabolism	F3MB_09_xanthine_catabolism_allantoate_pathway	F3MB_09_B066_Allantoicase	F3MB_09_B066_Allantoicase_alc	COG4266_K01477
F3MB_nucleotide_metabolism	F3MB_09_xanthine_catabolism_allantoate_pathway	F3MB_09_B067_S-ureidoglycine_aminohydrolase	F3MB_09_B067_S-ureidoglycine_aminohydrolase_ylbA	COG3257_K14977
F3MC_carbohydrate_metabolism	F3MC_01_EMP_pathway	F3MC_01_C001_Glucokinase	F3MC_01_C001_Glucokinase_glk	COG1940_K00845
F3MC_carbohydrate_metabolism	F3MC_01_EMP_pathway	F3MC_01_C001_Glucokinase	F3MC_01_C001_Glucokinase_glk	COG0837_K00845
F3MC_carbohydrate_metabolism	F3MC_01_EMP_pathway	F3MC_01_C002_Glucose-6-phosphate_isomerase	F3MC_01_C002_Glucose-6-phosphate_isomerase_pgi	COG0166_K01810
F3MC_carbohydrate_metabolism	F3MC_01_EMP_pathway	F3MC_01_C002_Glucose-6-phosphate_isomerase	F3MC_01_C002_Glucose-6-phosphate_isomerase_pgiA	COG2140_K06859
F3MC_carbohydrate_metabolism	F3MC_01_EMP_pathway	F3MC_01_C004_6-phosphofructokinase	F3MC_01_C004_6-phosphofructokinase_pfkA	COG0205_K00850
F3MC_carbohydrate_metabolism	F3MC_01_EMP_pathway	F3MC_01_C005_Fructose-bisphosphate_aldolase	F3MC_01_C005_Fructose-bisphosphate_aldolase_class-I_fda	COG3588_K01623
F3MC_carbohydrate_metabolism	F3MC_01_EMP_pathway	F3MC_01_C005_Fructose-bisphosphate_aldolase	F3MC_01_C005_Fructose-bisphosphate_aldolase_fbaA	COG0191_K01624_*
F3MC_carbohydrate_metabolism	F3MC_01_EMP_pathway	F3MC_01_C006_Triose_phosphate_isomerase	F3MC_01_C006_Triose_phosphate_isomerase_tpiA	COG0149_K01803
F3MC_carbohydrate_metabolism	F3MC_01_EMP_pathway	F3MC_01_C007_Glyceraldehyde-3-phosphate_dehydrogenase	F3MC_01_C007_Glyceraldehyde-3-phosphate_dehydrogenase_gapA	COG0057_K00134
F3MC_carbohydrate_metabolism	F3MC_01_EMP_pathway	F3MC_01_C008_NADP-dependent_glyceraldehyde-3-phosphate_dehydrogenase	F3MC_01_C008_NADP-dependent_glyceraldehyde-3-phosphate_dehydrogenase_gapN	COG1012_K00131
F3MC_carbohydrate_metabolism	F3MC_01_EMP_pathway	F3MC_01_C009_Phosphoglycerate_kinase	F3MC_01_C009_Phosphoglycerate_kinase_pgkA	COG0126_K00927
F3MC_carbohydrate_metabolism	F3MC_01_EMP_pathway	F3MC_01_C010_Phosphoglycerate_mutase	F3MC_01_C010_Phosphoglycerate_mutase_gpmA	COG0588_K01834
F3MC_carbohydrate_metabolism	F3MC_01_EMP_pathway	F3MC_01_C011_Enolase	F3MC_01_C011_Enolase_eno	COG0148_K01689
F3MC_carbohydrate_metabolism	F3MC_01_EMP_pathway	F3MC_01_C012_Pyruvate_kinase	F3MC_01_C012_Pyruvate_kinase_pyk	COG0469_K00873
F3MC_carbohydrate_metabolism	F3MC_02_reverse_EMP_pathway	F3MC_02_C013_Fructose-1-6-bisphosphatase	F3MC_02_C013_Fructose-1-6-bisphosphatase_fpb	COG0158_K03841
F3MC_carbohydrate_metabolism	F3MC_02_reverse_EMP_pathway	F3MC_02_C013_Fructose-1-6-bisphosphatase	F3MC_02_C013_Fructose-1-6-bisphosphatase_fpb	COG3855_K03841
F3MC_carbohydrate_metabolism	F3MC_02_reverse_EMP_pathway	F3MC_02_C014_Phosphoenolpyruvate_synthase	F3MC_02_C014_Phosphoenolpyruvate_synthase_ppsA	COG0574_K01007
F3MC_carbohydrate_metabolism	F3MC_02_reverse_EMP_pathway	F3MC_02_C015_Phosphoenolpyruvate_carboxykinase	F3MC_02_C015_Phosphoenolpyruvate_carboxykinase_pckA	COG1866_K01610
F3MC_carbohydrate_metabolism	F3MC_02_reverse_EMP_pathway	F3MC_02_C015_Phosphoenolpyruvate_carboxykinase	F3MC_02_C015_Phosphoenolpyruvate_carboxykinase_pckA	COG1274_K01610
F3MC_carbohydrate_metabolism	F3MC_02_reverse_EMP_pathway	F3MC_02_C016_Pyruvate_phosphate_dikinase	F3MC_02_C016_Pyruvate_phosphate_dikinase_ppdK	COG0574_K01006
F3MC_carbohydrate_metabolism	F3MC_03_PK_and_ED_pathways	F3MC_03_C017_Glucose-6-phosphate_1-dehydrogenase	F3MC_03_C017_Glucose-6-phosphate_1-dehydrogenase_zwf	COG0364_K00036
F3MC_carbohydrate_metabolism	F3MC_03_PK_and_ED_pathways	F3MC_03_C018_6-phosphogluconolactonase	F3MC_03_C018_6-phosphogluconolactonase_pgl	COG0363_K01057
F3MC_carbohydrate_metabolism	F3MC_03_PK_and_ED_pathways	F3MC_03_C018_6-phosphogluconolactonase	F3MC_03_C018_6-phosphogluconolactonase_pgl	COG2706_K07404
F3MC_carbohydrate_metabolism	F3MC_03_PK_and_ED_pathways	F3MC_03_C019_6-phosphogluconate_dehydratase	F3MC_03_C019_6-phosphogluconate_dehydratase_edd	COG0129_K01690
F3MC_carbohydrate_metabolism	F3MC_03_PK_and_ED_pathways	F3MC_03_C020_2-keto-3-deoxy-6-phosphogluconate_aldolase	F3MC_03_C020_2-keto-3-deoxy-6-phosphogluconate_aldolase_eda	COG0800_K01625
F3MC_carbohydrate_metabolism	F3MC_03_PK_and_ED_pathways	F3MC_03_C021_Gluconate_kinase	F3MC_03_C021_Gluconate_kinase_gntK	COG1070_K00851
F3MC_carbohydrate_metabolism	F3MC_03_PK_and_ED_pathways	F3MC_03_C021_Gluconate_kinase	F3MC_03_C021_Gluconate_kinase_gntK	COG3265_K00851
F3MC_carbohydrate_metabolism	F3MC_03_PK_and_ED_pathways	F3MC_03_C022_6-phosphogluconate_dehydrogenase	F3MC_03_C022_6-phosphogluconate_dehydrogenase_gntZ	COG1023_K00033
F3MC_carbohydrate_metabolism	F3MC_03_PK_and_ED_pathways	F3MC_03_C022_6-phosphogluconate_dehydrogenase	F3MC_03_C022_6-phosphogluconate_dehydrogenase_NADP-dependent_gnd	COG0362_K00033
F3MC_carbohydrate_metabolism	F3MC_03_PK_and_ED_pathways	F3MC_03_C023_Ribulose-phosphate_3-epimerase	F3MC_03_C023_Ribulose-phosphate_3-epimerase_rpe	COG0036_K01783
F3MC_carbohydrate_metabolism	F3MC_03_PK_and_ED_pathways	F3MC_03_C024_Xylulose-5-phosphate_phosphoketolase	F3MC_03_C024_Xylulose-5-phosphate_phosphoketolase_xpkA	COG3957_K01621
F3MC_carbohydrate_metabolism	F3MC_03_PK_and_ED_pathways	F3MC_03_C025_Glucose_1-dehydrogenase	F3MC_03_C025_Glucose_1-dehydrogenase_gdh	COG1028_K00034
F3MC_carbohydrate_metabolism	F3MC_03_PK_and_ED_pathways	F3MC_03_C026_Gluconolactonase	F3MC_03_C026_Gluconolactonase_gnl	COG3386_K01053
F3MC_carbohydrate_metabolism	F3MC_04_HMP_pathway	F3MC_04_C027_Ribose-5-phosphate_isomerase	F3MC_04_C027_Ribose-5-phosphate_isomerase_rpiA	COG0120_K01807
F3MC_carbohydrate_metabolism	F3MC_04_HMP_pathway	F3MC_04_C027_Ribose-5-phosphate_isomerase	F3MC_04_C027_Ribose-5-phosphate_isomerase_rpiB	COG0698_K01808
F3MC_carbohydrate_metabolism	F3MC_04_HMP_pathway	F3MC_04_C028_Tranketolase	F3MC_04_C028_Tranketolase_tktA	COG0021_K00615
F3MC_carbohydrate_metabolism	F3MC_04_HMP_pathway	F3MC_04_C028_Tranketolase	F3MC_04_C028_Tranketolase_tktB	COG3959_K00615
F3MC_carbohydrate_metabolism	F3MC_04_HMP_pathway	F3MC_04_C028_Tranketolase	F3MC_04_C028_Tranketolase_tktN	COG3958_K00615
F3MC_carbohydrate_metabolism	F3MC_04_HMP_pathway	F3MC_04_C029_Transaldolase	F3MC_04_C029_Transaldolase_tal	COG0176_K00616
F3MC_carbohydrate_metabolism	F3MC_05_general_PTS_enzymes	F3MC_05_C030_Phosphotransferase_system_Enzyme_I	F3MC_05_C030_Phosphotransferase_system_Enzyme_I_ptsI	COG1080_K08483
F3MC_carbohydrate_metabolism	F3MC_05_general_PTS_enzymes	F3MC_05_C031_Phosphotransferase_system_phosphocarrier_protein_HPr	F3MC_05_C031_Phosphotransferase_system_phosphocarrier_protein_HPr_ptsH	COG1925_K11189
F3MC_carbohydrate_metabolism	F3MC_05_general_PTS_enzymes	F3MC_05_C032_Phosphotransferase_system_HPr_kinase_phosphorylase	F3MC_05_C032_Phosphotransferase_system_HPr_kinase_phosphorylase_hprK	COG1493_K06023
F3MC_carbohydrate_metabolism	F3MC_06_cellobiose_mannose_catabolism	F3MC_06_C033_Phosphomannomutase	F3MC_06_C033_Phosphomannomutase_pmm	COG1109_K15778_*
F3MC_carbohydrate_metabolism	F3MC_06_cellobiose_mannose_catabolism	F3MC_06_C034_Mannose-6-phosphate_isomerase	F3MC_06_C034_Mannose-6-phosphate_isomerase_manA	COG1482_K01809
F3MC_carbohydrate_metabolism	F3MC_06_cellobiose_mannose_catabolism	F3MC_06_C035_6-phospho-beta-D-glucosidase_mannosidase	F3MC_06_C035_6-phospho-beta-D-glucosidase_mannosidase_bglA	COG2723_K01223_*
F3MC_carbohydrate_metabolism	F3MC_06_cellobiose_mannose_catabolism	F3MC_06_C036_Beta-D-glucosidase_mannosidase	F3MC_06_C036_Beta-D-glucosidase_mannosidase_bglB	COG2723_K05350
F3MC_carbohydrate_metabolism	F3MC_06_cellobiose_mannose_catabolism	F3MC_06_C036_Beta-D-glucosidase_mannosidase	F3MC_06_C036_Beta-D-glucosidase_mannosidase_bglX	COG1472_K05349_*
F3MC_carbohydrate_metabolism	F3MC_06_cellobiose_mannose_catabolism	F3MC_06_C037_Cellobiose_phosphorylase	F3MC_06_C037_Cellobiose_phosphorylase_celF	COG3459_K00702_*
F3MC_carbohydrate_metabolism	F3MC_06_cellobiose_mannose_catabolism	F3MC_06_C145_Hemicellulotytic_endoglucanase	F3MC_06_C145_Hemicellulotytic_endoglucanase_celA	COG2730_K01179
F3MC_carbohydrate_metabolism	F3MC_06_cellobiose_mannose_catabolism	F3MC_06_C146_Alpha-mannosidase	F3MC_06_C146_Alpha-mannosidase_manC	COG0383_K01191_*
F3MC_carbohydrate_metabolism	F3MC_07_fructose_sucrose_catabolism	F3MC_07_C003_D-Mannitol_2-dehydrogenase	F3MC_07_C003_D-Mannitol_2-dehydrogenase_mthA	COG0246_K00045_*
F3MC_carbohydrate_metabolism	F3MC_07_fructose_sucrose_catabolism	F3MC_07_C038_1-phosphofructokinase	F3MC_07_C038_1-phosphofructokinase_pfkB_fruK	COG1105_K00882
F3MC_carbohydrate_metabolism	F3MC_07_fructose_sucrose_catabolism	F3MC_07_C039_Fructokinase	F3MC_07_C039_Fructokinase_scrK	COG1940_K00847
F3MC_carbohydrate_metabolism	F3MC_07_fructose_sucrose_catabolism	F3MC_07_C039_Fructokinase	F3MC_07_C039_Fructokinase_scrK	COG0524_K00847
F3MC_carbohydrate_metabolism	F3MC_07_fructose_sucrose_catabolism	F3MC_07_C040_Sucrose-6-phosphate_hydrolase	F3MC_07_C040_Sucrose-6-phosphate_hydrolase_scrB	COG1621_K01193
F3MC_carbohydrate_metabolism	F3MC_07_fructose_sucrose_catabolism	F3MC_07_C041_Sucrose_phosphorylase	F3MC_07_C041_Sucrose_phosphorylase_gtfA	COG0366_K00690
F3MC_carbohydrate_metabolism	F3MC_07_fructose_sucrose_catabolism	F3MC_07_C042_Levansucrase	F3MC_07_C042_Levansucrase_sacB	COG1621_K00692_*
F3MC_carbohydrate_metabolism	F3MC_07_fructose_sucrose_catabolism	F3MC_07_C099_Mannitol-1-phosphate_5-dehydrogenase	F3MC_07_C099_Mannitol-1-phosphate_5-dehydrogenase_mtlD	COG0246_K00009
F3MC_carbohydrate_metabolism	F3MC_07_fructose_sucrose_catabolism	F3MC_07_C147_Levanase	F3MC_07_C147_Levanase_levB	COG1621_K01212
F3MC_carbohydrate_metabolism	F3MC_07_fructose_sucrose_catabolism	F3MC_07_C148_Dextransucrase	F3MC_07_C148_Dextransucrase_dexB	COG0366
F3MC_carbohydrate_metabolism	F3MC_08_NAG_chitobiose_catabolism	F3MC_08_C043_N-acetylglucosamine-6-phosphate_deacetylase	F3MC_08_C043_N-acetylglucosamine-6-phosphate_deacetylase_nagA	COG1820_K01443
F3MC_carbohydrate_metabolism	F3MC_08_NAG_chitobiose_catabolism	F3MC_08_C044_Glucosamine-6-phosphate_deaminase	F3MC_08_C044_Glucosamine-6-phosphate_deaminase_nagB	COG0363_K02564
F3MC_carbohydrate_metabolism	F3MC_08_NAG_chitobiose_catabolism	F3MC_08_C045_N-acetylglucosamine_kinase	F3MC_08_C045_N-acetylglucosamine_kinase_nagK	COG1940_K00884
F3MC_carbohydrate_metabolism	F3MC_08_NAG_chitobiose_catabolism	F3MC_08_C046_Beta-N-acetyl-hexosaminidase_Chitobiase	F3MC_08_C046_Beta-N-acetyl-glucosaminidase-hyaluronoglucosaminidase_hylA	COG3525_K01197
F3MC_carbohydrate_metabolism	F3MC_08_NAG_chitobiose_catabolism	F3MC_08_C046_Beta-N-acetyl-hexosaminidase_Chitobiase	F3MC_08_C046_Beta-N-acetyl-hexosaminidase_Chitobiase_hexA	COG3525_K12373
F3MC_carbohydrate_metabolism	F3MC_08_NAG_chitobiose_catabolism	F3MC_08_C046_Beta-N-acetyl-hexosaminidase_Chitobiase	F3MC_08_C046_Beta-N-acetyl-hexosaminidase_nagZ	COG1472_K01207
F3MC_carbohydrate_metabolism	F3MC_08_NAG_chitobiose_catabolism	F3MC_08_C047_Diacetylchitobiose-6-phosphate_hydrolase	F3MC_08_C047_Diacetylchitobiose-6-phosphate_hydrolase_chbF	COG1486_K01222
F3MC_carbohydrate_metabolism	F3MC_08_NAG_chitobiose_catabolism	F3MC_08_C048_N-N-diacetylchitobiose_phosphorylase	F3MC_08_C048_N-N-diacetylchitobiose_phosphorylase_chbP	COG3459_K18675
F3MC_carbohydrate_metabolism	F3MC_08_NAG_chitobiose_catabolism	F3MC_08_C056_Chitooligosaccharide_monodeacetylase	F3MC_08_C056_Chitooligosaccharide_monodeacetylase_chbG	COG3394_K03478
F3MC_carbohydrate_metabolism	F3MC_08_NAG_chitobiose_catabolism	F3MC_08_C149_Chitinase	F3MC_08_C149_Chitinase_A_chiA	2EQI3_K01183
F3MC_carbohydrate_metabolism	F3MC_08_NAG_chitobiose_catabolism	F3MC_08_C149_Chitinase	F3MC_08_C149_Chitinase_B_chiB	COG3325_K01183
F3MC_carbohydrate_metabolism	F3MC_08_NAG_chitobiose_catabolism	F3MC_08_C149_Chitinase	F3MC_08_C149_Chitinase_C_chiC	COG3469_K01183
F3MC_carbohydrate_metabolism	F3MC_08_NAG_chitobiose_catabolism	F3MC_08_C150_Chitosanase	F3MC_08_C150_Chitosanase_csn	COG3409_K01233
F3MC_carbohydrate_metabolism	F3MC_08_NAG_chitobiose_catabolism	F3MC_08_C151_Hyaluronidase	F3MC_08_C151_Hyaluronidase_hylB	COG5492_K01727
F3MC_carbohydrate_metabolism	F3MC_08_NAG_chitobiose_catabolism	F3MC_08_C151_Hyaluronidase	F3MC_08_C151_Hyaluronidase_hylB	COG1196_K01727
F3MC_carbohydrate_metabolism	F3MC_09_trehalose_catabolism	F3MC_09_C049_Trehalose-6-phosphate_hydrolase	F3MC_09_C049_Trehalose-6-phosphate_hydrolase_treA	COG0366_K01226
F3MC_carbohydrate_metabolism	F3MC_09_trehalose_catabolism	F3MC_09_C050_Trehalose-6-phosphate_phosphorylase	F3MC_09_C050_Trehalose-6-phosphate_phosphorylase_treP	COG1554_K03731_*
F3MC_carbohydrate_metabolism	F3MC_09_trehalose_catabolism	F3MC_09_C051_Trehalose_phosphorylase	F3MC_09_C051_Trehalose_phosphorylase_treB	COG1554_K05342_*
F3MC_carbohydrate_metabolism	F3MC_09_trehalose_catabolism	F3MC_09_C087_4-alpha-D-1-4-alpha-D-glucano_trehalose_trehalohydrolase	F3MC_09_C087_4-alpha-D-1-4-alpha-D-glucano_trehalose_trehalohydrolase_treZ	COG0448_K01236_*
F3MC_carbohydrate_metabolism	F3MC_10_sorbose_sorbitol_catabolism	F3MC_10_C052_L-sorbose_1-phosphate_reductase	F3MC_10_C052_L-sorbose_1-phosphate_reductase_sorE	COG1063_K19956
F3MC_carbohydrate_metabolism	F3MC_10_sorbose_sorbitol_catabolism	F3MC_10_C053_D-sorbitol_dehydrogenase	F3MC_10_C053_D-sorbitol_dehydrogenase_sorD	COG1063_K00008
F3MC_carbohydrate_metabolism	F3MC_10_sorbose_sorbitol_catabolism	F3MC_10_C054_D-Sorbitol-6-phosphate_2-dehydrogenase	F3MC_10_C054_D-Sorbitol-6-phosphate_2-dehydrogenase_srlD	COG1028_K00068
F3MC_carbohydrate_metabolism	F3MC_10_sorbose_sorbitol_catabolism	F3MC_10_C055_Hexitol_phosphatase_A	F3MC_10_C055_Hexitol_phosphatase_A_HxpA	COG0637_K19270
F3MC_carbohydrate_metabolism	F3MC_10_trehalose_catabolism	F3MC_09_C049_Trehalose-6-phosphate_hydrolase	F3MC_09_C049_Trehalose-6-phosphate_hydrolase_treC	COG0366_K01215
F3MC_carbohydrate_metabolism	F3MC_11_maltose_starch_dextran_catabolism	F3MC_11_C057_Maltose-6-phosphate_glucosidase	F3MC_11_C057_Maltose-6-phosphate_glucosidase_malH	COG1486_K01232
F3MC_carbohydrate_metabolism	F3MC_11_maltose_starch_dextran_catabolism	F3MC_11_C058_Maltose_phosphorylase	F3MC_11_C058_Maltose_phosphorylase_mapA	COG1554_K00691
F3MC_carbohydrate_metabolism	F3MC_11_maltose_starch_dextran_catabolism	F3MC_11_C059_Alpha_beta-phosphoglucomutase	F3MC_11_C059_Alpha-phosphoglucomutase_pgmA	COG1109_K01835
F3MC_carbohydrate_metabolism	F3MC_11_maltose_starch_dextran_catabolism	F3MC_11_C059_Alpha_beta-phosphoglucomutase	F3MC_11_C059_Alpha-phosphoglucomutase_pgmA	COG0033_K01835
F3MC_carbohydrate_metabolism	F3MC_11_maltose_starch_dextran_catabolism	F3MC_11_C059_Alpha_beta-phosphoglucomutase	F3MC_11_C059_Beta-phosphoglucomutase_glucose-1-phosphate_phosphodismutase_pgmB	COG0637_K01838
F3MC_carbohydrate_metabolism	F3MC_11_maltose_starch_dextran_catabolism	F3MC_11_C060_Maltose_O-acetyltransferase	F3MC_11_C060_Maltose_O-acetyltransferase_maa	COG0110_K00661
F3MC_carbohydrate_metabolism	F3MC_11_maltose_starch_dextran_catabolism	F3MC_11_C061_Maltogenic_alpha-amylase_cyclomaltodextrinase	F3MC_11_C061_Maltogenic_alpha-amylase_cyclomaltodextrinase_nplT	COG0366_K01208
F3MC_carbohydrate_metabolism	F3MC_11_maltose_starch_dextran_catabolism	F3MC_11_C062_Oligo-1-6-alpha-glucosidase_sucrase-maltase-isomaltase	F3MC_11_C062_Oligo-1-6-alpha-glucosidase_sucrase-maltase-isomaltase_malL	COG0366_K01182
F3MC_carbohydrate_metabolism	F3MC_11_maltose_starch_dextran_catabolism	F3MC_11_C063_Maltodextrin_alpha-glucosidase	F3MC_11_C063_Maltodextrin_alpha-glucosidase_malZ	COG0366_K01187_*
F3MC_carbohydrate_metabolism	F3MC_11_maltose_starch_dextran_catabolism	F3MC_11_C064_Alpha-amylase	F3MC_11_C064_Alpha-amylase_malS	COG0366_K01176
F3MC_carbohydrate_metabolism	F3MC_11_maltose_starch_dextran_catabolism	F3MC_11_C065_4-alpha-glucanotransferase_amylomaltase	F3MC_11_C065_4-alpha-glucanotransferase_amylomaltase_malQ	COG1640_K00705_*
F3MC_carbohydrate_metabolism	F3MC_11_maltose_starch_dextran_catabolism	F3MC_11_C152_Starch_pullulanase	F3MC_11_C152_Starch_pullulanase_pulA	COG1523_K01200
F3MC_carbohydrate_metabolism	F3MC_11_maltose_starch_dextran_catabolism	F3MC_11_C153_Dextranase	F3MC_11_C153_Dextranase_dexA	COG5297_K05988
F3MC_carbohydrate_metabolism	F3MC_11_maltose_starch_dextran_catabolism	F3MC_11_C154_1-2-alpha-glucosylglycerol_phosphorylase	F3MC_11_C154_1-2-alpha-glucosylglycerol_phosphorylase_ggp	COG1554_K21355_*
F3MC_carbohydrate_metabolism	F3MC_12_NANA_catabolism	F3MC_12_C066_N-acetylneuraminate_epimerase	F3MC_12_C066_N-acetylneuraminate_epimerase_nanM	COG1082
F3MC_carbohydrate_metabolism	F3MC_12_NANA_catabolism	F3MC_12_C067_N-acetylneuraminate_lyase	F3MC_12_C067_N-acetylneuraminate_lyase_nanA	COG0329_K01639
F3MC_carbohydrate_metabolism	F3MC_12_NANA_catabolism	F3MC_12_C068_N-acetylmannosamine_kinase	F3MC_12_C068_N-acetylmannosamine_kinase_nanK	COG1940_K00845_K00885
F3MC_carbohydrate_metabolism	F3MC_12_NANA_catabolism	F3MC_12_C069_N-acetylmannosamine-6-phosphate_2-epimerase	F3MC_12_C069_N-acetylmannosamine-6-phosphate_2-epimerase_nanE	COG3010_K01788
F3MC_carbohydrate_metabolism	F3MC_13_lactose_galactose_catabolism	F3MC_13_C070_Beta-galactosidase	F3MC_13_C070_Beta-galactosidase_bgaA	COG1874_K12308_*
F3MC_carbohydrate_metabolism	F3MC_13_lactose_galactose_catabolism	F3MC_13_C070_Beta-galactosidase	F3MC_13_C070_Beta-galactosidase_lacZ_LacLM	COG3250_K01190_*
F3MC_carbohydrate_metabolism	F3MC_13_lactose_galactose_catabolism	F3MC_13_C071_Alpha-galactosidase	F3MC_13_C071_Alpha-galactosidase_melA	COG1486_K07406
F3MC_carbohydrate_metabolism	F3MC_13_lactose_galactose_catabolism	F3MC_13_C072_Alpha-galactosidase	F3MC_13_C072_Alpha-galactosidase_rafA	COG3345_K07407
F3MC_carbohydrate_metabolism	F3MC_13_lactose_galactose_catabolism	F3MC_13_C073_6-phospho-beta-galactosidase	F3MC_13_C073_6-phospho-beta-galactosidase_lacG	COG2723_K01220
F3MC_carbohydrate_metabolism	F3MC_13_lactose_galactose_catabolism	F3MC_13_C074_D-galactose_6-phosphate_isomerase	F3MC_13_C074_D-galactose_6-phosphate_isomerase_lacA-lacB	COG0698_K01819
F3MC_carbohydrate_metabolism	F3MC_13_lactose_galactose_catabolism	F3MC_13_C075_D-tagatose_6-phosphate_kinase	F3MC_13_C075_D-tagatose_6-phosphate_kinase_lacC	COG1105_K00917
F3MC_carbohydrate_metabolism	F3MC_13_lactose_galactose_catabolism	F3MC_13_C076_D-tagatose-1-6-diphosphate_aldolase	F3MC_13_C076_D-tagatose-1-6-diphosphate_aldolase_lacD	COG3684_K01635
F3MC_carbohydrate_metabolism	F3MC_13_lactose_galactose_catabolism	F3MC_13_C077_Galactose_1-epimerase	F3MC_13_C077_Galactose_1-epimerase_galM	COG2017_K01785
F3MC_carbohydrate_metabolism	F3MC_13_lactose_galactose_catabolism	F3MC_13_C078_Galactokinase	F3MC_13_C078_Galactokinase_galK	COG0153_K00849
F3MC_carbohydrate_metabolism	F3MC_13_lactose_galactose_catabolism	F3MC_13_C079_Galactose-1-phosphate_uridylyltransferase	F3MC_13_C079_Galactose-1-phosphate_uridylyltransferase_galT	COG4468_K00965
F3MC_carbohydrate_metabolism	F3MC_13_lactose_galactose_catabolism	F3MC_13_C080_UDP-glucose-4-epimerase	F3MC_13_C080_UDP-glucose-4-epimerase_galE	COG1087_K01784
F3MC_carbohydrate_metabolism	F3MC_13_lactose_galactose_catabolism	F3MC_13_C081_UTP-glucose-1-phosphate_uridylyltransferase	F3MC_13_C081_UTP-glucose-1-phosphate_uridylyltransferase_galU	COG1210_K00963
F3MC_carbohydrate_metabolism	F3MC_13_lactose_galactose_catabolism	F3MC_13_C082_N-acetylgalactosamine-6-phosphate_deacetylase	F3MC_13_C082_N-acetylgalactosamine-6-phosphate_deacetylase_agaA	COG1820_K02079
F3MC_carbohydrate_metabolism	F3MC_13_lactose_galactose_catabolism	F3MC_13_C083_D-galactosamine-6-phosphate_deaminase-isomerase	F3MC_13_C083_D-galactosamine-6-phosphate_deaminase-isomerase_agaS	COG2222_K02082
F3MC_carbohydrate_metabolism	F3MC_13_lactose_galactose_catabolism	F3MC_13_C159_Arabinogalactan_endo-1-4-beta-galactosidase-	F3MC_13_C159_Arabinogalactan_endo-1-4-beta-galactosidase_ganB	COG3867_K01224
F3MC_carbohydrate_metabolism	F3MC_14_glycogen_synthesis	F3MC_14_C084_Bacterial_glycogen_starch_synthase	F3MC_14_C084_Bacterial_glycogen_starch_synthase_glgA	COG0297_K00703
F3MC_carbohydrate_metabolism	F3MC_14_glycogen_synthesis	F3MC_14_C085_1-4-alpha-glucan_branching_enzyme	F3MC_14_C085_1-4-alpha-glucan_branching_enzyme_glgB	COG0296_K00700
F3MC_carbohydrate_metabolism	F3MC_14_glycogen_synthesis	F3MC_14_C086_Glucose-1-phosphate_adenylyltransferase_ADP-glucose_pyrophosphorylase	F3MC_14_C086_Glucose-1-phosphate_adenylyltransferase_ADP-glucose_pyrophosphorylase_glgC	COG0448_K00975
F3MC_carbohydrate_metabolism	F3MC_14_glycogen_synthesis	F3MC_15_C089_Alpha-1-4-glucan:maltose-1-phosphate_maltosyltransferase	F3MC_15_C089_Alpha-1-4-glucan:maltose-1-phosphate_maltosyltransferase_glgE	COG0366_K16147
F3MC_carbohydrate_metabolism	F3MC_15_glycogen_degradation	F3MC_15_C088_Catabolic_glycogen_maltodextrin_alpha-1-4-phosphorylase	F3MC_15_C088_Catabolic_glycogen_maltodextrin_alpha-1-4-phosphorylase_glgP	COG0058_K00688
F3MC_carbohydrate_metabolism	F3MC_15_glycogen_degradation	F3MC_15_C090_Catabolic_glycogen_alpha-1-6_debranching_protein	F3MC_15_C090_Catabolic_glycogen_alpha-1-6_debranching_protein_GlgX_glgX	COG1523_K01214_*
F3MC_carbohydrate_metabolism	F3MC_16_uronate_catabolism	F3MC_16_C091_D-galacturonate_isomerase	F3MC_16_C091_D-galacturonate_isomerase_uxaC	COG1904_K01812
F3MC_carbohydrate_metabolism	F3MC_16_uronate_catabolism	F3MC_16_C092_Tagaturonate_reductase	F3MC_16_C092_Tagaturonate_reductase_uxaB	COG0246_K00041_*
F3MC_carbohydrate_metabolism	F3MC_16_uronate_catabolism	F3MC_16_C093_D-altronate_dehydratase	F3MC_16_C093_D-altronate_dehydratase_uxaA	COG2721_K01685
F3MC_carbohydrate_metabolism	F3MC_16_uronate_catabolism	F3MC_16_C094_2-dehydro-3-deoxygluconokinase	F3MC_16_C094_2-dehydro-3-deoxygluconokinase_kdgK	COG0524_K00874
F3MC_carbohydrate_metabolism	F3MC_16_uronate_catabolism	F3MC_16_C095_D-glucosaminate-6-phosphate_ammonia_lyase	F3MC_16_C095_D-glucosaminate-6-phosphate_ammonia_lyase_dgaE	COG1921_K17468
F3MC_carbohydrate_metabolism	F3MC_16_uronate_catabolism	F3MC_16_C096_D-mannonate_fructuronate_reductase	F3MC_16_C096_D-mannonate_fructuronate_reductase_uxuB	COG0246_K00040
F3MC_carbohydrate_metabolism	F3MC_16_uronate_catabolism	F3MC_16_C097_D-mannonate_dehydratase	F3MC_16_C097_D-mannonate_dehydratase_uxuA	COG1312_K01686
F3MC_carbohydrate_metabolism	F3MC_16_uronate_catabolism	F3MC_16_C098_Beta-glucuronidase	F3MC_16_C098_Beta-glucuronidase_uidA	COG3250_K01195
F3MC_carbohydrate_metabolism	F3MC_16_uronate_catabolism	F3MC_16_C141_Glucuronate_dehydrogenase	F3MC_16_C141_Glucuronate_dehydrogenase_udh	COG0451_K18891
F3MC_carbohydrate_metabolism	F3MC_16_uronate_catabolism	F3MC_16_C142_Glucarate_dehydratase	F3MC_16_C142_Glucarate_dehydratase_gudD	COG4948_K01706
F3MC_carbohydrate_metabolism	F3MC_16_uronate_catabolism	F3MC_16_C143_5-dehydro-4-deoxyglucarate_dehydratase	F3MC_16_C143_5-dehydro-4-deoxyglucarate_dehydratase_kdgD	COG0329_K01707
F3MC_carbohydrate_metabolism	F3MC_16_uronate_catabolism	F3MC_16_C144_2-5-dioxopentanoate_dehydrogenase	F3MC_16_C144_2-5-dioxopentanoate_dehydrogenase_aldH 	COG1012_K13877
F3MC_carbohydrate_metabolism	F3MC_16_uronate_catabolism	F3MC_16_C155_Pectate_lyase-end-branch-1-4-alpha-D-galacturonan_hydrolase-	F3MC_16_C155_Pectate_lyase-end-branch-1-4-alpha-D-galacturonan_hydrolase_pelA	COG3866_K01728
F3MC_carbohydrate_metabolism	F3MC_16_uronate_catabolism	F3MC_16_C156_Pectin_lyase-end-branch-1-4-alpha-D-galacturonan_methyl_ester_hydrolase-	F3MC_16_C156_Pectin_lyase-end-branch-1-4-alpha-D-galacturonan_methyl_ester_hydrolase_pelB	COG3866_K01732
F3MC_carbohydrate_metabolism	F3MC_17_ascorbate_catabolism	F3MC_17_C100_L-ascorbate-6-phosphate_lactonase	F3MC_17_C100_L-ascorbate-6-phosphate_lactonase_ulaG	COG2220_K03476
F3MC_carbohydrate_metabolism	F3MC_17_ascorbate_catabolism	F3MC_17_C101_3-keto-L-gulonate-6-phosphate_decarboxylase	F3MC_17_C101_3-keto-L-gulonate-6-phosphate_decarboxylase_ulaD	COG0269_K03078_*
F3MC_carbohydrate_metabolism	F3MC_17_ascorbate_catabolism	F3MC_17_C157_L-ribulose-5-phosphate_3-epimerase	F3MC_17_C157_L-ribulose-5-phosphate_3-epimerase_ulaE	COG3623_K03079
F3MC_carbohydrate_metabolism	F3MC_18_galactonate_catabolism	F3MC_18_C102_D-galactonate_dehydratase	F3MC_18_C102_D-galactonate_dehydratase_dgoD	COG4948_K01684_*
F3MC_carbohydrate_metabolism	F3MC_18_galactonate_catabolism	F3MC_18_C103_2-dehydro-3-deoxy-6-phosphogalactonate_aldolase	F3MC_18_C103_2-dehydro-3-deoxy-6-phosphogalactonate_aldolase_dgoA	COG0800_K01631
F3MC_carbohydrate_metabolism	F3MC_18_galactonate_catabolism	F3MC_18_C104_2-keto-3-deoxy-galactonokinase	F3MC_18_C104_2-keto-3-deoxy-galactonokinase_dgoK	COG3734_K00883
F3MC_carbohydrate_metabolism	F3MC_19_fucose_catabolism	F3MC_19_C105_L-fucose_mutarotase	F3MC_19_C105_L-fucose_mutarotase_fucU	COG4154_K02431
F3MC_carbohydrate_metabolism	F3MC_19_fucose_catabolism	F3MC_19_C106_L-fucose_isomerase	F3MC_19_C106_L-fucose_isomerase_fucI	COG2407_K01818
F3MC_carbohydrate_metabolism	F3MC_19_fucose_catabolism	F3MC_19_C107_L-fuculokinase	F3MC_19_C107_L-fuculokinase_fucK	COG1070_K00879_*
F3MC_carbohydrate_metabolism	F3MC_19_fucose_catabolism	F3MC_19_C108_L-fuculose-phosphate_aldolase	F3MC_19_C108_L-fuculose-phosphate_aldolase_fucA	COG0235_K01628
F3MC_carbohydrate_metabolism	F3MC_19_fucose_catabolism	F3MC_19_C109_Lactaldehyde_reductase_fucose_pathway-	F3MC_19_C109_Lactaldehyde_reductase_fucose_pathway_fucO	COG1454_K00048
F3MC_carbohydrate_metabolism	F3MC_19_fucose_catabolism	F3MC_19_C158_Alpha-L-fucosidase	F3MC_19_C158_Alpha-L-fucosidase_fucA	COG3669_K01206
F3MC_carbohydrate_metabolism	F3MC_20_fructoseamine_catabolism	F3MC_20_C110_Fructoselysine-6-phosphate_deglycase	F3MC_20_C110_Fructoseamine-6-phosphate_deglycase_frlB	COG2222
F3MC_carbohydrate_metabolism	F3MC_20_fructoseamine_catabolism	F3MC_20_C110_Fructoselysine-6-phosphate_deglycase	F3MC_20_C110_Fructoselysine-6-phosphate_deglycase_frlB	COG2222_K10708
F3MC_carbohydrate_metabolism	F3MC_20_fructoseamine_catabolism	F3MC_20_C110_Fructoselysine-6-phosphate_deglycase	F3MC_20_C110_Fructoselysine-6-phosphate_deglycase_frlB	COG2222_K19510
F3MC_carbohydrate_metabolism	F3MC_21_myo-inositol_catabolism	F3MC_21_C111_Inositol_dehydrogenase	F3MC_21_C111_Inositol_dehydrogenase_iolG	COG0673_K00010
F3MC_carbohydrate_metabolism	F3MC_21_myo-inositol_catabolism	F3MC_21_C112_Scyllo-inosose_dehydratase	F3MC_21_C112_Scyllo-inosose_dehydratase_iolE	COG1082_K03335
F3MC_carbohydrate_metabolism	F3MC_21_myo-inositol_catabolism	F3MC_21_C113_3D-3-5_4-trihydroxycyclohexane-1-2-dione_hydrolase	F3MC_21_C113_3D-3-5_4-trihydroxycyclohexane-1-2-dione_hydrolase_iolD	COG3962_K03336
F3MC_carbohydrate_metabolism	F3MC_21_myo-inositol_catabolism	F3MC_21_C114_5-deoxy-D-glucuronate_isomerase	F3MC_21_C114_5-deoxy-D-glucuronate_isomerase_iolB	COG3718_K03337
F3MC_carbohydrate_metabolism	F3MC_21_myo-inositol_catabolism	F3MC_21_C115_5-dehydro-2-deoxy-D-gluconate_kinase	F3MC_21_C115_5-dehydro-2-deoxy-D-gluconate_kinase_iolC	COG0524_K03338
F3MC_carbohydrate_metabolism	F3MC_21_myo-inositol_catabolism	F3MC_21_C116_5-dehydro-2-deoxyphosphogluconate_aldolase	F3MC_21_C116_5-dehydro-2-deoxyphosphogluconate_aldolase_iolJ	COG0191_K03339
F3MC_carbohydrate_metabolism	F3MC_21_myo-inositol_catabolism	F3MC_21_C117_scyllo-inosose_epimerase_isomerase	F3MC_21_C117_scyllo-inosose_epimerase_isomerase_iolI	COG4130_K06606
F3MC_carbohydrate_metabolism	F3MC_21_myo-inositol_catabolism	F3MC_21_C118_myo-inositol_catabolism_protein	F3MC_21_C118_myo-inositol_catabolism_protein_iolH	COG1082_K06605
F3MC_carbohydrate_metabolism	F3MC_21_myo-inositol_catabolism	F3MC_21_C118_myo-inositol_catabolism_protein	F3MC_21_C118_myo-inositol_catabolism_protein_iolS	COG0667_K06607
F3MC_carbohydrate_metabolism	F3MC_21_myo-inositol_catabolism	F3MC_21_C120_myo-inositol-1-monophosphatase	F3MC_21_C120_myo-inositol-1-monophosphatase_suhB	COG0483_K01092
F3MC_carbohydrate_metabolism	F3MC_22_ribose_nuclotide_catabolism	F3MC_22_C121_D-ribose_pyranase	F3MC_22_C121_D-ribose_pyranase_rbsD	COG1869_K06726
F3MC_carbohydrate_metabolism	F3MC_22_ribose_nuclotide_catabolism	F3MC_22_C122_D-ribokinase	F3MC_22_C122_D-ribokinase_rbsk	COG0524_K00852
F3MC_carbohydrate_metabolism	F3MC_22_ribose_nuclotide_catabolism	F3MC_22_C123_Pyrimidine-nucleoside_phosphorylase	F3MC_22_C123_Pyrimidine-nucleoside_phosphorylase_deoA	COG0213_K00758
F3MC_carbohydrate_metabolism	F3MC_22_ribose_nuclotide_catabolism	F3MC_22_C123_Pyrimidine-nucleoside_phosphorylase	F3MC_22_C123_Pyrimidine-nucleoside_phosphorylase_deoA	COG0213_K00756
F3MC_carbohydrate_metabolism	F3MC_22_ribose_nuclotide_catabolism	F3MC_22_C123_Pyrimidine-nucleoside_phosphorylase	F3MC_22_C123_Uridine_phosphorylase_udp	COG2820_K00757
F3MC_carbohydrate_metabolism	F3MC_22_ribose_nuclotide_catabolism	F3MC_22_C124_Phosphopentomutase	F3MC_22_C124_Phosphopentomutase_deoB	COG1015_K01839
F3MC_carbohydrate_metabolism	F3MC_22_ribose_nuclotide_catabolism	F3MC_22_C125_Deoxyribose-phosphate_aldolase	F3MC_22_C125_Deoxyribose-phosphate_aldolase_deoC	COG0274_K01619
F3MC_carbohydrate_metabolism	F3MC_22_ribose_nuclotide_catabolism	F3MC_22_C126_Purine-nucleoside_phosphorylase	F3MC_22_C126_Purine-nucleoside_phosphorylase_deoD	COG0813_K03784
F3MC_carbohydrate_metabolism	F3MC_22_ribose_nuclotide_catabolism	F3MC_22_C126_Purine-nucleoside_phosphorylase	F3MC_22_C126_Purine-nucleoside_phosphorylase_punA	COG0005_K00772_*
F3MC_carbohydrate_metabolism	F3MC_22_ribose_nuclotide_catabolism	F3MC_22_C127_Inosine-uridine_preferring_nucleoside_hydrolase	F3MC_22_C127_Inosine-uridine_preferring_nucleoside_hydrolase_iunH	COG1957_K01239_*
F3MC_carbohydrate_metabolism	F3MC_22_ribose_nuclotide_catabolism	F3MC_22_C127_Inosine-uridine_preferring_nucleoside_hydrolase	F3MC_22_C127_Inosine-uridine_preferring_nucleoside_hydrolase_rihA	COG1957_K01250
F3MC_carbohydrate_metabolism	F3MC_22_ribose_nuclotide_catabolism	F3MC_22_C128_Adenine_phosphoribosyltransferase	F3MC_22_C128_Adenine_phosphoribosyltransferase_apt	COG0503_K00759
F3MC_carbohydrate_metabolism	F3MC_22_ribose_nuclotide_catabolism	F3MC_22_C129_Hypoxanthine_phosphoribosyltransferase	F3MC_22_C129_Hypoxanthine_phosphoribosyltransferase_hpt	COG0634_K00760
F3MC_carbohydrate_metabolism	F3MC_23_arabinose_catabolism	F3MC_23_C130_L-arabinose_isomerase	F3MC_23_C130_L-arabinose_isomerase_araA	COG2160_K01804
F3MC_carbohydrate_metabolism	F3MC_23_arabinose_catabolism	F3MC_23_C131_Ribulokinase	F3MC_23_C131_Ribulokinase_araB_firmicultes	COG1070_K00853
F3MC_carbohydrate_metabolism	F3MC_23_arabinose_catabolism	F3MC_23_C131_Ribulokinase	F3MC_23_C131_Ribulokinase_araB	COG1069_K00853
F3MC_carbohydrate_metabolism	F3MC_23_arabinose_catabolism	F3MC_23_C132_L-ribulose-5-phosphate_4-epimerase	F3MC_23_C132_L-ribulose-5-phosphate_4-epimerase_araD	COG0235_K03077
F3MC_carbohydrate_metabolism	F3MC_23_arabinose_catabolism	F3MC_23_C160_Alpha-N-arabinofuranosidase	F3MC_23_C160_Alpha-N-arabinofuranosidase_abfA	COG1621_K01209
F3MC_carbohydrate_metabolism	F3MC_24_xylose_xyloside_catabolism	F3MC_24_C133_Xylose_isomerase	F3MC_24_C133_Xylose_isomerase_xylA	COG2115_K01805
F3MC_carbohydrate_metabolism	F3MC_24_xylose_xyloside_catabolism	F3MC_24_C134_L-xylulose_kinase	F3MC_24_C134_L-xylulose_kinase_lyxK	COG1070_K00880
F3MC_carbohydrate_metabolism	F3MC_24_xylose_xyloside_catabolism	F3MC_24_C134_L-xylulose_kinase	F3MC_24_C134_L-xylulose_kinase_xylB	COG1070_K00854
F3MC_carbohydrate_metabolism	F3MC_24_xylose_xyloside_catabolism	F3MC_24_C135_Beta-xylosidase	F3MC_24_C135_Beta-xylosidase_xynB	COG3507_K01198
F3MC_carbohydrate_metabolism	F3MC_24_xylose_xyloside_catabolism	F3MC_24_C136_Alpha-xylosidase	F3MC_24_C136_Alpha-xylosidase_xylQ-xylS	COG1501_K01811
F3MC_carbohydrate_metabolism	F3MC_25_rhamnose_catabolism	F3MC_25_C137_Rhamnulokinase	F3MC_25_C137_Rhamnulokinase_rhaB	COG1070_K00848
F3MC_carbohydrate_metabolism	F3MC_25_rhamnose_catabolism	F3MC_25_C138_L-rhamnose_mutarotase	F3MC_25_C138_L-rhamnose_mutarotase_rhaM	COG3254_K03534
F3MC_carbohydrate_metabolism	F3MC_25_rhamnose_catabolism	F3MC_25_C139_L-rhamnose_isomerase	F3MC_25_C139_L-rhamnose_isomerase_rhaA	COG4806_K01813
F3MC_carbohydrate_metabolism	F3MC_25_rhamnose_catabolism	F3MC_25_C140_Rhamnulose-1-phosphate_aldolase	F3MC_25_C140_Rhamnulose-1-phosphate_aldolase_rhaD	COG0235_K01629
F3MC_carbohydrate_metabolism	F3MC_25_rhamnose_catabolism	F3MC_25_C161_Alpha-L-rhamnosidase	F3MC_25_C161_Alpha-L-rhamnosidase_ramA	COG3408_K05989
F3MC_carbohydrate_metabolism	F3MC_26_formaldehyde_assimilation	F3MC_26_C162_3-hexulose-6-phosphate_synthase	F3MC_26_C162_3-hexulose-6-phosphate_synthase_hxlA	COG0269_K08093
F3MC_carbohydrate_metabolism	F3MC_26_formaldehyde_assimilation	F3MC_26_C163_6-phospho_3-hexuloisomerase	F3MC_26_C163_6-phospho_3-hexuloisomerase_hlxB	COG0794_K08094
F3MC_carbohydrate_metabolism	F3MC_27_ketogluconate_catabolism	F3MC_27_C164_2-keto-D-gluconate_reductase	F3MC_27_C164_2-keto-D-gluconate_reductase_ghrB	COG1052_K00032
F3MC_carbohydrate_metabolism	F3MC_27_ketogluconate_catabolism	F3MC_27_C165_5-keto-D-gluconate_5-reductase	F3MC_27_C165_5-keto-D-gluconate_5-reductase_idnO	COG1028_K00046
F3MC_carbohydrate_metabolism	F3MC_27_ketogluconate_catabolism	F3MC_27_C166_L-idonate_5-dehydrogenase	F3MC_27_C166_L-idonate_5-dehydrogenase_idnD	COG1063_K00098
F3MC_carbohydrate_metabolism	F3MC_27_ketogluconate_catabolism	F3MC_27_C167_2-5-diketo-D-gluconic_acid_reductase	F3MC_27_C167_2-5-diketo-D-gluconic_acid_reductase_A_dkgA	COG0656_K06221
F3MC_carbohydrate_metabolism	F3MC_27_ketogluconate_catabolism	F3MC_27_C167_2-5-diketo-D-gluconic_acid_reductase	F3MC_27_C167_2-5-diketo-D-gluconic_acid_reductase_B_dkgB	COG0656_K06222
F3MC_carbohydrate_metabolism	F3MC_27_ketogluconate_catabolism	F3MC_27_C168_5-dehydro-4-deoxy-D-glucuronate_isomerase	F3MC_27_C168_5-dehydro-4-deoxy-D-glucuronate_isomerase_kduI	COG3717_K01815
F3MC_carbohydrate_metabolism	F3MC_27_ketogluconate_catabolism	F3MC_27_C169_2-keto-3-deoxy-D-gluconate_dehydrogenase	F3MC_27_C169_2-keto-3-deoxy-D-gluconate_dehydrogenase_kduD	COG1028_K00065
F3MC_carbohydrate_metabolism	F3MC_28_Mannosyl-D-gylcerate_catabolism	F3MC_28_C170_2-O-6-phospho-alpha-D-mannosyl-D-glycerate_hydrolase	F3MC_28_C170_2-O-6-phospho-alpha-D-mannosyl-D-glycerate_hydrolase_mngB	COG0383_K15524
F3MD_DNA_metabolism	F3MD_01_DNA_replication	F3MD_01_D001_DNA_replication_initiation_proteins	F3MD_01_D001_DNA_replication_initiation_and_elongation_protein_dnaB	COG0305_K02314
F3MD_DNA_metabolism	F3MD_01_DNA_replication	F3MD_01_D001_DNA_replication_initiation_proteins	F3MD_01_D001_DNA_replication_initiation_protein_dnaA	COG0593_K02313
F3MD_DNA_metabolism	F3MD_01_DNA_replication	F3MD_01_D001_DNA_replication_initiation_proteins	F3MD_01_D001_DNA_replication_protein_dnaC	COG1484_K02315
F3MD_DNA_metabolism	F3MD_01_DNA_replication	F3MD_01_D001_DNA_replication_initiation_proteins	F3MD_01_D001_DNA_replication_protein_dnaD	COG3935_K02086
F3MD_DNA_metabolism	F3MD_01_DNA_replication	F3MD_01_D001_DNA_replication_initiation_proteins	F3MD_01_D001_DNA_replication_protein_dnaT	28IQ3_K02317
F3MD_DNA_metabolism	F3MD_01_DNA_replication	F3MD_01_D001_DNA_replication_initiation_proteins	F3MD_01_D001_Replication_initiation_factor_nicK	COG2946_K07467
F3MD_DNA_metabolism	F3MD_01_DNA_replication	F3MD_01_D002_DNA_replication_promosomal_proteins	F3MD_01_D002_Binds_single-stranded_DNA_at_the_primosome_assembly_site_PAS_priB	COG2965_K02686
F3MD_DNA_metabolism	F3MD_01_DNA_replication	F3MD_01_D002_DNA_replication_promosomal_proteins	F3MD_01_D002_Primer_RNA_polymerase_for_DNA_replication_dnaG	COG0358_K02316
F3MD_DNA_metabolism	F3MD_01_DNA_replication	F3MD_01_D002_DNA_replication_promosomal_proteins	F3MD_01_D002_Primosomal_protein_dnaI	COG1484_K11144
F3MD_DNA_metabolism	F3MD_01_DNA_replication	F3MD_01_D002_DNA_replication_promosomal_proteins	F3MD_01_D002_Primosomal_replication_protein_priC	COG3923_K04067
F3MD_DNA_metabolism	F3MD_01_DNA_replication	F3MD_01_D003_DNA_gyrase_topoisomerase	F3MD_01_D003_A_type_II_topoisomerase_gyrA	COG0188_K02469
F3MD_DNA_metabolism	F3MD_01_DNA_replication	F3MD_01_D003_DNA_gyrase_topoisomerase	F3MD_01_D003_A_type_II_topoisomerase_gyrB	COG0187_K02470
F3MD_DNA_metabolism	F3MD_01_DNA_replication	F3MD_01_D003_DNA_gyrase_topoisomerase	F3MD_01_D003_DNA_gyrase_supercoiling_inhibitor_sbmC	COG3449_K07470
F3MD_DNA_metabolism	F3MD_01_DNA_replication	F3MD_01_D003_DNA_gyrase_topoisomerase	F3MD_01_D003_DNA_topoisomerase_type_IA_central_topA	COG0550_K03168
F3MD_DNA_metabolism	F3MD_01_DNA_replication	F3MD_01_D003_DNA_gyrase_topoisomerase	F3MD_01_D003_DNA_topoisomerase_type_IA_central_topB	COG0550_K03169
F3MD_DNA_metabolism	F3MD_01_DNA_replication	F3MD_01_D003_DNA_gyrase_topoisomerase	F3MD_01_D003_Single-stranded_DNA-binding_protein_ssb	COG0629_K03111
F3MD_DNA_metabolism	F3MD_01_DNA_replication	F3MD_01_D003_DNA_gyrase_topoisomerase	F3MD_01_D003_Topoisomerase_IV_parC	COG0188_K02621
F3MD_DNA_metabolism	F3MD_01_DNA_replication	F3MD_01_D003_DNA_gyrase_topoisomerase	F3MD_01_D003_Topoisomerase_IV_parE	COG0187_K02622
F3MD_DNA_metabolism	F3MD_01_DNA_replication	F3MD_01_D004_DNA_helicases	F3MD_01_D004_bacterial-type_proximal_promoter_sequence-specific_DNA_binding_relB	COG3077_K07473
F3MD_DNA_metabolism	F3MD_01_DNA_replication	F3MD_01_D004_DNA_helicases	F3MD_01_D004_DNA_Helicase_dnaB	COG3611_K03346
F3MD_DNA_metabolism	F3MD_01_DNA_replication	F3MD_01_D004_DNA_helicases	F3MD_01_D004_DNA_helicase_helD	COG3973_K03657
F3MD_DNA_metabolism	F3MD_01_DNA_replication	F3MD_01_D004_DNA_helicases	F3MD_01_D004_DNA_helicase_helD	COG0210_K03658
F3MD_DNA_metabolism	F3MD_01_DNA_replication	F3MD_01_D004_DNA_helicases	F3MD_01_D004_DNA_helicase_recQ	COG0514_K03654
F3MD_DNA_metabolism	F3MD_01_DNA_replication	F3MD_01_D004_DNA_helicases	F3MD_01_D004_DNA_helicase_Unwinds_branched_duplex_DNA_Y-DNA_recG	COG1200_K03655
F3MD_DNA_metabolism	F3MD_01_DNA_replication	F3MD_01_D005_DNA_replication_terminus_proteins	F3MD_01_D005_DNA_replication_terminus_site-binding_protein_Ter_protein_tus	28I61_K10748
F3MD_DNA_metabolism	F3MD_01_DNA_replication	F3MD_01_D006_DNA_packaging_and_histones	F3MD_01_D006_DNA_packaging_xtmA	COG3728_K07474
F3MD_DNA_metabolism	F3MD_01_DNA_replication	F3MD_01_D006_DNA_packaging_and_histones	F3MD_01_D006_Histone-like_DNA-binding_protein_hupA	COG0776_K05787
F3MD_DNA_metabolism	F3MD_01_DNA_replication	F3MD_01_D006_DNA_packaging_and_histones	F3MD_01_D006_Histone-like_DNA-binding_protein_hupB	COG0776_K03530
F3MD_DNA_metabolism	F3MD_01_DNA_replication	F3MD_01_D006_DNA_packaging_and_histones	F3MD_01_D006_Histone-like_nucleoid-structuring_protein_H-NS_stpA	COG2916_K03746_K11685
F3MD_DNA_metabolism	F3MD_01_DNA_replication	F3MD_01_D007_DNA_polymerases	F3MD_01_D007_DNA_polymerase_III_alpha_subunit_dnaE	COG0587_K02337
F3MD_DNA_metabolism	F3MD_01_DNA_replication	F3MD_01_D007_DNA_polymerases	F3MD_01_D007_DNA_polymerase_III_delta_subunit_holA	COG1466_K02340
F3MD_DNA_metabolism	F3MD_01_DNA_replication	F3MD_01_D007_DNA_polymerases	F3MD_01_D007_DNA_polymerase_III_epsilon_subunit_dnaQ	COG0847_K02342
F3MD_DNA_metabolism	F3MD_01_DNA_replication	F3MD_01_D007_DNA_polymerases	F3MD_01_D007_DNA_polymerase_III_psi_delta_holD	COG3050_K02344
F3MD_DNA_metabolism	F3MD_01_DNA_replication	F3MD_01_D007_DNA_polymerases	F3MD_01_D007_DNA_polymerase_III_subunit_delta_holB	COG0470_K02341
F3MD_DNA_metabolism	F3MD_01_DNA_replication	F3MD_01_D007_DNA_polymerases	F3MD_01_D007_DNA_polymerase_III_subunit_dnaX	COG2812_K02343
F3MD_DNA_metabolism	F3MD_01_DNA_replication	F3MD_01_D007_DNA_polymerases	F3MD_01_D007_DNA_polymerase_III_subunit_theta_holE	2CFYS_K02345
F3MD_DNA_metabolism	F3MD_01_DNA_replication	F3MD_01_D007_DNA_polymerases	F3MD_01_D007_DNA_polymerase_polA	COG0258_K02335
F3MD_DNA_metabolism	F3MD_01_DNA_replication	F3MD_01_D007_DNA_polymerases	F3MD_01_D007_DNA_polymerase_polB	COG0417_K02336
F3MD_DNA_metabolism	F3MD_01_DNA_replication	F3MD_01_D007_DNA_polymerases	F3MD_01_D007_DNA_polymerase_polC	COG2176_K03763
F3MD_DNA_metabolism	F3MD_01_DNA_replication	F3MD_01_D007_DNA_polymerases	F3MD_01_D007_DNA_polymerase_umuC	COG0389_K03502
F3MD_DNA_metabolism	F3MD_01_DNA_replication	F3MD_01_D007_DNA_polymerases	F3MD_01_D007_exonuclease_RNase_T_and_DNA_polymerase_III_exoX	COG0847_K10857
F3MD_DNA_metabolism	F3MD_02_DNA_degradation	F3MD_02_D008_DNA_exonucleases	F3MD_02_D008_3-to-5_exoribonuclease_specific_for_small_oligoribonucleotides_orn	COG1949_K13288
F3MD_DNA_metabolism	F3MD_02_DNA_degradation	F3MD_02_D008_DNA_exonucleases	F3MD_02_D008_Enterobacterial_exodeoxyribonuclease_VIII_recE	COG0847_K10906
F3MD_DNA_metabolism	F3MD_02_DNA_degradation	F3MD_02_D008_DNA_exonucleases	F3MD_02_D008_Exodeoxyribonuclease_III_xthA	COG0708_K01142
F3MD_DNA_metabolism	F3MD_02_DNA_degradation	F3MD_02_D008_DNA_exonucleases	F3MD_02_D008_exodeoxyribonuclease_VII_activity_xseA	COG1570_K03601
F3MD_DNA_metabolism	F3MD_02_DNA_degradation	F3MD_02_D008_DNA_exonucleases	F3MD_02_D008_exodeoxyribonuclease_VII_activity_xseB	COG1722_K03602
F3MD_DNA_metabolism	F3MD_02_DNA_degradation	F3MD_02_D008_DNA_exonucleases	F3MD_02_D008_Exonuclease_sbcB	COG2925_K01141
F3MD_DNA_metabolism	F3MD_02_DNA_degradation	F3MD_02_D008_DNA_exonucleases	F3MD_02_D008_exonuclease_sbcC	COG0419_K03546
F3MD_DNA_metabolism	F3MD_02_DNA_degradation	F3MD_02_D008_DNA_exonucleases	F3MD_02_D008_Nuclease_subunit_of_the_excinuclease_complex_cho	COG0322_K05984
F3MD_DNA_metabolism	F3MD_02_DNA_degradation	F3MD_02_D009_DNA_endonucleases	F3MD_02_D009_ATP-Dependent_Endonuclease_ybjD	COG3593_K07459
F3MD_DNA_metabolism	F3MD_02_DNA_degradation	F3MD_02_D009_DNA_endonucleases	F3MD_02_D009_Endonuclease_I_endA	COG2356_K01150
F3MD_DNA_metabolism	F3MD_02_DNA_degradation	F3MD_02_D009_DNA_endonucleases	F3MD_02_D009_endonuclease_III_nth2	COG2231_K07457
F3MD_DNA_metabolism	F3MD_02_DNA_degradation	F3MD_02_D009_DNA_endonucleases	F3MD_02_D009_Endonuclease_rnhB	COG0164_K03470
F3MD_DNA_metabolism	F3MD_02_DNA_degradation	F3MD_02_D009_DNA_endonucleases	F3MD_02_D009_Endonuclease_rnhC	COG1039_K03471
F3MD_DNA_metabolism	F3MD_02_DNA_degradation	F3MD_02_D010_DNA_photolyases	F3MD_02_D010_DNA_photolyase_phrB	COG0415_K01669
F3MD_DNA_metabolism	F3MD_02_DNA_degradation	F3MD_02_D011_single_stranded_DNA_exonucleases	F3MD_02_D011_single-stranded-DNA-specific_exonuclease_RecJ_recJ	COG0608_K07462
F3MD_DNA_metabolism	F3MD_02_DNA_degradation	F3MD_02_D012_DNA_general_nucleases	F3MD_02_D012_endonuclease_exonuclease_phosphatase_family_protein_rgfB	COG3568_K06896
F3MD_DNA_metabolism	F3MD_02_DNA_degradation	F3MD_02_D012_DNA_general_nucleases	F3MD_02_D012_Mg-dependent_DNase_tatD	COG0084_K03424
F3MD_DNA_metabolism	F3MD_03_DNA_modification_restriction	F3MD_03_D013_DNA_general_methylases	F3MD_03_D013_DNA_methylase_mod	COG2189_K07316
F3MD_DNA_metabolism	F3MD_03_DNA_modification_restriction	F3MD_03_D013_DNA_general_methylases	F3MD_03_D013_methylated_DNA-protein_cysteine_methyltransferase_ybaZ	COG3695_K07443
F3MD_DNA_metabolism	F3MD_03_DNA_modification_restriction	F3MD_03_D013_DNA_general_methylases	F3MD_03_D013_Methylpurine-DNA_glycosylase_MPG_yxlJ	COG2094_K03652
F3MD_DNA_metabolism	F3MD_03_DNA_modification_restriction	F3MD_03_D013_DNA_general_methylases	F3MD_03_D013_Methyltransferase_domain_wxcB	COG0515_K18827
F3MD_DNA_metabolism	F3MD_03_DNA_modification_restriction	F3MD_03_D014_DNA_cytosine_methylases	F3MD_03_D014_5-methylcytosine-specific_restriction_enzyme_mcrA	COG1403_K07451
F3MD_DNA_metabolism	F3MD_03_DNA_modification_restriction	F3MD_03_D014_DNA_cytosine_methylases	F3MD_03_D014_C-5_cytosine-specific_DNA_methylase_dcm	COG0270_K00558
F3MD_DNA_metabolism	F3MD_03_DNA_modification_restriction	F3MD_03_D015_DNA_guanine_methylases	F3MD_03_D015_6-O-methylguanine_DNA_methyltransferase_DNA_binding_domain_ada	COG0350_K10778
F3MD_DNA_metabolism	F3MD_03_DNA_modification_restriction	F3MD_03_D015_DNA_guanine_methylases	F3MD_03_D015_6-O-methylguanine_DNA_methyltransferase_DNA_binding_domain_adaB	COG0350_K00567_K10778_K13531
F3MD_DNA_metabolism	F3MD_03_DNA_modification_restriction	F3MD_03_D016_DNA_adenine_methylases	F3MD_03_D016_3-methyladenine_DNA_glycosylase_tag	COG2818_K01246
F3MD_DNA_metabolism	F3MD_03_DNA_modification_restriction	F3MD_03_D016_DNA_adenine_methylases	F3MD_03_D016_Adenine_specific_DNA_methylase_Mod_mod	COG2189_K00571_K07316
F3MD_DNA_metabolism	F3MD_03_DNA_modification_restriction	F3MD_03_D016_DNA_adenine_methylases	F3MD_03_D016_Adenine-specific_DNA_methylase_ytxK	COG0827_K00571
F3MD_DNA_metabolism	F3MD_03_DNA_modification_restriction	F3MD_03_D016_DNA_adenine_methylases	F3MD_03_D016_Site-specific_DNA-methyltransferase_Adenine-specific_dpnM	COG0338_K06223
F3MD_DNA_metabolism	F3MD_03_DNA_modification_restriction	F3MD_03_D017_DNA_restriction_enzymes	F3MD_03_D017_Restriction_endonuclease_mrr	COG1715_K07448
F3MD_DNA_metabolism	F3MD_03_DNA_modification_restriction	F3MD_03_D017_DNA_restriction_enzymes	F3MD_03_D017_type_I_site-specific_deoxyribonuclease_activity_hsdR	COG4096_K01153
F3MD_DNA_metabolism	F3MD_03_DNA_modification_restriction	F3MD_03_D017_DNA_restriction_enzymes	F3MD_03_D017_type_I_site-specific_restriction_enzyme_hsdS	COG0732_K01154
F3MD_DNA_metabolism	F3MD_03_DNA_modification_restriction	F3MD_03_D017_DNA_restriction_enzymes	F3MD_03_D017_type_III_restriction_protein_res_subunit_yejH	COG1061_K19789
F3MD_DNA_metabolism	F3MD_04_DNA_damage_repair	F3MD_04_D018_DNA_oxydative_damage_repair_system_mut	F3MD_04_D018_DNA_glycosylase_mutY	COG1194_K03575
F3MD_DNA_metabolism	F3MD_04_DNA_damage_repair	F3MD_04_D018_DNA_oxydative_damage_repair_system_mut	F3MD_04_D018_DNA_mismatch_repair_mutH	COG3066_K03573
F3MD_DNA_metabolism	F3MD_04_DNA_damage_repair	F3MD_04_D018_DNA_oxydative_damage_repair_system_mut	F3MD_04_D018_DNA_mismatch_repair_mutL	COG0323_K03572
F3MD_DNA_metabolism	F3MD_04_DNA_damage_repair	F3MD_04_D018_DNA_oxydative_damage_repair_system_mut	F3MD_04_D018_DNA_mismatch_repair_mutS	COG0249_K03555
F3MD_DNA_metabolism	F3MD_04_DNA_damage_repair	F3MD_04_D018_DNA_oxydative_damage_repair_system_mut	F3MD_04_D018_DNA_oxidative_damage_mismatch_repair_mutT	COG0494_K03574
F3MD_DNA_metabolism	F3MD_04_DNA_damage_repair	F3MD_04_D018_DNA_oxydative_damage_repair_system_mut	F3MD_04_D018_NTP_pyrophosphohydrolases_including_oxidative_damage_repair_enzymes_nudE	COG0494_K08312
F3MD_DNA_metabolism	F3MD_04_DNA_damage_repair	F3MD_04_D019_DNA_UV_damage_repair_system_uvr	F3MD_04_D019_ATP-dependent_DNA_helicase_pcrA_uvrD	COG0210_K03657
F3MD_DNA_metabolism	F3MD_04_DNA_damage_repair	F3MD_04_D019_DNA_UV_damage_repair_system_uvr	F3MD_04_D019_UV_damage_repair_endonuclease_uvsE	COG4294_K13281
F3MD_DNA_metabolism	F3MD_04_DNA_damage_repair	F3MD_04_D019_DNA_UV_damage_repair_system_uvr	F3MD_04_D019_UvrABC_repair_system_uvrA	COG0178_K03701
F3MD_DNA_metabolism	F3MD_04_DNA_damage_repair	F3MD_04_D019_DNA_UV_damage_repair_system_uvr	F3MD_04_D019_UvrABC_repair_system_uvrB	COG0556_K03702
F3MD_DNA_metabolism	F3MD_04_DNA_damage_repair	F3MD_04_D019_DNA_UV_damage_repair_system_uvr	F3MD_04_D019_UvrABC_repair_system_uvrC	COG0322_K03703
F3MD_DNA_metabolism	F3MD_04_DNA_damage_repair	F3MD_04_D020_DNA_general_repair_systems	F3MD_04_D020_Bifunctional_regulatory_protein_DNA_repair_protein_ada	COG0350_K00567_K10778
F3MD_DNA_metabolism	F3MD_04_DNA_damage_repair	F3MD_04_D020_DNA_general_repair_systems	F3MD_04_D020_Damage_induced_DNA_polymerase_dnaE2	COG0587_K14162
F3MD_DNA_metabolism	F3MD_04_DNA_damage_repair	F3MD_04_D020_DNA_general_repair_systems	F3MD_04_D020_DNA_damage_SOS_response_regulator_lexA	COG1974_K01356
F3MD_DNA_metabolism	F3MD_04_DNA_damage_repair	F3MD_04_D020_DNA_general_repair_systems	F3MD_04_D020_DNA_repair_exonuclease_yhaO	COG0420_K03547
F3MD_DNA_metabolism	F3MD_04_DNA_damage_repair	F3MD_04_D020_DNA_general_repair_systems	F3MD_04_D020_helicase_involved_in_DNA_repair_and_perhaps_also_replication_dinG	COG0847_K03722
F3MD_DNA_metabolism	F3MD_04_DNA_damage_repair	F3MD_04_D020_DNA_general_repair_systems	F3MD_04_D020_Uracil-DNA_glycosylase_UDG_superfamily_mug	COG3663_K03649
F3MD_DNA_metabolism	F3MD_04_DNA_damage_repair	F3MD_04_D020_DNA_general_repair_systems	F3MD_04_D020_Uracil-DNA_glycosylase_ung	COG0692_K03648
F3MD_DNA_metabolism	F3MD_05_DNA_homologous_recombination	F3MD_05_D021_Holliday_junction_helicase_ruv	F3MD_05_D021_Holliday_junction_helicase_ruvA	COG0632_K03550
F3MD_DNA_metabolism	F3MD_05_DNA_homologous_recombination	F3MD_05_D021_Holliday_junction_helicase_ruv	F3MD_05_D021_Holliday_junction_helicase_ruvB	COG2255_K03551
F3MD_DNA_metabolism	F3MD_05_DNA_homologous_recombination	F3MD_05_D022_DNA_recombinases	F3MD_05_D022_homologous_single-stranded_DNA_recombinase_recA	COG0468_K03553
F3MD_DNA_metabolism	F3MD_05_DNA_homologous_recombination	F3MD_05_D022_DNA_recombinases	F3MD_05_D022_Recombinase_RarA_rarA	COG2256_K07478
F3MD_DNA_metabolism	F3MD_05_DNA_homologous_recombination	F3MD_05_D022_DNA_recombinases	F3MD_05_D022_Recombinase_zinc_beta_ribbon_domain_int	COG1961_K06400
F3MD_DNA_metabolism	F3MD_05_DNA_homologous_recombination	F3MD_05_D022_DNA_recombinases	F3MD_05_D022_Site-specific_recombinases_DNA_invertase_Pin_homologs_hin	COG1961_K14060
F3MD_DNA_metabolism	F3MD_05_DNA_homologous_recombination	F3MD_05_D023_DNA_ligases	F3MD_05_D023_DNA_ligase_lig2	COG1793_K10747
F3MD_DNA_metabolism	F3MD_05_DNA_homologous_recombination	F3MD_05_D023_DNA_ligases	F3MD_05_D023_DNA_ligase_ligA	COG0272_K01972
F3MD_DNA_metabolism	F3MD_05_DNA_homologous_recombination	F3MD_05_D023_DNA_ligases	F3MD_05_D023_DNA_ligase_ligD	COG0708_K01971
F3MD_DNA_metabolism	F3MD_05_DNA_homologous_recombination	F3MD_05_D024_site-specific_DNA_resolvases	F3MD_05_D024_DNA_recombination_recN	COG0497_K03631
F3MD_DNA_metabolism	F3MD_05_DNA_homologous_recombination	F3MD_05_D024_site-specific_DNA_resolvases	F3MD_05_D024_DNA_recombination_recU	COG3331_K03700
F3MD_DNA_metabolism	F3MD_05_DNA_homologous_recombination	F3MD_05_D025_DNA_recombination_and_repair_helicases	F3MD_05_D025_ATP-dependent_helicase_nuclease_subunit_A_addA	COG1074_K16898
F3MD_DNA_metabolism	F3MD_05_DNA_homologous_recombination	F3MD_05_D025_DNA_recombination_and_repair_helicases	F3MD_05_D025_DNA_recombination_and_repair_helicase_recB	COG1074_K03582
F3MD_DNA_metabolism	F3MD_05_DNA_homologous_recombination	F3MD_05_D025_DNA_recombination_and_repair_helicases	F3MD_05_D025_DNA_recombination_and_repair_helicase_recC	COG1330_K03583
F3MD_DNA_metabolism	F3MD_05_DNA_homologous_recombination	F3MD_05_D025_DNA_recombination_and_repair_helicases	F3MD_05_D025_DNA_recombination_and_repair_helicase_recF	COG1195_K03629
F3MD_DNA_metabolism	F3MD_05_DNA_homologous_recombination	F3MD_05_D025_DNA_recombination_and_repair_helicases	F3MD_05_D025_DNA_recombination_and_repair_helicase_recO	COG1381_K03584
F3MD_DNA_metabolism	F3MD_05_DNA_homologous_recombination	F3MD_05_D025_DNA_recombination_and_repair_helicases	F3MD_05_D025_DNA-dependent_ATPase_and_ATP-dependent_helicase_recD2	COG0507_K03581
F3MD_DNA_metabolism	F3MD_05_DNA_homologous_recombination	F3MD_05_D025_DNA_recombination_and_repair_helicases	F3MD_05_D025_helicase_superfamily_c-terminal_domain_rhlE	COG0513_K11927
F3MD_DNA_metabolism	F3MD_06_DNA_integration_CRISPR_system	F3MD_05_D026_DNA_integration_CRISPR_nucleases	F3MD_05_D026_CRISPR_associated_endoribonuclease_cas6	COG1583_K19091
F3MD_DNA_metabolism	F3MD_06_DNA_integration_CRISPR_system	F3MD_05_D026_DNA_integration_CRISPR_nucleases	F3MD_05_D026_CRISPR_associated_RecB_family_exonuclease_cas4	COG1468_K07464
F3MD_DNA_metabolism	F3MD_06_DNA_integration_CRISPR_system	F3MD_05_D026_DNA_integration_CRISPR_nucleases	F3MD_05_D026_CRISPR_dsDNA_endonuclease_for_integration_of_spacer_DNA_into_the_CRISPR_cassette_cas1	COG1518_K15342
F3MD_DNA_metabolism	F3MD_06_DNA_integration_CRISPR_system	F3MD_05_D026_DNA_integration_CRISPR_nucleases	F3MD_05_D026_CRISPR_ssRNA-specific_endoribonuclease_cas2	COG3512_K09951
F3MD_DNA_metabolism	F3MD_06_DNA_integration_CRISPR_system	F3MD_05_D026_DNA_integration_CRISPR_nucleases	F3MD_05_D026_CRISPR-associated_endonuclease_Cas_Csy4_cas6f	2CJUF_K19130
F3MD_DNA_metabolism	F3MD_06_DNA_integration_CRISPR_system	F3MD_05_D027_DNA_integration_CRISPR_helicase	F3MD_05_D027_CRISPR-associated_helicase_cas3	COG1203_K07012
F3MD_DNA_metabolism	F3MD_06_DNA_integration_CRISPR_system	F3MD_05_D028_DNA_integration_CRISPR_associated_proteins	F3MD_05_D028_CRISPR-associated_protein_Cas7	COG3649_K19115_K19118
F3MD_DNA_metabolism	F3MD_06_DNA_integration_CRISPR_system	F3MD_05_D028_DNA_integration_CRISPR_associated_proteins	F3MD_05_D028_CRISPR-associated_system_Cascade_subunit_casC	COG1857_K19124
F3MD_DNA_metabolism	F3MD_07_DNA_competence_system	F3MD_05_D029_DNA_competence_complex_com	F3MD_05_D029_Competence_comK	COG4903_K02250
F3MD_DNA_metabolism	F3MD_07_DNA_competence_system	F3MD_05_D029_DNA_competence_complex_com	F3MD_05_D029_Competence_DEAD-like_helicases_superfamily_comFA	COG4098_K02240
F3MD_DNA_metabolism	F3MD_07_DNA_competence_system	F3MD_05_D029_DNA_competence_complex_com	F3MD_05_D029_Competence_protein_ComEA_comEA	COG1555_K02237
F3MD_DNA_metabolism	F3MD_07_DNA_competence_system	F3MD_05_D029_DNA_competence_complex_com	F3MD_05_D029_Competence_protein_comFC	COG1040_K02242
F3MD_DNA_metabolism	F3MD_07_DNA_competence_system	F3MD_05_D029_DNA_competence_complex_com	F3MD_05_D029_Competence_protein_comGF	COG4940_K02248
F3MD_DNA_metabolism	F3MD_07_DNA_competence_system	F3MD_05_D029_DNA_competence_complex_com	F3MD_05_D029_Competence_protein_for_transformation_and_DNA_binding_comGC	COG4537_K02245
F3MD_DNA_metabolism	F3MD_07_DNA_competence_system	F3MD_05_D029_DNA_competence_complex_com	F3MD_05_D029_Thin_aggregative_fimbriae_synthesis_protein_csgC	2CHEZ_K04336
F3MD_DNA_metabolism	F3MD_07_DNA_competence_system	F3MD_05_D029_DNA_competence_complex_com	F3MD_05_D029_Type_II_IV_secretion_system_protein_comGA	COG2804_K02243
F3MD_DNA_metabolism	F3MD_07_DNA_competence_system	F3MD_05_D029_DNA_competence_complex_com	F3MD_05_D029_type_II_secretion_system_comGB	COG1459_K02244
F3MD_DNA_metabolism	F3MD_07_DNA_competence_system	F3MD_05_D029_DNA_competence_complex_com	F3MD_05_D029_Type_II_secretory_pathway_pseudopilin_PulG_comGD	COG4970_K02246
F3MD_DNA_metabolism	F3MD_07_DNA_competence_system	F3MD_05_D029_DNA_competence_complex_com	F3MD_05_D029_Type_IV_leader_peptidase_family_comC	COG1989_K02236_K02654
F3ME_ATP_biosynthesis	F3ME_01_F-type_H+-transporting_ATPase	F3ME_01_E001_F-type_H+_Na+-transporting_ATPase	F3ME_01_E001_F-type_H+_Na+-transporting_ATPase_subunit_alpha_atpA	COG0056_K02111
F3ME_ATP_biosynthesis	F3ME_01_F-type_H+-transporting_ATPase	F3ME_01_E001_F-type_H+_Na+-transporting_ATPase	F3ME_01_E001_F-type_H+_Na+-transporting_ATPase_subunit_beta_atpD	COG0055_K02112
F3ME_ATP_biosynthesis	F3ME_01_F-type_H+-transporting_ATPase	F3ME_01_E001_F-type_H+_Na+-transporting_ATPase	F3ME_01_E001_F-type_H+-transporting_ATPase_subunit_a_atpB	COG0356_K02108
F3ME_ATP_biosynthesis	F3ME_01_F-type_H+-transporting_ATPase	F3ME_01_E001_F-type_H+_Na+-transporting_ATPase	F3ME_01_E001_F-type_H+-transporting_ATPase_subunit_b_atpF	COG0711_K02109
F3ME_ATP_biosynthesis	F3ME_01_F-type_H+-transporting_ATPase	F3ME_01_E001_F-type_H+_Na+-transporting_ATPase	F3ME_01_E001_F-type_H+-transporting_ATPase_subunit_delta_atpH	COG0712_K02113
F3ME_ATP_biosynthesis	F3ME_01_F-type_H+-transporting_ATPase	F3ME_01_E001_F-type_H+_Na+-transporting_ATPase	F3ME_01_E001_F-type_H+-transporting_ATPase_subunit_epsilon_atpC	COG0355_K02114
F3ME_ATP_biosynthesis	F3ME_01_F-type_H+-transporting_ATPase	F3ME_01_E001_F-type_H+_Na+-transporting_ATPase	F3ME_01_E001_F-type_H+-transporting_ATPase_subunit_gamma_atpG	COG0224_K02115
F3ME_ATP_biosynthesis	F3ME_01_F-type_H+-transporting_ATPase	F3ME_02_E002_F-type_H+_Na+-transporting_ATPase	F3ME_02_E002_F-type_H+-transporting_ATPase_subunit_c_atpE	COG0636_K02110
F3ME_ATP_biosynthesis	F3ME_02_V_A-type_H+_Na+-transporting_ATPase	F3ME_02_E002_V_A-type_H+_Na+-transporting_ATPase	F3ME_02_E002_V_A-type_H+_Na+-transporting_ATPase_subunit_A_ntpA	COG1155_K02117
F3ME_ATP_biosynthesis	F3ME_02_V_A-type_H+_Na+-transporting_ATPase	F3ME_02_E002_V_A-type_H+_Na+-transporting_ATPase	F3ME_02_E002_V_A-type_H+_Na+-transporting_ATPase_subunit_B_ntpB	COG1156_K02118
F3ME_ATP_biosynthesis	F3ME_02_V_A-type_H+_Na+-transporting_ATPase	F3ME_02_E002_V_A-type_H+_Na+-transporting_ATPase	F3ME_02_E002_V_A-type_H+_Na+-transporting_ATPase_subunit_C_ntpC	COG1527_K02119
F3ME_ATP_biosynthesis	F3ME_02_V_A-type_H+_Na+-transporting_ATPase	F3ME_02_E002_V_A-type_H+_Na+-transporting_ATPase	F3ME_02_E002_V_A-type_H+_Na+-transporting_ATPase_subunit_D_ntpD	COG1394_K02120
F3ME_ATP_biosynthesis	F3ME_02_V_A-type_H+_Na+-transporting_ATPase	F3ME_02_E002_V_A-type_H+_Na+-transporting_ATPase	F3ME_02_E002_V_A-type_H+_Na+-transporting_ATPase_subunit_E_ntpE	COG1390_K02121
F3ME_ATP_biosynthesis	F3ME_02_V_A-type_H+_Na+-transporting_ATPase	F3ME_02_E002_V_A-type_H+_Na+-transporting_ATPase	F3ME_02_E002_V_A-type_H+_Na+-transporting_ATPase_subunit_F_ntpF	COG01436_K02122
F3ME_ATP_biosynthesis	F3ME_02_V_A-type_H+_Na+-transporting_ATPase	F3ME_02_E002_V_A-type_H+_Na+-transporting_ATPase	F3ME_02_E002_V_A-type_H+_Na+-transporting_ATPase_subunit_I_ntpI	COG1269_K02123
F3ME_ATP_biosynthesis	F3ME_02_V_A-type_H+_Na+-transporting_ATPase	F3ME_02_E002_V_A-type_H+_Na+-transporting_ATPase	F3ME_02_E002_V_A-type_H+_Na+-transporting_ATPase_subunit_K_ntpK	COG0511_K02124
F3MF_cofactors_metabolism	F3MF_01_thiamine_biosynthesis	F3MF_01_F001_Sulfur_carrier_protein_ThiS_adenylyltransferase	F3MF_01_F001_Sulfur_carrier_protein_ThiS_adenylyltransferase_thiF	COG0476_K03148
F3MF_cofactors_metabolism	F3MF_01_thiamine_biosynthesis	F3MF_01_F002_tRNA_uridine_4-sulfurtransferase	F3MF_01_F002_tRNA_uridine_4-sulfurtransferase_thiI	COG0301_K03151
F3MF_cofactors_metabolism	F3MF_01_thiamine_biosynthesis	F3MF_01_F004_1-deoxy-D-xylulose_5-phosphate:thiol_sulfurtransferase	F3MF_01_F004_1-deoxy-D-xylulose_5-phosphate:thiol_sulfurtransferase_thiG	COG2022_K03149
F3MF_cofactors_metabolism	F3MF_01_thiamine_biosynthesis	F3MF_01_F005_Glycine_oxidase	F3MF_01_F005_Glycine_oxidase_thiO	COG0665_K03153
F3MF_cofactors_metabolism	F3MF_01_thiamine_biosynthesis	F3MF_01_F006_2-iminoacetate_synthase	F3MF_01_F006_2-iminoacetate_synthase_thiH	COG0502_K03150
F3MF_cofactors_metabolism	F3MF_01_thiamine_biosynthesis	F3MF_01_F007_Hydroxymethylpyrimidine_kinase_phosphomethylpyrimidine_kinase	F3MF_01_F007_Hydroxymethylpyrimidine_kinase_phosphomethylpyrimidine_kinase_thiD	COG0351_K00941
F3MF_cofactors_metabolism	F3MF_01_thiamine_biosynthesis	F3MF_01_F007_Hydroxymethylpyrimidine_kinase_phosphomethylpyrimidine_kinase	F3MF_01_F007_Bi-functional_Hydroxymethylpyrimidine_kinase_phosphomethylpyrimidine_kinase_pdxK_thiD	COG0351_K00868
F3MF_cofactors_metabolism	F3MF_01_thiamine_biosynthesis	F3MF_01_F008_Thiamine_phosphate_synthase	F3MF_01_F008_Thiamine_phosphate_synthase_thiE	COG0352_K00788
F3MF_cofactors_metabolism	F3MF_01_thiamine_biosynthesis	F3MF_01_F009_Thiamine_monophosphate_kinase	F3MF_01_F009_Thiamine_monophosphate_kinase_thiL	COG0611_K00946
F3MF_cofactors_metabolism	F3MF_01_thiamine_biosynthesis	F3MF_01_F010_Hydroxyethylthiazole_kinase	F3MF_01_F010_Hydroxyethylthiazole_kinase_thiM	COG2145_K00878
F3MF_cofactors_metabolism	F3MF_01_thiamine_biosynthesis	F3MF_01_F011_Thiamine_diphosphokinase	F3MF_01_F011_Thiamine_diphosphokinase_thiN	COG1564_K00949
F3MF_cofactors_metabolism	F3MF_01_thiamine_biosynthesis	F3MF_01_F012_Thiamine_biosynthesis_protein	F3MF_01_F012_Thiamine_biosynthesis_protein_thiS	COG2104_K03154
F3MF_cofactors_metabolism	F3MF_01_thiamine_biosynthesis	F3MF_01_F013_Phosphomethylpyrimidine_synthase	F3MF_01_F013_Phosphomethylpyrimidine_synthase_thiC	COG0422_K03147
F3MF_cofactors_metabolism	F3MF_01_thiamine_biosynthesis	F3MF_01_F014_Thiamine_kinase	F3MF_01_F014_Thiamine_kinase_thiK	COG0510_K07251
F3MF_cofactors_metabolism	F3MF_01_thiamine_biosynthesis	F3MF_01_F135_Thiaminase	F3MF_01_F135_Thiaminase_tenA	COG0819_K03707
F3MF_cofactors_metabolism	F3MF_02_riboflavin_biosynthesis	F3MF_02_F015_Fused_GTP_cyclohydrolase_2-butanone-4-P_synthase	F3MF_02_F015_3-4-dihydroxy-2-butanone-4-phosphate_synthase_ribB	COG0108_K02858
F3MF_cofactors_metabolism	F3MF_02_riboflavin_biosynthesis	F3MF_02_F015_Fused_GTP_cyclohydrolase_2-butanone-4-P_synthase	F3MF_02_F015_Fused_GTP_cyclohydrolase_2-butanone-4-P_synthase_ribBA	COG0108_K14652
F3MF_cofactors_metabolism	F3MF_02_riboflavin_biosynthesis	F3MF_02_F015_Fused_GTP_cyclohydrolase_2-butanone-4-P_synthase	F3MF_02_F015_GTP_cyclohydrolase_ribA	COG0807_K01497
F3MF_cofactors_metabolism	F3MF_02_riboflavin_biosynthesis	F3MF_02_F017_Fused_diaminohydroxyphosphoribosylaminopyrimidine_deaminase_5-amino-6-5-phosphoribosylamino_uracil_reductase	F3MF_02_F017_Fused_diaminohydroxyphosphoribosylaminopyrimidine_deaminase_5-amino-6-5-phosphoribosylamino_uracil_reductase_ribD	COG0117_K11752
F3MF_cofactors_metabolism	F3MF_02_riboflavin_biosynthesis	F3MF_02_F018_5-amino-6-5-phospho-D-ribitylamino-uracil_phosphatase	F3MF_02_F018_5-amino-6-5-phospho-D-ribitylamino-uracil_phosphatase_ycsE	COG0561_K21064
F3MF_cofactors_metabolism	F3MF_02_riboflavin_biosynthesis	F3MF_02_F018_5-amino-6-5-phospho-D-ribitylamino-uracil_phosphatase	F3MF_02_F018_5-amino-6-5-phospho-D-ribitylamino-uracil_phosphatase_ycsE	COG0561_K20861
F3MF_cofactors_metabolism	F3MF_02_riboflavin_biosynthesis	F3MF_02_F018_5-amino-6-5-phospho-D-ribitylamino-uracil_phosphatase	F3MF_02_F018_5-amino-6-5-phospho-D-ribitylamino-uracil_phosphatase_ycsE	COG1011_K20862
F3MF_cofactors_metabolism	F3MF_02_riboflavin_biosynthesis	F3MF_02_F019_6-7-dimethyl-8-ribityllumazine_synthase	F3MF_02_F019_6-7-dimethyl-8-ribityllumazine_synthase_ribH	COG0054_K00794
F3MF_cofactors_metabolism	F3MF_02_riboflavin_biosynthesis	F3MF_02_F020_Riboflavin_synthase	F3MF_02_F020_Riboflavin_synthase_ribE	COG0307_K00793
F3MF_cofactors_metabolism	F3MF_02_riboflavin_biosynthesis	F3MF_02_F021_Bifunctional_riboflavin_kinase_FMN_adenylyltransferase	F3MF_02_F021_Bifunctional_riboflavin_kinase_FMN_adenylyltransferase_ribF	COG0196_K11753
F3MF_cofactors_metabolism	F3MF_02_riboflavin_biosynthesis	F3MF_02_F137_FMNH2_reductase	F3MF_02_F137_FMNH2_reductase_ssuE	COG0431_K00299
F3MF_cofactors_metabolism	F3MF_03_pyridoxal_biosynthesis	F3MF_03_F016_Pyridoxal_5-phosphate_synthase	F3MF_03_F016_Pyridoxal_5-phosphate_synthase_pdxS_subunit	COG0214_K06215
F3MF_cofactors_metabolism	F3MF_03_pyridoxal_biosynthesis	F3MF_03_F016_Pyridoxal_5-phosphate_synthase	F3MF_03_F016_Pyridoxal_5-phosphate_synthase_pdxT_subunit	COG0311_K08681
F3MF_cofactors_metabolism	F3MF_03_pyridoxal_biosynthesis	F3MF_03_F022_D-erythrose-4-phosphate_dehydrogenase	F3MF_03_F022_D-erythrose-4-phosphate_dehydrogenase_epd	COG0057_K03472
F3MF_cofactors_metabolism	F3MF_03_pyridoxal_biosynthesis	F3MF_03_F023_Erythronate-4-phosphate_dehydrogenase	F3MF_03_F023_Erythronate-4-phosphate_dehydrogenase_pdxB	COG0111_K03473
F3MF_cofactors_metabolism	F3MF_03_pyridoxal_biosynthesis	F3MF_03_F024_4-hydroxythreonine-4-phosphate_dehydrogenase	F3MF_03_F024_4-hydroxythreonine-4-phosphate_dehydrogenase_pdxA	COG1995_K00097
F3MF_cofactors_metabolism	F3MF_03_pyridoxal_biosynthesis	F3MF_03_F025_1-deoxy-D-xylulose-5-phosphate_synthase	F3MF_03_F025_1-deoxy-D-xylulose-5-phosphate_synthase_dxs	COG1154_K01662
F3MF_cofactors_metabolism	F3MF_03_pyridoxal_biosynthesis	F3MF_03_F026_Pyridoxine_5-phosphate_synthase	F3MF_03_F026_Pyridoxine_5-phosphate_synthase_pdxJ	COG0854_K03474
F3MF_cofactors_metabolism	F3MF_03_pyridoxal_biosynthesis	F3MF_03_F027_Pyridoxine_5-phosphate_oxidase_pyridoxamine_5-phosphate_oxidase	F3MF_03_F027_Pyridoxine_5-phosphate_oxidase_pyridoxamine_5-phosphate_oxidase_pdxH	COG0259_K00275
F3MF_cofactors_metabolism	F3MF_03_pyridoxal_biosynthesis	F3MF_03_F028_Phosphomethylpyrimidine_kinase	F3MF_03_F028_Phosphomethylpyrimidine_kinase_pdxK	COG2240_K00868
F3MF_cofactors_metabolism	F3MF_04_NAD_biosynthesis	F3MF_04_F029_L-aspartate_oxidase	F3MF_04_F029_L-aspartate_oxidase_nadB	COG0029_K00278
F3MF_cofactors_metabolism	F3MF_04_NAD_biosynthesis	F3MF_04_F030_Quinolinate_synthase	F3MF_04_F030_Quinolinate_synthase_nadA	COG0379_K03517
F3MF_cofactors_metabolism	F3MF_04_NAD_biosynthesis	F3MF_04_F031_Quinolinate_phosphoribosyltransferase_decarboxylating	F3MF_04_F031_Quinolinate_phosphoribosyltransferase_decarboxylating_nadC	COG0157_K00767
F3MF_cofactors_metabolism	F3MF_04_NAD_biosynthesis	F3MF_04_F032_Nicotinate-nucleotide_adenylyltransferase	F3MF_04_F032_Nicotinate-nucleotide_adenylyltransferase_nadD	COG1057_K00969
F3MF_cofactors_metabolism	F3MF_04_NAD_biosynthesis	F3MF_04_F033_NH3-dependent_NAD+_synthetase	F3MF_04_F033_NH3-dependent_NAD+_synthetase_nadE	COG0171_K01916

F3MF_cofactors_metabolism	F3MF_04_NAD_biosynthesis	F3MF_04_F034_NAD_kinase	F3MF_04_F034_NAD_kinase_nadK	COG0061_K00858
F3MF_cofactors_metabolism	F3MF_04_NAD_biosynthesis	F3MF_04_F035_Nicotinate_phosphoribosyltransferase	F3MF_04_F035_Nicotinate_phosphoribosyltransferase_pcnB	COG1488_K00763
F3MF_cofactors_metabolism	F3MF_04_NAD_biosynthesis	F3MF_04_F036_Nicotinamidase	F3MF_04_F036_Nicotinamidase_pncA	COG1335_K08281
F3MF_cofactors_metabolism	F3MF_04_NAD_biosynthesis	F3MF_04_F119_Nicotinamide_phosphoribosyltransferase	F3MF_04_F119_Nicotinamide_phosphoribosyltransferase_namPT	COG1488_K03462
F3MF_cofactors_metabolism	F3MF_05_panthotenate_CoenzymeA_biosynthesis	F3MF_05_F037_3-methyl-2-oxobutanoate_hydroxymethyltransferase	F3MF_05_F037_3-methyl-2-oxobutanoate_hydroxymethyltransferase_panB	COG0413_K00606
F3MF_cofactors_metabolism	F3MF_05_panthotenate_CoenzymeA_biosynthesis	F3MF_05_F038_2-dehydropantoate_2-reductase	F3MF_05_F038_2-dehydropantoate_2-reductase_panE	COG1893_K00077
F3MF_cofactors_metabolism	F3MF_05_panthotenate_CoenzymeA_biosynthesis	F3MF_05_F039_Pantothenate_synthetase	F3MF_05_F039_Pantothenate_synthetase_panC	COG0414_K01918
F3MF_cofactors_metabolism	F3MF_05_panthotenate_CoenzymeA_biosynthesis	F3MF_05_F040_Aspartate_1-decarboxylase	F3MF_05_F040_Aspartate_1-decarboxylase_panD	COG0853_K01579
F3MF_cofactors_metabolism	F3MF_05_panthotenate_CoenzymeA_biosynthesis	F3MF_05_F041_Pantothenate_kinase	F3MF_05_F041_Type_I_pantothenate_kinase_pantetheine_kinase_coaA	COG1072_K00867_*
F3MF_cofactors_metabolism	F3MF_05_panthotenate_CoenzymeA_biosynthesis	F3MF_05_F041_Pantothenate_kinase	F3MF_05_F041_Type_III_pantothenate_kinase_coaX	COG1521_K03525
F3MF_cofactors_metabolism	F3MF_05_panthotenate_CoenzymeA_biosynthesis	F3MF_05_F042_Pantetheine-phosphate_adenyltransferase	F3MF_05_F042_Pantetheine-phosphate_adenyltransferase_coaD	COG0669_K00954
F3MF_cofactors_metabolism	F3MF_05_panthotenate_CoenzymeA_biosynthesis	F3MF_05_F043_Dephospho-CoA_kinase	F3MF_05_F043_Dephospho-CoA_kinase_coaE	COG0237_K00859
F3MF_cofactors_metabolism	F3MF_05_panthotenate_CoenzymeA_biosynthesis	F3MF_05_F044_Phosphopantothenoylcysteine_synthase	F3MF_05_F044_Phosphopantothenoylcysteine_synthase_coaBC	COG0452_K13038
F3MF_cofactors_metabolism	F3MF_05_panthotenate_CoenzymeA_biosynthesis	F3MF_05_F120_4-phosphopantetheine_holo-acyl-carrier_protein_synthase	F3MF_05_F120_4-phosphopantetheine_holo-acyl-carrier_protein_synthase_acpS	COG0736_K00997
F3MF_cofactors_metabolism	F3MF_06_biotin_biosynthesis	F3MF_06_F045_Malonyl-acyl_carrier_protein_methyltransferase	F3MF_06_F045_Malonyl-acyl_carrier_protein_methyltransferase_bioC	COG0500_K02169
F3MF_cofactors_metabolism	F3MF_06_biotin_biosynthesis	F3MF_06_F046_Pimeloyl-acyl_carrier_protein_methyl_ester_esterase	F3MF_06_F046_Pimeloyl-acyl_carrier_protein_methyl_ester_esterase_bioH	COG1073_K02170
F3MF_cofactors_metabolism	F3MF_06_biotin_biosynthesis	F3MF_06_F046_Pimeloyl-acyl_carrier_protein_methyl_ester_esterase	F3MF_06_F046_Pimeloyl-acyl_carrier_protein_methyl_ester_esterase_bioH	COG0596_K02170
F3MF_cofactors_metabolism	F3MF_06_biotin_biosynthesis	F3MF_06_F047_Cytochrome_P450_pimeloyl-acyl-carrier_protein_synthase	F3MF_06_F047_Cytochrome_P450_pimeloyl-acyl-carrier_protein_synthase_bioI	COG2124_K16593
F3MF_cofactors_metabolism	F3MF_06_biotin_biosynthesis	F3MF_06_F048_8-amino-7-oxononanoate_synthase	F3MF_06_F048_8-amino-7-oxononanoate_synthase_bioF	COG0156_K00652
F3MF_cofactors_metabolism	F3MF_06_biotin_biosynthesis	F3MF_06_F049_Adenosylmethionine-8-amino-7-oxononanoate_aminotransferase	F3MF_06_F049_Adenosylmethionine-8-amino-7-oxononanoate_aminotransferase_bioA	COG0161_K00833
F3MF_cofactors_metabolism	F3MF_06_biotin_biosynthesis	F3MF_06_F050_Dethiobiotin_synthetase	F3MF_06_F050_Dethiobiotin_synthetase_bioD	COG0132_K01935
F3MF_cofactors_metabolism	F3MF_06_biotin_biosynthesis	F3MF_06_F051_Biotin_synthase	F3MF_06_F051_Biotin_synthase_bioB	COG0502_K01012
F3MF_cofactors_metabolism	F3MF_07_folate_tetrahydrofolate_biosynthesis	F3MF_07_F052_GTP_cyclohydrolase	F3MF_07_F052_GTP_cyclohydrolase_1_folE1	COG0302_K01495
F3MF_cofactors_metabolism	F3MF_07_folate_tetrahydrofolate_biosynthesis	F3MF_07_F052_GTP_cyclohydrolase	F3MF_07_F052_GTP_cyclohydrolase_2_folE2	COG1469_K09007
F3MF_cofactors_metabolism	F3MF_07_folate_tetrahydrofolate_biosynthesis	F3MF_07_F053_Dihydroneopterin_triphosphate_pyrophosphohydrolase	F3MF_07_F053_Dihydroneopterin_triphosphate_pyrophosphohydrolase_folQ	COG1051_K19965
F3MF_cofactors_metabolism	F3MF_07_folate_tetrahydrofolate_biosynthesis	F3MF_07_F054_Alkaline_phosphatase	F3MF_07_F054_Alkaline_phosphatase_phoA	COG1785_K01077
F3MF_cofactors_metabolism	F3MF_07_folate_tetrahydrofolate_biosynthesis	F3MF_07_F054_Alkaline_phosphatase	F3MF_07_F054_Alkaline_phosphatase_phoD	COG3540_K01113
F3MF_cofactors_metabolism	F3MF_07_folate_tetrahydrofolate_biosynthesis	F3MF_07_F055_Dihydroneopterin_aldolase	F3MF_07_F055_Dihydroneopterin_aldolase_folB	COG1539_K01633
F3MF_cofactors_metabolism	F3MF_07_folate_tetrahydrofolate_biosynthesis	F3MF_07_F056_2-amino-4-hydroxy-6-hydroxymethyldihydropteridine_diphosphokinase	F3MF_07_F056_2-amino-4-hydroxy-6-hydroxymethyldihydropteridine_diphosphokinase_folK	COG0801_K00950
F3MF_cofactors_metabolism	F3MF_07_folate_tetrahydrofolate_biosynthesis	F3MF_07_F057_Folylpolyglutamate_synthase	F3MF_07_F057_Folylpolyglutamate_synthase_folC	COG0285_K11754
F3MF_cofactors_metabolism	F3MF_07_folate_tetrahydrofolate_biosynthesis	F3MF_07_F058_Dihydropteroate_synthase	F3MF_07_F058_Dihydropteroate_synthase_folP	COG0294_K00796
F3MF_cofactors_metabolism	F3MF_07_folate_tetrahydrofolate_biosynthesis	F3MF_07_F059_Dihydrofolate_reductase	F3MF_07_F059_Dihydrofolate_reductase_folA	COG0262_K00287
F3MF_cofactors_metabolism	F3MF_07_folate_tetrahydrofolate_biosynthesis	F3MF_07_F060_Dihydromonapterin_reductase	F3MF_07_F060_Dihydromonapterin_reductase_folM	COG1028_K03793_K13938
F3MF_cofactors_metabolism	F3MF_07_folate_tetrahydrofolate_biosynthesis	F3MF_07_F061_Bifunctional_methylenetetrahydrofolate_dehydrogenase_methenyltetrahydrofolate_cyclohydrolase	F3MF_07_F061_Bifunctional_methylenetetrahydrofolate_dehydrogenase_methenyltetrahydrofolate_cyclohydrolase_folD	COG0190_K01491
F3MF_cofactors_metabolism	F3MF_07_folate_tetrahydrofolate_biosynthesis	F3MF_07_F062_Dihydroneopterin_triphosphate_2-epimerase	F3MF_07_F062_Dihydroneopterin_triphosphate_2-epimerase_folX	COG1539_K07589
F3MF_cofactors_metabolism	F3MF_08_heme_biosynthesis	F3MF_08_F063_Glutamyl-tRNA_reductase	F3MF_08_F063_Glutamyl-tRNA_reductase_hemA	COG0373_K02492
F3MF_cofactors_metabolism	F3MF_08_heme_biosynthesis	F3MF_08_F064_Glutamate-1-semialdehyde_2-1-aminomutase	F3MF_08_F064_Glutamate-1-semialdehyde_2-1-aminomutase_hemL	COG0001_K01845
F3MF_cofactors_metabolism	F3MF_08_heme_biosynthesis	F3MF_08_F065_Porphobilinogen_synthase	F3MF_08_F065_Porphobilinogen_synthase_hemB	COG0113_K01698
F3MF_cofactors_metabolism	F3MF_08_heme_biosynthesis	F3MF_08_F066_Hydroxymethylbilane_synthase	F3MF_08_F066_Hydroxymethylbilane_synthase_hemC	COG0181_K01749
F3MF_cofactors_metabolism	F3MF_08_heme_biosynthesis	F3MF_08_F067_Uroporphyrinogen_III_synthase	F3MF_08_F067_Uroporphyrinogen_III_synthase_hemD	COG1587_K01719
F3MF_cofactors_metabolism	F3MF_08_heme_biosynthesis	F3MF_08_F068_Uroporphyrinogen_decarboxylase	F3MF_08_F068_Uroporphyrinogen_decarboxylase_hemE	COG0407_K01599
F3MF_cofactors_metabolism	F3MF_08_heme_biosynthesis	F3MF_08_F069_Coproporphyrinogen_III_dehydrogenase	F3MF_08_F069_Coproporphyrinogen_III_dehydrogenase_hemN	COG0635_K02495
F3MF_cofactors_metabolism	F3MF_08_heme_biosynthesis	F3MF_08_F070_Protoporphyrinogen_IX_oxidase_isozyme_II	F3MF_08_F070_Protoporphyrinogen_IX_oxidase_isozyme_II_hemJ	COG1232_K00231
F3MF_cofactors_metabolism	F3MF_08_heme_biosynthesis	F3MF_08_F071_Protoporphyrinogen_oxidase	F3MF_08_F071_Coproporphyrinogen_III_oxidase_hemF	COG0408_K00228
F3MF_cofactors_metabolism	F3MF_08_heme_biosynthesis	F3MF_08_F071_Protoporphyrinogen_oxidase	F3MF_08_F071_Protoporphyrinogen_oxidase_hemG	COG4635_K00230
F3MF_cofactors_metabolism	F3MF_08_heme_biosynthesis	F3MF_08_F071_Protoporphyrinogen_oxidase	F3MF_08_F071_Protoporphyrinogen_oxidase_hemY	COG3071_K02498
F3MF_cofactors_metabolism	F3MF_08_heme_biosynthesis	F3MF_08_F072_Ferrochelatase	F3MF_08_F072_Ferrochelatase_hemH	COG0276_K01772
F3MF_cofactors_metabolism	F3MF_08_heme_biosynthesis	F3MF_08_F073_Hydrogen_peroxide-dependent_heme_synthase	F3MF_08_F073_Hydrogen_peroxide-dependent_heme_synthase_hemQ	COG3253_K00435
F3MF_cofactors_metabolism	F3MF_08_heme_biosynthesis	F3MF_08_F074_Heme_a_synthase	F3MF_08_F074_Heme_a_synthase_ctaA	COG1612_K02259
F3MF_cofactors_metabolism	F3MF_08_heme_biosynthesis	F3MF_08_F075_Heme_o_synthase	F3MF_08_F075_Heme_o_synthase_ctaB	COG0109_K02257
F3MF_cofactors_metabolism	F3MF_08_heme_biosynthesis	F3MF_08_F076_Uroporphyrinogen-III_C-methyltransferase	F3MF_08_F076_Uroporphyrinogen-III_C-methyltransferase_hemX	COG2959_K02496_K13543
F3MF_cofactors_metabolism	F3MF_09_heme_catabolism	F3MF_09_F077_Heme_oxygenase	F3MF_09_F077_Heme_oxygenase_hemO	COG3230_K07215
F3MF_cofactors_metabolism	F3MF_10_ubiquinone_biosynthesis	F3MF_10_F078_Chorismate_lyase	F3MF_10_F078_Chorismate_lyase_ubiC	COG3161_K03181
F3MF_cofactors_metabolism	F3MF_10_ubiquinone_biosynthesis	F3MF_10_F079_4-hydroxybenzoate_polyprenyltransferase	F3MF_10_F079_4-hydroxybenzoate_polyprenyltransferase_ubiA	COG0382_K03179
F3MF_cofactors_metabolism	F3MF_10_ubiquinone_biosynthesis	F3MF_10_F080_4-hydroxy-3-polyprenylbenzoate_decarboxylase	F3MF_10_F080_4-hydroxy-3-polyprenylbenzoate_decarboxylase_ubiD	COG0043_K03182
F3MF_cofactors_metabolism	F3MF_10_ubiquinone_biosynthesis	F3MF_10_F081_Ubiquinone_biosynthesis_protein	F3MF_10_F081_Ubiquinone_biosynthesis_protein_ubiB	COG0661_K03688
F3MF_cofactors_metabolism	F3MF_10_ubiquinone_biosynthesis	F3MF_10_F082_2-polyprenyl-6-hydroxyphenyl_methylase_3-demethylubiquinone-9_3-methyltransferase	F3MF_10_F082_2-polyprenyl-6-hydroxyphenyl_methylase_3-demethylubiquinone-9_3-methyltransferase_ubiG	COG2227_K00568
F3MF_cofactors_metabolism	F3MF_10_ubiquinone_biosynthesis	F3MF_10_F083_2-octaprenyl-6-methoxyphenol_hydroxylase_ubiH_2-polyprenylphenol_6-hydroxylase	F3MF_10_F083_2-octaprenyl-6-methoxyphenol_hydroxylase_ubiH_2-polyprenylphenol_6-hydroxylase_ubiI	COG0654_K03185_K18800
F3MF_cofactors_metabolism	F3MF_10_ubiquinone_biosynthesis	F3MF_10_F084_Demethylmenaquinone_methyltransferase_2-methoxy-6-polyprenyl-1-4-benzoquinol_methylase	F3MF_10_F084_Demethylmenaquinone_methyltransferase_2-methoxy-6-polyprenyl-1-4-benzoquinol_methylase_ubiE_menG	COG0500_K03183
F3MF_cofactors_metabolism	F3MF_10_ubiquinone_biosynthesis	F3MF_10_F085_3-demethoxyubiquinol_3-hydroxylase	F3MF_10_F085_3-demethoxyubiquinol_3-hydroxylase_ubiF	COG0654_K03184
F3MF_cofactors_metabolism	F3MF_11_menaquinone_biosynthesis	F3MF_11_F086_Isochorismate_synthase	F3MF_11_F086_Isochorismate_synthase_menF	COG1169_K02552_*
F3MF_cofactors_metabolism	F3MF_11_menaquinone_biosynthesis	F3MF_11_F087_2-succinyl-5-enolpyruvyl-6-hydroxy-3-cyclohexene-1-carboxylate_synthase	F3MF_11_F087_2-succinyl-5-enolpyruvyl-6-hydroxy-3-cyclohexene-1-carboxylate_synthase_menD	COG1165_K02551
F3MF_cofactors_metabolism	F3MF_11_menaquinone_biosynthesis	F3MF_11_F088_2-succinyl-6-hydroxy-2-4-cyclohexadiene-1-carboxylate_synthase	F3MF_11_F088_2-succinyl-6-hydroxy-2-4-cyclohexadiene-1-carboxylate_synthase_menH	COG2267_K08680
F3MF_cofactors_metabolism	F3MF_11_menaquinone_biosynthesis	F3MF_11_F088_2-succinyl-6-hydroxy-2-4-cyclohexadiene-1-carboxylate_synthase	F3MF_11_F088_2-succinyl-6-hydroxy-2-4-cyclohexadiene-1-carboxylate_synthase_menH	COG0596_K08680
F3MF_cofactors_metabolism	F3MF_11_menaquinone_biosynthesis	F3MF_11_F089_O-succinylbenzoate_synthase	F3MF_11_F089_O-succinylbenzoate_synthase_menC	COG4948_K02549
F3MF_cofactors_metabolism	F3MF_11_menaquinone_biosynthesis	F3MF_11_F089_O-succinylbenzoate_synthase	F3MF_11_F089_O-succinylbenzoate_synthase_menC	COG1441_K02549
F3MF_cofactors_metabolism	F3MF_11_menaquinone_biosynthesis	F3MF_11_F090_O-succinylbenzoate-CoA_ligase	F3MF_11_F090_O-succinylbenzoate-CoA_ligase_menE	COG0318_K01911_*
F3MF_cofactors_metabolism	F3MF_11_menaquinone_biosynthesis	F3MF_11_F091_Naphthoate_synthase	F3MF_11_F091_Naphthoate_synthase_menB	COG0447_K01661
F3MF_cofactors_metabolism	F3MF_11_menaquinone_biosynthesis	F3MF_11_F092_1-4-dihydroxy-2-naphthoyl-CoA_hydrolase	F3MF_11_F092_1-4-dihydroxy-2-naphthoyl-CoA_hydrolase_menI	COG0250_K19222
F3MF_cofactors_metabolism	F3MF_11_menaquinone_biosynthesis	F3MF_11_F093_1-4-dihydroxy-2-naphthoate_polyprenyltransferase	F3MF_11_F093_1-4-dihydroxy-2-naphthoate_polyprenyltransferase_menA	COG1575_K02548
F3MF_cofactors_metabolism	F3MF_12_cobalamine_biosynthesis	F3MF_12_F094_Uroporphyrin-III_C-methyltransferase	F3MF_12_F094_Uroporphyrin-III_C-methyltransferase_cobA	COG0007_K2303_*
F3MF_cofactors_metabolism	F3MF_12_cobalamine_biosynthesis	F3MF_12_F095_Siroheme_synthase	F3MF_12_F095_Siroheme_synthase_type_I_cysG1	COG0007_K02302_*
F3MF_cofactors_metabolism	F3MF_12_cobalamine_biosynthesis	F3MF_12_F095_Siroheme_synthase	F3MF_12_F095_Siroheme_synthase_type_II_cysG2	COG1648_K02304_*
F3MF_cofactors_metabolism	F3MF_12_cobalamine_biosynthesis	F3MF_12_F096_Precorrin-2_cobalt-factor-2_C20-methyltransferase	F3MF_12_F096_Precorrin-2_cobalt-factor-2_C20-methyltransferase_cobI_cbiL	COG2243_K03394
F3MF_cofactors_metabolism	F3MF_12_cobalamine_biosynthesis	F3MF_12_F097_Precorrin-3B_synthase	F3MF_12_F097_Precorrin-3B_synthase_cobG	COG0155_K02229
F3MF_cofactors_metabolism	F3MF_12_cobalamine_biosynthesis	F3MF_12_F098_Precorrin-3B_C17-methyltransferase_cobalt-factor_III_methyltransferase	F3MF_12_F098_Precorrin-3B_C17-methyltransferase_cobalt-factor_III_methyltransferase_cobJ_cbiH	COG1010_K05934_*
F3MF_cofactors_metabolism	F3MF_12_cobalamine_biosynthesis	F3MF_12_F099_Precorrin-4_C11-methyltransferase	F3MF_12_F099_Precorrin-4_C11-methyltransferase_cobM_cbiF	COG2875_K05936
F3MF_cofactors_metabolism	F3MF_12_cobalamine_biosynthesis	F3MF_12_F100_Precorrin-6A_synthase	F3MF_12_F100_Precorrin-6A_synthase_cobF	COG2243_K02228
F3MF_cofactors_metabolism	F3MF_12_cobalamine_biosynthesis	F3MF_12_F101_Precorrin-6x_reductase	F3MF_12_F101_Precorrin-6x_reductase_cobK_cbiJ	COG2099_K05895
F3MF_cofactors_metabolism	F3MF_12_cobalamine_biosynthesis	F3MF_12_F102_Precorrin-6Y_C5-15-methyltransferase	F3MF_12_F102_Precorrin-6Y_C5-15-methyltransferase_cobL_cbiT	COG2242_K02191_*
F3MF_cofactors_metabolism	F3MF_12_cobalamine_biosynthesis	F3MF_12_F102_Precorrin-6Y_C5-15-methyltransferase	F3MF_12_F102_Precorrin-6Y_C5-15-methyltransferase_cobL_cbiT	COG2241_K02191_*
F3MF_cofactors_metabolism	F3MF_12_cobalamine_biosynthesis	F3MF_12_F103_Precorrin-8X_methylmutase	F3MF_12_F103_Precorrin-8X_methylmutase_cobH_cbiC	COG2082_K06042
F3MF_cofactors_metabolism	F3MF_12_cobalamine_biosynthesis	F3MF_12_F104_Cobyrinic_acid_a-c-diamide_synthase	F3MF_12_F104_Cobyrinic_acid_a-c-diamide_synthase_cobB_cbiA	COG1797_K02224
F3MF_cofactors_metabolism	F3MF_12_cobalamine_biosynthesis	F3MF_12_F105_Cobaltochelatase	F3MF_12_F105_Cobaltochelatase_cobN	COG1429_K02230
F3MF_cofactors_metabolism	F3MF_12_cobalamine_biosynthesis	F3MF_12_F105_Cobaltochelatase	F3MF_12_F105_Cobaltochelatase_cobS	COG0714_K09882
F3MF_cofactors_metabolism	F3MF_12_cobalamine_biosynthesis	F3MF_12_F106_Sirohydrochlorin_cobaltochelatase	F3MF_12_F106_Sirohydrochlorin_cobaltochelatase_cbiK	COG4822_K02190
F3MF_cofactors_metabolism	F3MF_12_cobalamine_biosynthesis	F3MF_12_F107_Sirohydrochlorin_cobaltochelatase	F3MF_12_F107_Cobalt-precorrin_5A_hydrolase_cbiG	COG2073_K02189
F3MF_cofactors_metabolism	F3MF_12_cobalamine_biosynthesis	F3MF_12_F108_Cobalt-precorrin-5B_C1-methyltransferase	F3MF_12_F108_Cobalt-precorrin-5B_C1-methyltransferase_cbiD	COG1903_K02188
F3MF_cofactors_metabolism	F3MF_12_cobalamine_biosynthesis	F3MF_12_F109_Cobalt-precorrin-7_C5-methyltransferase	F3MF_12_F109_Cobalt-precorrin-7_C5-methyltransferase_cbiE	COG2241_K03399
F3MF_cofactors_metabolism	F3MF_12_cobalamine_biosynthesis	F3MF_12_F110_Cobalamin_adenosyltransferase	F3MF_12_F110_Cobalamin_adenosyltransferase_cobO_btuR	COG2109_K19221
F3MF_cofactors_metabolism	F3MF_12_cobalamine_biosynthesis	F3MF_12_F111_Adenosylcobyric_acid_synthase	F3MF_12_F111_Adenosylcobyric_acid_synthase_cobQ_cbiP	COG1492_K02232
F3MF_cofactors_metabolism	F3MF_12_cobalamine_biosynthesis	F3MF_12_F112_Alpha-ribazole_phosphatase	F3MF_12_F112_Alpha-ribazole_phosphatase_cobC	COG0406_K02226_*
F3MF_cofactors_metabolism	F3MF_12_cobalamine_biosynthesis	F3MF_12_F113_Adenosylcobinamide-phosphate_synthase	F3MF_12_F113_Adenosylcobinamide-phosphate_synthase_cbiB	COG1270_K02227
F3MF_cofactors_metabolism	F3MF_12_cobalamine_biosynthesis	F3MF_12_F114_Adenosylcobinamide_kinase_adenosylcobinamide-phosphate_guanylyltransferase	F3MF_12_F114_Adenosylcobinamide_kinase_adenosylcobinamide-phosphate_guanylyltransferase_cobU_cobP	COG2087_K02231
F3MF_cofactors_metabolism	F3MF_12_cobalamine_biosynthesis	F3MF_12_F115_Adenosylcobinamide-GDP_ribazoletransferase	F3MF_12_F115_Adenosylcobinamide-GDP_ribazoletransferase_cobS_cobV	COG0368_K02233
F3MF_cofactors_metabolism	F3MF_12_cobalamine_biosynthesis	F3MF_12_F116_Nicotinate-nucleotide-dimethylbenzimidazole_phosphoribosyltransferase	F3MF_12_F116_Nicotinate-nucleotide-dimethylbenzimidazole_phosphoribosyltransferase_cobT	COG2038_K00768
F3MF_cofactors_metabolism	F3MF_12_cobalamine_biosynthesis	F3MF_12_F117_Cobalamin_biosynthesis_protein_cobC	F3MF_12_F117_Cobalamin_biosynthesis_protein_cobC	COG0079_K02225_*
F3MF_cofactors_metabolism	F3MF_12_cobalamine_biosynthesis	F3MF_12_F118_Threonine-phosphate_decarboxylase	F3MF_12_F118_Threonine-phosphate_decarboxylase_cobD	COG0079_K04720
F3MF_cofactors_metabolism	F3MF_12_cobalamine_biosynthesis	F3MF_12_F136_Cob-II-yrinic acid_a-c-diamide_reductase	F3MF_12_F136_Cob-II-yrinic acid_a-c-diamide_reductase_bluB	COG0778_K04719
F3MF_cofactors_metabolism	F3MF_13_one_carbon_pool	F3MF_13_F121_5-formyltetrahydrofolate_cyclo-ligase	F3MF_13_F121_5-formyltetrahydrofolate_cyclo-ligase_fthC	COG0212_K01934
F3MF_cofactors_metabolism	F3MF_13_one_carbon_pool	F3MF_13_F122_Formate-tetrahydrofolate_ligase	F3MF_13_F122_Formate-tetrahydrofolate_ligase_fhs	COG2759_K01938
F3MF_cofactors_metabolism	F3MF_14_Ni-Fe_nickel-iron_CO-CN-2_cluster_biosynthesis	F3MF_14_F123_Carbamoyl-HypE_ligase	F3MF_14_F123_Carbamoyl-HypE_ligase_hypF	COG0068_K04656
F3MF_cofactors_metabolism	F3MF_14_Ni-Fe_nickel-iron_CO-CN-2_cluster_biosynthesis	F3MF_14_F124_Hydrogenase_expression_formation_protein_hypE	F3MF_14_F124_Hydrogenase_expression_formation_protein_hypE	COG0309_K04655
F3MF_cofactors_metabolism	F3MF_14_Ni-Fe_nickel-iron_CO-CN-2_cluster_biosynthesis	F3MF_14_F125_Hydrogenase_nickel_incorporation_protein_HypA	F3MF_14_F125_Hydrogenase_nickel_incorporation_protein_HypA_hypA	COG0375_K04651
F3MF_cofactors_metabolism	F3MF_14_Ni-Fe_nickel-iron_CO-CN-2_cluster_biosynthesis	F3MF_14_F126_Hydrogenase_assembly_chaperone_HypC	F3MF_14_F126_Hydrogenase_assembly_chaperone_HypC_HupF	COG0298_K04653
F3MF_cofactors_metabolism	F3MF_14_Ni-Fe_nickel-iron_CO-CN-2_cluster_biosynthesis	F3MF_14_F127_Hydrogenase_formation_hypD	F3MF_14_F127_Hydrogenase_formation_hypD_family	COG0409_K04654
F3MF_cofactors_metabolism	F3MF_14_Ni-Fe_nickel-iron_CO-CN-2_cluster_biosynthesis	F3MF_14_F128_Hydrogenase_nickel_incorporation_protein_HypB	F3MF_14_F128_Hydrogenase_nickel_incorporation_protein_HypB	COG0378_K04652
F3MF_cofactors_metabolism	F3MF_14_Ni-Fe_nickel-iron_CO-CN-2_cluster_biosynthesis	F3MF_14_F129_FKBP-type_peptidyl-prolyl_cis-trans_isomerase	F3MF_14_F129_FKBP-type_peptidyl-prolyl_cis-trans_isomerase_SlyD 	COG1047_K03775
F3MF_cofactors_metabolism	F3MF_14_Ni-Fe_nickel-iron_CO-CN-2_cluster_biosynthesis	F3MF_14_F138_Hydrogenase_3_maturation_protein_isomerase	F3MF_14_F138_Hydrogenase_3_maturation_protein_hycI 	COG0680_K08315
F3MF_cofactors_metabolism	F3MF_15_2Fe-2S_iron-sulfur_cluster_biosynthesis	F3MF_15_F003_Cysteine_desulfurase	F3MF_15_F003_Cysteine_desulfurase_iscS	COG1104_K04487
F3MF_cofactors_metabolism	F3MF_15_2Fe-2S_iron-sulfur_cluster_biosynthesis	F3MF_15_F130_Cysteine_desulfurase_selenocysteine_lyase	F3MF_15_F130_Cysteine_desulfurase_selenocysteine_lyase_sufS	COG0520_K11717_*
F3MF_cofactors_metabolism	F3MF_15_2Fe-2S_iron-sulfur_cluster_biosynthesis	F3MF_15_F131_Fe-S_cluster_assembly_sufS_associated_domain_sufE	F3MF_15_F131_Fe-S_cluster_assembly_sufS_associated_domain_sufE	COG2166_K02426_*
F3MF_cofactors_metabolism	F3MF_15_2Fe-2S_iron-sulfur_cluster_biosynthesis	F3MF_15_F132_ABC-type_transport_system_involved_in_Fe-S_cluster_assembly	F3MF_15_F132_ABC-type_transport_system_involved_in_Fe-S_cluster_assembly_ATPase_component_sufC	COG0396_K09013
F3MF_cofactors_metabolism	F3MF_15_2Fe-2S_iron-sulfur_cluster_biosynthesis	F3MF_15_F132_ABC-type_transport_system_involved_in_Fe-S_cluster_assembly	F3MF_15_F132_ABC-type_transport_system_involved_in_Fe-S_cluster_assembly_permease_component_SufB	COG0719_K09014_*
F3MF_cofactors_metabolism	F3MF_15_2Fe-2S_iron-sulfur_cluster_biosynthesis	F3MF_15_F132_ABC-type_transport_system_involved_in_Fe-S_cluster_assembly	F3MF_15_F132_ABC-type_transport_system_involved_in_Fe-S_cluster_assembly_permease_component_SufD	COG0719_K09015_*
F3MF_cofactors_metabolism	F3MF_15_2Fe-2S_iron-sulfur_cluster_biosynthesis	F3MF_15_F133_Scaffold_protein_for_iron-sulfer_cluster_assembly_iscU	F3MF_15_F133_Scaffold_protein_for_iron-sulfer_cluster_assembly_iscU	COG0822_K04488
F3MF_cofactors_metabolism	F3MF_15_2Fe-2S_iron-sulfur_cluster_biosynthesis	F3MF_15_F134_Iron-sulfur_cluster_assembly_protein_iscA_sufA	F3MF_15_F134_Iron-sulfur_cluster_assembly_protein_iscA_sufA	COG0316_K13628_*
F3MF_cofactors_metabolism	F3MF_16_queuosine_biosynthesis	F3MB_16_F139_7-cyano-7-deazaguanine_synthase	F3MB_16_F139_7-cyano-7-deazaguanine_synthase_queC	COG0809_K06920
F3MF_cofactors_metabolism	F3MF_16_queuosine_biosynthesis	F3MB_16_F140_7-carboxy-7-deazaguanine_synthase	F3MB_16_F140_7-carboxy-7-deazaguanine_synthase_queE	COG0602_K10026
F3MF_cofactors_metabolism	F3MF_16_queuosine_biosynthesis	F3MB_16_F141_6-carboxy-5-6-7-8-tetrahydropterin_synthase	F3MB_16_F141_6-carboxy-5-6-7-8-tetrahydropterin_synthase_queD	COG0720_K01737
F3MF_cofactors_metabolism	F3MF_16_queuosine_biosynthesis	F3MB_16_F142_7-cyano-7-deazaguanine_reductase	F3MB_16_F142_7-cyano-7-deazaguanine_reductase_queF	COG0780_K06879
F3MF_cofactors_metabolism	F3MF_16_queuosine_biosynthesis	F3MB_16_F143_Epoxyqueuosine_reductase	F3MB_16_F143_Epoxyqueuosine_reductase_queG	COG1600_K18979
F3MF_cofactors_metabolism	F3MF_16_queuosine_biosynthesis	F3MB_16_F143_Epoxyqueuosine_reductase	F3MB_16_F143_Epoxyqueuosine_reductase_queH	COG1636_K09765
F3MF_cofactors_metabolism	F3MB_16_queuosine_biosynthesis	F3MA_03_F144_S-adenosylmethionine:tRNA_ribosyltransferase-isomerase	F3MA_03_F144_S-adenosylmethionine:tRNA_ribosyltransferase-isomerase_queA	COG0809_K07568
F3ML_fatty_acids_metabolism	F3ML_01_fatty_acids_biosynthesis_initiation	F3ML_01_L001_Acetyl-CoA_carboxyltransferase	F3ML_01_L001_Acetyl-CoA_carboxyltransferase_subunit_alpha_accA	COG0825_K01962
F3ML_fatty_acids_metabolism	F3ML_01_fatty_acids_biosynthesis_initiation	F3ML_01_L001_Acetyl-CoA_carboxyltransferase	F3ML_01_L001_Acetyl-CoA_carboxyltransferase_subunit_beta_accD	COG0777_K01963
F3ML_fatty_acids_metabolism	F3ML_01_fatty_acids_biosynthesis_initiation	F3ML_01_L001_Acetyl-CoA_carboxyltransferase	F3ML_01_L001_Biotin_carboxyl_carrier_protein_accB	COG0511_K02160
F3ML_fatty_acids_metabolism	F3ML_01_fatty_acids_biosynthesis_initiation	F3ML_01_L001_Acetyl-CoA_carboxyltransferase	F3ML_01_L001_Biotin_carboxylase_accC	COG0439_K01961
F3ML_fatty_acids_metabolism	F3ML_01_fatty_acids_biosynthesis_initiation	F3ML_01_L002_acyl-carrier-protein_S-malonyltransferase	F3ML_01_L002_acyl-carrier-protein_S-malonyltransferase_fabD	COG0331_K00645_*
F3ML_fatty_acids_metabolism	F3ML_01_fatty_acids_biosynthesis_initiation	F3ML_01_L003_3-oxoacyl-acyl_carrier_protein_synthase	F3ML_01_L003_3-oxoacyl-acyl_carrier_protein_synthase_3_fabH1	COG0332_K00648
F3ML_fatty_acids_metabolism	F3ML_01_fatty_acids_biosynthesis_initiation	F3ML_01_L015_Fatty_acids_biosynthesis_acyl_carrier_protein	F3ML_01_L015_Fatty_acids_biosynthesis_acyl_carrier_protein_acp	COG0236_K02078
F3ML_fatty_acids_metabolism	F3ML_02_fatty_acids_biosynthesis_elongation	F3ML_01_L003_3-oxoacyl-acyl_carrier_protein_synthase	F3ML_01_L003_3-oxoacyl-acyl_carrier_protein_synthase_1_fabB	COG0304_K00645
F3ML_fatty_acids_metabolism	F3ML_02_fatty_acids_biosynthesis_elongation	F3ML_02_L005_5Z-3-oxo-dodec-5-enoyl-acp_synthase	F3ML_02_L005_5Z-3-oxo-dodec-5-enoyl-acp_synthase_fabF_fabO	COG0304_K09458
F3ML_fatty_acids_metabolism	F3ML_02_fatty_acids_biosynthesis_elongation	F3ML_02_L006_3-oxoacyl-acyl-carrier-protein_reductase	F3ML_02_L006_3-oxoacyl-acyl-carrier-protein_reductase_fabG	COG1028_K00059
F3ML_fatty_acids_metabolism	F3ML_02_fatty_acids_biosynthesis_elongation	F3ML_02_L007_Beta-hydroxyacyl-acyl_carrier_protein_dehydratase	F3ML_02_L007_Beta-hydroxyacyl-acyl_carrier_protein_dehydratase_fabA	COG0764_K01716
F3ML_fatty_acids_metabolism	F3ML_02_fatty_acids_biosynthesis_elongation	F3ML_02_L008_3-hydroxy-acyl-acyl-carrier-protein_dehydratase	F3ML_02_L008_3-hydroxy-acyl-acyl-carrier-protein_dehydratase_fabZ	COG0764_K02372
F3ML_fatty_acids_metabolism	F3ML_02_fatty_acids_biosynthesis_elongation	F3ML_02_L009_Enoyl-acyl-carrier-protein_reductase	F3ML_02_L009_Enoyl-acyl-carrier-protein_reductase_fabI	COG0623_K00208
F3ML_fatty_acids_metabolism	F3ML_02_fatty_acids_biosynthesis_elongation	F3ML_02_L010_NADPH_binding_domain_of_trans-2-enoyl-CoA_reductase	F3ML_02_L010_NADPH_binding_domain_of_trans-2-enoyl-CoA_reductase_fabV	COG3007_K00209
F3ML_fatty_acids_metabolism	F3ML_02_fatty_acids_biosynthesis_elongation	F3ML_02_L011_Enoyl-acyl-carrier-protein_reductase	F3ML_02_L011_Enoyl-acyl-carrier-protein_reductase_NADH_fabK	COG2070_K02371
F3ML_fatty_acids_metabolism	F3ML_02_fatty_acids_biosynthesis_elongation	F3ML_02_L012_Fatty_acid_elongation_regulatory_protein	F3ML_02_L012_Fatty_acid_elongation_regulatory_protein_fabL	COG1028_K10780
F3ML_fatty_acids_metabolism	F3ML_03_unsaturated_fatty_acids_biosynthesis	F3ML_03_L013_Stearoyl-CoA_desaturase	F3ML_03_L013_Linoleoyl-CoA_desaturase_desB	COG3239_K00508
F3ML_fatty_acids_metabolism	F3ML_03_unsaturated_fatty_acids_biosynthesis	F3ML_03_L013_Stearoyl-CoA_desaturase	F3ML_03_L013_Stearoyl-CoA_desaturase_desA	COG1398_K00507
F3ML_fatty_acids_metabolism	F3ML_04_fatty_acids_degradation_beta_oxidation	F3ML_04_L014_Long-chain-fatty-acidCoA_ligase	F3ML_04_L014_Long-chain-fatty-acidCoA_ligase_fadD	COG0318_K01895
F3ML_fatty_acids_metabolism	F3ML_04_fatty_acids_degradation_beta_oxidation	F3ML_04_L014_Long-chain-fatty-acidCoA_ligase	F3ML_04_L014_Long-chain-fatty-acidCoA_ligase_fadD	COG0318_K01897
F3ML_fatty_acids_metabolism	F3ML_04_fatty_acids_degradation_beta_oxidation	F3ML_04_L014_Long-chain-fatty-acidCoA_ligase	F3ML_04_L014_Long-chain-fatty-acidCoA_ligase_fadD	COG0365_K01895
F3ML_fatty_acids_metabolism	F3ML_04_fatty_acids_degradation_beta_oxidation	F3ML_04_L014_Long-chain-fatty-acidCoA_ligase	F3ML_04_L014_Long-chain-fatty-acidCoA_ligase_fadD	COG1022_K01897
F3ML_fatty_acids_metabolism	F3ML_04_fatty_acids_degradation_beta_oxidation	F3ML_04_L016_Acyl-CoA_dehydrogenase	F3ML_04_L016_Acyl-CoA_dehydrogenase_fadE	COG1960_K00249
F3ML_fatty_acids_metabolism	F3ML_04_fatty_acids_degradation_beta_oxidation	F3ML_04_L016_Acyl-CoA_dehydrogenase	F3ML_04_L016_Acyl-CoA_dehydrogenase_fadE	COG1960_K06445
F3ML_fatty_acids_metabolism	F3ML_04_fatty_acids_degradation_beta_oxidation	F3ML_04_L017_Isovaleryl-CoA_dehydrogenase	F3ML_04_L017_Isovaleryl-CoA_dehydrogenase_ivd	COG1960_K00253
F3ML_fatty_acids_metabolism	F3ML_04_fatty_acids_degradation_beta_oxidation	F3ML_04_L018_Glutaryl-CoA_dehydrogenase	F3ML_04_L018_Glutaryl-CoA_dehydrogenase_gcdH	COG1960_K00252
F3ML_fatty_acids_metabolism	F3ML_04_fatty_acids_degradation_beta_oxidation	F3ML_04_L019_Multifunctional_3-hydroxyacyl-CoA_dehydrogenase_3-hydroxyacyl-CoA_epimerase_enoyl-CoA_hydratase	F3ML_04_L019_Multifunctional_3-hydroxyacyl-CoA_dehydrogenase_3-hydroxyacyl-CoA_epimerase_enoyl-CoA_hydratase_fadB	COG1024_K01782
F3ML_fatty_acids_metabolism	F3ML_04_fatty_acids_degradation_beta_oxidation	F3ML_04_L020_3-hydroxyacyl-CoA_dehydrogenase	F3ML_04_L020_3-hydroxyacyl-CoA_dehydrogenase_fadN	COG1024_K07516
F3ML_fatty_acids_metabolism	F3ML_04_fatty_acids_degradation_beta_oxidation	F3ML_04_L020_3-hydroxyacyl-CoA_dehydrogenase	F3ML_04_L020_3-hydroxyacyl-CoA_dehydrogenase_fadN	COG1250_K07516
F3ML_fatty_acids_metabolism	F3ML_04_fatty_acids_degradation_beta_oxidation	F3ML_04_L021_3-ketoacyl-CoA_thiolase	F3ML_04_L021_3-ketoacyl-CoA_thiolase_fadA	COG0183_K00632
F3ML_fatty_acids_metabolism	F3ML_04_fatty_acids_degradation_beta_oxidation	F3ML_04_L022_2-4-dienoyl-CoA_reductase	F3ML_04_L022_2-4-dienoyl-CoA_reductase_fadH	COG0446_K00219
F3ML_fatty_acids_metabolism	F3ML_05_fatty-acids-degradation	F3ML_05_L023_Lysophospholipase_L1_acyl-ACP_thioesterase_I	F3ML_05_L023_Lysophospholipase_L1_acyl-ACP_thioesterase_I_tesA	COG2755_K10804
F3ML_fatty_acids_metabolism	F3ML_05_fatty-acids-degradation	F3ML_05_L024_Acyl-CoA_thioesterase	F3ML_05_L024_Acyl-CoA_thioesterase_II_tesB	COG1946_K10805
F3ML_fatty_acids_metabolism	F3ML_05_fatty-acids-degradation	F3ML_05_L024_Acyl-CoA_thioesterase	F3ML_05_L024_Acyl-CoA_thioesterase_III_tesC	COG0824_K12500
F3ML_fatty_acids_metabolism	F3ML_05_fatty-acids-degradation	F3ML_05_L025_Alkane_1-monooxygenase	F3ML_05_L025_Alkane_1-monooxygenase_alkM	COG3239_K00496
F3ML_fatty_acids_metabolism	F3ML_05_fatty-acids-degradation	F3ML_05_L026_Medium-chain_acyl-acyl-carrier-protein_hydrolase	F3ML_05_L026_Medium-chain_acyl-acyl-carrier-protein_hydrolase_fat	COG3884_K01071
F3MM_cell_motility	F3MM_01_flagellar_assembly	F3MM_01_M001_Flagellar_protein	F3MM_01_M001_Flagellar_protein_FlaG	COG1334_K06603
F3MM_cell_motility	F3MM_01_flagellar_assembly	F3MM_01_M001_Flagellar_protein	F3MM_01_M001_Flagellar_protein_FlbD	COG01582_K02385
F3MM_cell_motility	F3MM_01_flagellar_assembly	F3MM_01_M001_Flagellar_protein	F3MM_01_M001_Flagellar_protein_fliJ	COG2882_K02413
F3MM_cell_motility	F3MM_01_flagellar_assembly	F3MM_01_M001_Flagellar_protein	F3MM_01_M001_Flagellar_protein_fliS	COG1516_K02422
F3MM_cell_motility	F3MM_01_flagellar_assembly	F3MM_01_M002_Rod_structure_flagellar_basal_body_protein	F3MM_01_M002_Flagellar_basal_body_rod_protein_flgK	COG1256_K02396
F3MM_cell_motility	F3MM_01_flagellar_assembly	F3MM_01_M002_Rod_structure_flagellar_basal_body_protein	F3MM_01_M002_Rod_structure_flagellar_basal_body_protein_flgA	COG1261_K02386
F3MM_cell_motility	F3MM_01_flagellar_assembly	F3MM_01_M002_Rod_structure_flagellar_basal_body_protein	F3MM_01_M002_Rod_structure_flagellar_basal_body_protein_flgB	COG1815_K02387
F3MM_cell_motility	F3MM_01_flagellar_assembly	F3MM_01_M002_Rod_structure_flagellar_basal_body_protein	F3MM_01_M002_Rod_structure_flagellar_basal_body_protein_flgC	COG1558_K02388
F3MM_cell_motility	F3MM_01_flagellar_assembly	F3MM_01_M003_Scaffolding_protein_flagellar_hook_formation	F3MM_01_M003_Scaffolding_protein_flagellar_hook_formation_flgD	COG1843_K02389
F3MM_cell_motility	F3MM_01_flagellar_assembly	F3MM_01_M003_Scaffolding_protein_flagellar_hook_formation	F3MM_01_M003_Scaffolding_protein_flagellar_hook_formation_flgF	COG4786_K02390
F3MM_cell_motility	F3MM_01_flagellar_assembly	F3MM_01_M003_Scaffolding_protein_flagellar_hook_formation	F3MM_01_M003_Scaffolding_protein_flagellar_hook_formation_flgG	COG4786_K02392
F3MM_cell_motility	F3MM_01_flagellar_assembly	F3MM_01_M005_Bacterial_flagellin_N-terminal_helical_region_protein	F3MM_01_M005_Bacterial_flagellin_N-terminal_helical_region_protein_flgL	COG1344_K02397
F3MM_cell_motility	F3MM_01_flagellar_assembly	F3MM_01_M006_Flagellar_regulator_Anti-sigma-28_factor	F3MM_01_M006_Flagellar_regulator_Anti-sigma-28_factor_FlgM	2ET80_K02398
F3MM_cell_motility	F3MM_01_flagellar_assembly	F3MM_01_M007_Export_apparatus_of_flagellin_protein	F3MM_01_M007_Export_apparatus_of_flagellin_protein_flhA	COG1298_K02400
F3MM_cell_motility	F3MM_01_flagellar_assembly	F3MM_01_M007_Export_apparatus_of_flagellin_protein	F3MM_01_M007_Export_apparatus_of_flagellin_protein_flhB	COG1377_K02401
F3MM_cell_motility	F3MM_01_flagellar_assembly	F3MM_01_M007_Export_apparatus_of_flagellin_protein	F3MM_01_M007_Export_apparatus_of_flagellin_protein_flhF	COG1419_K2404
F3MM_cell_motility	F3MM_01_flagellar_assembly	F3MM_01_M008_Flagellin_synthesis_sigma-70_factor	F3MM_01_M008_Flagellin_synthesis_sigma-70_factor_sigD	COG1191_K02405
F3MM_cell_motility	F3MM_01_flagellar_assembly	F3MM_01_M009_Flagellin_subunit_protein	F3MM_01_M009_Flagellin_subunit_protein_fliC	COG1344_K02406
F3MM_cell_motility	F3MM_01_flagellar_assembly	F3MM_01_M010_Flagellar_filament_elongation_protein	F3MM_01_M010_Flagellar_filament_elongation_protein_fliD	COG1345_K02407
F3MM_cell_motility	F3MM_01_flagellar_assembly	F3MM_01_M011_Flagellar_hook-basal_body_complex_protein	F3MM_01_M011_Flagellar_hook-basal_body_complex_protein_FliE	COG1677_K02408
F3MM_cell_motility	F3MM_01_flagellar_assembly	F3MM_01_M012_Flagellar_M_ring_protein	F3MM_01_M012_Flagellar_M_ring_protein_fliF	COG1766_K02409
F3MM_cell_motility	F3MM_01_flagellar_assembly	F3MM_01_M012_Flagellar_M_ring_protein	F3MM_01_M012_Flagellar_M_ring_protein_fliG	COG1536_K02410
F3MM_cell_motility	F3MM_01_flagellar_assembly	F3MM_01_M013_Flagellar_assembly_protein	F3MM_01_M013_Flagellar_assembly_protein_FliH	COG1317_K02411
F3MM_cell_motility	F3MM_01_flagellar_assembly	F3MM_01_M014_Flagellar_ATP_synthase	F3MM_01_M014_Flagellar_ATP_synthase_fliI	COG1157_K02412
F3MM_cell_motility	F3MM_01_flagellar_assembly	F3MM_01_M016_Flagellar_hook-length_control_protein	F3MM_01_M016_Flagellar_hook-length_control_protein_FliK	2A45N_K02414
F3MM_cell_motility	F3MM_01_flagellar_assembly	F3MM_01_M017_Flagella_rotational_direction_control_protein	F3MM_01_M017_Flagella_rotational_direction_control_protein_fliL	COG1580_K02415
F3MM_cell_motility	F3MM_01_flagellar_assembly	F3MM_01_M018_Flagellar_motor_switch_protein	F3MM_01_M018_Flagellar_motor_switch_protein_FliM	COG1868_K02416
F3MM_cell_motility	F3MM_01_flagellar_assembly	F3MM_01_M019_Type_III_flagellar_switch_regulator_C-ring	F3MM_01_M019_Type_III_flagellar_switch_regulator_C-ring_FliN	COG1776_K02417
F3MM_cell_motility	F3MM_01_flagellar_assembly	F3MM_01_M020_Flagellar_biosynthesis_protein	F3MM_01_M020_Flagellar_biosynthesis_protein_FliO	2EGRG_K02418
F3MM_cell_motility	F3MM_01_flagellar_assembly	F3MM_01_M020_Flagellar_biosynthesis_protein	F3MM_01_M020_Flagellar_biosynthesis_protein_FliQ	COG1987_K02420
F3MM_cell_motility	F3MM_01_flagellar_assembly	F3MM_01_M021_Flagellum-specific_transport_system	F3MM_01_M021_Flagellum-specific_transport_system_fliP	COG01338_K02419
F3MM_cell_motility	F3MM_01_flagellar_assembly	F3MM_01_M021_Flagellum-specific_transport_system	F3MM_01_M021_flagellum-specific_transport_system_fliR	COG1684_K02421
F3MM_cell_motility	F3MM_01_flagellar_assembly	F3MM_01_M023_Flagellar_stator_proton_channel_protein	F3MM_01_M023_Flagellar_stator_proton_channel_protein_motA	COG1291_K02556
F3MM_cell_motility	F3MM_01_flagellar_assembly	F3MM_01_M023_Flagellar_stator_proton_channel_protein	F3MM_01_M023_Flagellar_stator_proton_channel_protein_motB	COG1360_K02557
F3MM_cell_motility	F3MM_02_chemotaxis	F3MM_02_M025_Methyl-accepting_chemotaxis_protein	F3MM_02_M025_Methyl-accepting_chemotaxis_protein_mcp	COG0840_K03406
F3MM_cell_motility	F3MM_02_chemotaxis	F3MM_02_M026_Two-component_system_chemotaxis_family_sensor_kinase	F3MM_02_M026_Two-component_system_chemotaxis_family_sensor_kinase_CheA	COG0643_K03407
F3MM_cell_motility	F3MM_02_chemotaxis	F3MM_02_M027_Purine-binding_chemotaxis_protein	F3MM_02_M027_Purine-binding_chemotaxis_protein_CheW	COG0835_K03408
F3MM_cell_motility	F3MM_02_chemotaxis	F3MM_02_M028_Chemotaxis_protein	F3MM_02_M028_Chemotaxis_protein_CheC	COG1776_K03410
F3MM_cell_motility	F3MM_02_chemotaxis	F3MM_02_M028_Chemotaxis_protein	F3MM_02_M028_Chemotaxis_protein_CheD	COG1871_K03411
F3MM_cell_motility	F3MM_02_chemotaxis	F3MM_02_M029_Two-component_system_chemotaxis_family_protein-glutamate_methylesterase_glutaminase	F3MM_02_M029_Two-component_system_chemotaxis_family_protein-glutamate_methylesterase_glutaminase_cheB	COG2201_K03412
F3MM_cell_motility	F3MM_02_chemotaxis	F3MM_02_M030_Two-component_system_chemotaxis_family_chemotaxis_protein	F3MM_02_M030_Two-component_system_chemotaxis_family_chemotaxis_protein_CheY	COG2201_K03413
F3MM_cell_motility	F3MM_02_chemotaxis	F3MM_02_M031_Methyltransferase_chemotaxis_proteins	F3MM_02_M031_Methyltransferase_chemotaxis_proteins_cheR	COG1352_K00575_*
F3MM_cell_motility	F3MM_03_Type_IV_pilus_twitching_motility	F3MM_03_M032_Type_IV_pilus_assembly_protein	F3MM_03_M032_Type_IV_pilus_assembly_protein_PilA	COG4969_K02650
F3MM_cell_motility	F3MM_03_Type_IV_pilus_twitching_motility	F3MM_03_M032_Type_IV_pilus_assembly_protein	F3MM_03_M032_Type_IV_pilus_assembly_protein_PilA	COG4968_K02650
F3MM_cell_motility	F3MM_03_Type_IV_pilus_twitching_motility	F3MM_03_M032_Type_IV_pilus_assembly_protein	F3MM_03_M032_Type_IV_pilus_assembly_protein_PilB	COG2804_K02652
F3MM_cell_motility	F3MM_03_Type_IV_pilus_twitching_motility	F3MM_03_M032_Type_IV_pilus_assembly_protein	F3MM_03_M032_Type_IV_pilus_assembly_protein_PilC	COG1459_K02653
F3MM_cell_motility	F3MM_03_Type_IV_pilus_twitching_motility	F3MM_03_M032_Type_IV_pilus_assembly_protein	F3MM_03_M032_Type_IV_pilus_assembly_protein_PilM	COG4972_K02662_*
F3MM_cell_motility	F3MM_03_Type_IV_pilus_twitching_motility	F3MM_03_M033_Type_IV_pilus_twitching_motility_protein	F3MM_03_M033_Type_IV_pilus_twitching_motility_protein_PilT	COG2805_K02669
F3MN_amino_acid_nitrogen_metabolism	F3MN_01_arginine_agmatine_deiminase_catabolic_pathway	F3MN_01_N001_Arginine_deiminase	F3MN_01_N001_Arginine_deiminase_arcA	COG2235_K01478
F3MN_amino_acid_nitrogen_metabolism	F3MN_01_arginine_agmatine_deiminase_catabolic_pathway	F3MN_01_N002_Agmatine_deiminase	F3MN_01_N002_Agmatine_deiminase_aguA	COG2957_K10536
F3MN_amino_acid_nitrogen_metabolism	F3MN_01_arginine_agmatine_deiminase_catabolic_pathway	F3MN_01_N003_Ornithine_carbamoyltransferase_catabolic	F3MN_01_N003_Ornithine_carbamoyltransferase_catabolic_arcB_argF	COG0078_K00611
F3MN_amino_acid_nitrogen_metabolism	F3MN_01_arginine_agmatine_deiminase_catabolic_pathway	F3MN_01_N004_Putrescine_carbamoyltransferase	F3MN_01_N004_Putrescine_carbamoyltransferase_aguB	COG0078_K13252
F3MN_amino_acid_nitrogen_metabolism	F3MN_01_arginine_agmatine_deiminase_catabolic_pathway	F3MN_01_N004_Putrescine_carbamoyltransferase	F3MN_01_N004_Putrescine_carbamoyltransferase_aguB	COG0388_K12251
F3MN_amino_acid_nitrogen_metabolism	F3MN_01_arginine_agmatine_deiminase_catabolic_pathway	F3MN_01_N005_Carbamate_kinase	F3MN_01_N005_Carbamate_kinase_arcC_aguC	COG0549_K00926
F3MN_amino_acid_nitrogen_metabolism	F3MN_02_arginine_succinyl_catabolic_pathway	F3MN_02_N006_Arginine_N-succinyltransferase	F3MN_02_N006_Arginine_N-succinyltransferase_astA	COG3138_K00673
F3MN_amino_acid_nitrogen_metabolism	F3MN_02_arginine_succinyl_catabolic_pathway	F3MN_02_N007_N-succinylarginine_dihydrolase	F3MN_02_N007_N-succinylarginine_dihydrolase_astB	COG3724_K01484
F3MN_amino_acid_nitrogen_metabolism	F3MN_02_arginine_succinyl_catabolic_pathway	F3MN_02_N008_Succinylornithine_transaminase	F3MN_02_N008_Succinylornithine_transaminase_astC	COG4992_K00840
F3MN_amino_acid_nitrogen_metabolism	F3MN_02_arginine_succinyl_catabolic_pathway	F3MN_02_N009_Succinylglutamate_semialdehyde_dehydrogenase	F3MN_02_N009_Succinylglutamate_semialdehyde_dehydrogenase_astD	COG1012_K06447
F3MN_amino_acid_nitrogen_metabolism	F3MN_02_arginine_succinyl_catabolic_pathway	F3MN_02_N010_Succinylglutamate_desuccinylase	F3MN_02_N010_Succinylglutamate_desuccinylase_astE	COG2988_K05526
F3MN_amino_acid_nitrogen_metabolism	F3MN_03_polyamine_production_superpathway	F3MN_03_N011_Arginine_decarboxylase	F3MN_03_N011_Arginine_decarboxylase_adiA	COG1982_K01584
F3MN_amino_acid_nitrogen_metabolism	F3MN_03_polyamine_production_superpathway	F3MN_03_N011_Arginine_decarboxylase	F3MN_03_N011_Arginine_decarboxylase_speA	COG1166_K01585
F3MN_amino_acid_nitrogen_metabolism	F3MN_03_polyamine_production_superpathway	F3MN_03_N012_Agmatinase	F3MN_03_N012_Agmatinase_speB	COG0010_K12255
F3MN_amino_acid_nitrogen_metabolism	F3MN_03_polyamine_production_superpathway	F3MN_03_N013_Ornithine_decarboxylase	F3MN_03_N013_Ornithine_decarboxylase_speC	COG0019_K01581
F3MN_amino_acid_nitrogen_metabolism	F3MN_03_polyamine_production_superpathway	F3MN_03_N013_Ornithine_decarboxylase	F3MN_03_N013_Ornithine_decarboxylase_speF	COG1982_K01581
F3MN_amino_acid_nitrogen_metabolism	F3MN_03_polyamine_production_superpathway	F3MN_03_N014_S-adenosylmethionine_decarboxylase	F3MN_03_N014_S-adenosylmethionine_decarboxylase_speD	COG1586_K01611
F3MN_amino_acid_nitrogen_metabolism	F3MN_03_polyamine_production_superpathway	F3MN_03_N015_Spermidine_synthase_Putrescine_aminopropyltransferase	F3MN_03_N015_Spermidine_synthase_Putrescine_aminopropyltransferase_speE	COG0421_K00797
F3MN_amino_acid_nitrogen_metabolism	F3MN_03_polyamine_production_superpathway	F3MN_03_N016_permidine_diamine_N1-acetyltransferase	F3MN_03_N016_Spermidine_diamine_N1-acetyltransferase_speG	COG1670_K00657
F3MN_amino_acid_nitrogen_metabolism	F3MN_04_lysine_decarboxylase_catabolic_pathway	F3MN_04_N017_Lysine_decarboxylase	F3MN_04_N017_Lysine_arginine_decarboxylase_yaaO	COG1982
F3MN_amino_acid_nitrogen_metabolism	F3MN_04_lysine_decarboxylase_catabolic_pathway	F3MN_04_N017_Lysine_decarboxylase	F3MN_04_N017_Lysine_decarboxylase_cadA	COG1982_K01582_*
F3MN_amino_acid_nitrogen_metabolism	F3MN_05_putrescine_cadaverine_aminobutanoate_catabolic_pathway	F3MN_05_N018_Putrescine_cadaverine_aminotransferase	F3MN_05_N018_Putrescine_cadaverine_aminotransferase_patA	COG4992_K09251
F3MN_amino_acid_nitrogen_metabolism	F3MN_05_putrescine_cadaverine_aminobutanoate_catabolic_pathway	F3MN_05_N019_Gamma-aminobutyraldehyde_dehydrogenase	F3MN_05_N019_Gamma-aminobutyraldehyde_dehydrogenase_patD	COG1012_K00137
F3MN_amino_acid_nitrogen_metabolism	F3MN_05_putrescine_cadaverine_aminobutanoate_catabolic_pathway	F3MN_05_N020_Glutamate-putrescine_ligase	F3MN_05_N020_Glutamate-putrescine_ligase_puuA	COG0174_K09470
F3MN_amino_acid_nitrogen_metabolism	F3MN_05_putrescine_cadaverine_aminobutanoate_catabolic_pathway	F3MN_05_N021_Gamma-glutamylputrescine_oxidase	F3MN_05_N021_Gamma-glutamylputrescine_oxidase_puuB	COG0665_K09471
F3MN_amino_acid_nitrogen_metabolism	F3MN_05_putrescine_cadaverine_aminobutanoate_catabolic_pathway	F3MN_05_N022_Gamma-aminobutaraldehyde_dehydrogenase	F3MN_05_N022_Gamma-aminobutaraldehyde_dehydrogenase_puuC	COG1012_K09472
F3MN_amino_acid_nitrogen_metabolism	F3MN_05_putrescine_cadaverine_aminobutanoate_catabolic_pathway	F3MN_05_N023_Gamma-glutamyl-gamma-aminobutyrate_hydrolase	F3MN_05_N023_Gamma-glutamyl-gamma-aminobutyrate_hydrolase_puuD	COG2071_K09473
F3MN_amino_acid_nitrogen_metabolism	F3MN_05_putrescine_cadaverine_aminobutanoate_catabolic_pathway	F3MN_05_N024_4-aminobutyrate_aminotransferase	F3MN_05_N024_4-aminobutyrate_aminotransferase_gabT	COG0160_K14268
F3MN_amino_acid_nitrogen_metabolism	F3MN_05_putrescine_cadaverine_aminobutanoate_catabolic_pathway	F3MN_05_N024_4-aminobutyrate_aminotransferase	F3MN_05_N024_4-aminobutyrate_aminotransferase_puuE	COG0160_K00823
F3MN_amino_acid_nitrogen_metabolism	F3MN_05_putrescine_cadaverine_aminobutanoate_catabolic_pathway	F3MN_05_N025_Succinate-semialdehyde_dehydrogenase	F3MN_05_N025_Succinate-semialdehyde_dehydrogenase_NADP+_gabD	COG1012_K00135
F3MN_amino_acid_nitrogen_metabolism	F3MN_05_putrescine_cadaverine_aminobutanoate_catabolic_pathway	F3MN_05_N026_Glutarate_dioxygenase	F3MN_05_N026_Glutarate_dioxygenase_glaH	2CG84_K15737
F3MN_amino_acid_nitrogen_metabolism	F3MN_05_putrescine_cadaverine_aminobutanoate_catabolic_pathway	F3MN_05_N027_L-2-hydroxyglutarate_oxidase	F3MN_05_N027_L-2-hydroxyglutarate_oxidase_lhgO	COG0579_K15736_*
F3MN_amino_acid_nitrogen_metabolism	F3MN_06_aromatic-L-amino-acid_decarboxylase_catabolic_pathway	F3MN_06_N028_Tyrosine_decarboxylase	F3MN_06_N028_Tyrosine_decarboxylase_tdcA	COG0076_K22330
F3MN_amino_acid_nitrogen_metabolism	F3MN_06_aromatic-L-amino-acid_decarboxylase_catabolic_pathway	F3MN_06_N029_Histidine_decarboxylase	F3MN_06_N029_Histidine_decarboxylase_hdcA	COG0076_K01590
F3MN_amino_acid_nitrogen_metabolism	F3MN_06_aromatic-L-amino-acid_decarboxylase_catabolic_pathway	F3MN_06_N030_L-tryptophan_decarboxylase	F3MN_06_N030_L-tryptophan_decarboxylase_tdcB	COG0076_K01593
F3MN_amino_acid_nitrogen_metabolism	F3MN_06_aromatic-L-amino-acid_decarboxylase_catabolic_pathway	F3MN_06_N031_Phenylalanine_L-2-4-diaminobutyrate_decarboxylase	F3MN_06_N031_Phenylalanine_L-2-4-diaminobutyrate_decarboxylase_ddc	COG0076_K13745
F3MN_amino_acid_nitrogen_metabolism	F3MN_06_aromatic-L-amino-acid_decarboxylase_catabolic_pathway	F3MN_06_N032_General_aromatic-L-amino-acid_decarboxylase	F3MN_06_N032_General_aromatic-L-amino-acid_decarboxylase_tdc	COG0076
F3MN_amino_acid_nitrogen_metabolism	F3MN_07_phenylalanine_aerobic_catabolic_pathway	F3MN_07_N033_Phenylethylamine_oxidase	F3MN_07_N033_Phenylethylamine_oxidase_tynA	COG3733_K00276
F3MN_amino_acid_nitrogen_metabolism	F3MN_07_phenylalanine_aerobic_catabolic_pathway	F3MN_07_N034_Phenylacetaldehyde_dehydrogenase	F3MN_07_N034_Phenylacetaldehyde_dehydrogenase_feaB	COG1012_K00146
F3MN_amino_acid_nitrogen_metabolism	F3MN_07_phenylalanine_aerobic_catabolic_pathway	F3MN_07_N035_Phenylacetate-CoA_oxygenase	F3MN_07_N035_Phenylacetate_degradation_iron-sulfur_cluster_assembly_subunit_paaD	COG2151_K02612
F3MN_amino_acid_nitrogen_metabolism	F3MN_07_phenylalanine_aerobic_catabolic_pathway	F3MN_07_N035_Phenylacetate-CoA_oxygenase	F3MN_07_N035_Phenylacetate_degradation_oxidoreductase_paaE	COG1018_K02613
F3MN_amino_acid_nitrogen_metabolism	F3MN_07_phenylalanine_aerobic_catabolic_pathway	F3MN_07_N035_Phenylacetate-CoA_oxygenase	F3MN_07_N035_Phenylacetate-CoA_oxygenase_subunit_A_paaA	COG3396_K02609
F3MN_amino_acid_nitrogen_metabolism	F3MN_07_phenylalanine_aerobic_catabolic_pathway	F3MN_07_N035_Phenylacetate-CoA_oxygenase	F3MN_07_N035_Phenylacetate-CoA_oxygenase_subunit_B_paaB	COG3460_K02610
F3MN_amino_acid_nitrogen_metabolism	F3MN_07_phenylalanine_aerobic_catabolic_pathway	F3MN_07_N035_Phenylacetate-CoA_oxygenase	F3MN_07_N035_Phenylacetate-CoA_oxygenase_subunit_C_paaC	COG3396_K02611
F3MN_amino_acid_nitrogen_metabolism	F3MN_07_phenylalanine_aerobic_catabolic_pathway	F3MN_07_N036_Phenylacetate-CoA_ligase	F3MN_07_N036_Phenylacetate-CoA_ligase_paaK	COG1541_K01912
F3MN_amino_acid_nitrogen_metabolism	F3MN_07_phenylalanine_aerobic_catabolic_pathway	F3MN_07_N037_1-2-epoxyphenylacetyl-CoA_isomerase	F3MN_07_N037_1-2-epoxyphenylacetyl-CoA_isomerase_paaG	COG1024_K15866
F3MN_amino_acid_nitrogen_metabolism	F3MN_07_phenylalanine_aerobic_catabolic_pathway	F3MN_07_N038_Oxepin-CoA_hydrolase	F3MN_07_N038_Oxepin-CoA_hydrolase_paaN_Z	COG1012_K02618
F3MN_amino_acid_nitrogen_metabolism	F3MN_07_phenylalanine_aerobic_catabolic_pathway	F3MN_07_N039_Beta-ketoadipyl-CoA_thiolase	F3MN_07_N039_Beta-ketoadipyl-CoA_thiolase_paaJ	COG0183_K02615
F3MN_amino_acid_nitrogen_metabolism	F3MN_07_phenylalanine_aerobic_catabolic_pathway	F3MN_07_N040_2-3-dehydroadipyl-CoA_hydratase	F3MN_07_N040_2-3-dehydroadipyl-CoA_hydratase_paaF	COG1024_K01692
F3MN_amino_acid_nitrogen_metabolism	F3MN_07_phenylalanine_aerobic_catabolic_pathway	F3MN_07_N041_3-hydroxyadipyl-CoA_dehydrogenase	F3MN_07_N041_3-hydroxyadipyl-CoA_dehydrogenase_paaH	COG1250_K00074
F3MN_amino_acid_nitrogen_metabolism	F3MN_08_tryptophanase_pathway	F3MN_08_N042_Tryptophanase	F3MN_08_N042_Tryptophanase_tnaA	COG3033_K01667
F3MN_amino_acid_nitrogen_metabolism	F3MN_09_tryptophane_anthranilate_aerobic_catabolic_pathway	F3MN_09_N043_Heme-dependent_L-tryptophane_dioxygenase	F3MN_09_N043_Heme-dependent_L-tryptophane_dioxygenase_kynA	COG3483_K00453
F3MN_amino_acid_nitrogen_metabolism	F3MN_09_tryptophane_anthranilate_aerobic_catabolic_pathway	F3MN_09_N044_Kynurenine_formamidase	F3MN_09_N044_Kynurenine_formamidase_kynB	COG1878_K07130
F3MN_amino_acid_nitrogen_metabolism	F3MN_09_tryptophane_anthranilate_aerobic_catabolic_pathway	F3MN_09_N045_Kynureninase	F3MN_09_N045_Kynureninase_kynU	COG3844_K01556
F3MN_amino_acid_nitrogen_metabolism	F3MN_09_tryptophane_anthranilate_aerobic_catabolic_pathway	F3MN_09_N046_Anthranilate_dioxygenase	F3MN_09_N046_Anthranilate_dioxygenase_subunitA_antA	COG4638_K05599
F3MN_amino_acid_nitrogen_metabolism	F3MN_09_tryptophane_anthranilate_aerobic_catabolic_pathway	F3MN_09_N046_Anthranilate_dioxygenase	F3MN_09_N046_Anthranilate_dioxygenase_subunitB_antB	COG5517_K05600
F3MN_amino_acid_nitrogen_metabolism	F3MN_10_aspartate_glutamate_catabolic_pathways	F3MN_10_N047_Aspartate_decarboxylase	F3MN_10_N047_Aspartate_decarboxylase_aspD	COG0436_K09758
F3MN_amino_acid_nitrogen_metabolism	F3MN_10_aspartate_glutamate_catabolic_pathways	F3MN_10_N048_Glutamate_decarboxylase	F3MN_10_N048_Glutamate_decarboxylase_gadB	COG0076_K01580
F3MN_amino_acid_nitrogen_metabolism	F3MN_10_aspartate_glutamate_catabolic_pathways	F3MN_10_N049_Aspartate_ammonia-lyase	F3MN_10_N049_Aspartate_ammonia-lyase_AspA	COG1027_K01744
F3MN_amino_acid_nitrogen_metabolism	F3MN_10_aspartate_glutamate_catabolic_pathways	F3MN_10_N050_Aspartate_aminotransferase	F3MN_10_N050_Aspartate_aminotransferase_aspB	COG0436_K00812
F3MN_amino_acid_nitrogen_metabolism	F3MN_10_aspartate_glutamate_catabolic_pathways	F3MN_10_N050_Aspartate_aminotransferase	F3MN_10_N050_Aspartate_cysteine_aminotransferase_aspC	COG1448_K00813
F3MN_amino_acid_nitrogen_metabolism	F3MN_10_aspartate_glutamate_catabolic_pathways	F3MN_10_N051_L-asparaginase	F3MN_10_N051_L-asparaginase_asnA1	COG0252_K01424
F3MN_amino_acid_nitrogen_metabolism	F3MN_10_aspartate_glutamate_catabolic_pathways	F3MN_10_N051_L-asparaginase	F3MN_10_N051_L-asparaginase_asnA2	COG1446_K01424_*
F3MN_amino_acid_nitrogen_metabolism	F3MN_10_aspartate_glutamate_catabolic_pathways	F3MN_10_N052_Asparagine_synthase	F3MN_10_N052_Asparagine_synthase_asnB1	COG0367_K01953
F3MN_amino_acid_nitrogen_metabolism	F3MN_10_aspartate_glutamate_catabolic_pathways	F3MN_10_N052_Asparagine_synthase	F3MN_10_N052_Asparagine_synthase_asnB2	COG2502_K01914
F3MN_amino_acid_nitrogen_metabolism	F3MN_10_aspartate_glutamate_catabolic_pathways	F3MN_10_N053_Glutamate_dehydrogenase	F3MN_10_N053_Glutamate_dehydrogenase_gdhA	COG0334_K00262
F3MN_amino_acid_nitrogen_metabolism	F3MN_10_aspartate_glutamate_catabolic_pathways	F3MN_10_N053_Glutamate_dehydrogenase	F3MN_10_N053_Glutamate_dehydrogenase_gdhB	COG2902_K15371
F3MN_amino_acid_nitrogen_metabolism	F3MN_10_aspartate_glutamate_catabolic_pathways	F3MN_10_N054_Glutamate_synthase	F3MN_10_N054_Glutamate_synthase_large_subunit_gltB	COG0067_K00265
F3MN_amino_acid_nitrogen_metabolism	F3MN_10_aspartate_glutamate_catabolic_pathways	F3MN_10_N054_Glutamate_synthase	F3MN_10_N054_Glutamate_synthase_small_subunit_gltD	COG0493_K00266
F3MN_amino_acid_nitrogen_metabolism	F3MN_10_aspartate_glutamate_catabolic_pathways	F3MN_10_N055_Glutamine_synthase	F3MN_10_N055_Glutamine_synthase_glnA	COG0174_K01915
F3MN_amino_acid_nitrogen_metabolism	F3MN_10_aspartate_glutamate_catabolic_pathways	F3MN_10_N201_L-aspartate_dehydrogenase	F3MN_10_N201_L-aspartate_dehydrogenase_nadX	COG1712_K06989
F3MN_amino_acid_nitrogen_metabolism	F3MN_11_branched-chain_amino_acids_catabolic_pathways	F3MN_11_N056_Branched-chain_amino_acid_aminotransferase	F3MN_11_N056_Branched-chain_amino_acid_aminotransferase_ilvE	COG0115_K00826
F3MN_amino_acid_nitrogen_metabolism	F3MN_11_branched-chain_amino_acids_catabolic_pathways	F3MN_11_N057_2-oxoacid_decarboxylase	F3MN_11_N057_2-oxoacid_decarboxylase_kdcA	COG3961
F3MN_amino_acid_nitrogen_metabolism	F3MN_11_branched-chain_amino_acids_catabolic_pathways	F3MN_11_N058_2-oxoacid_dehydrogenase	F3MN_11_N058_2-oxoacid_dehydrogenase_E1_component_subunit_alpha_bkdA1	COG1071_K00166
F3MN_amino_acid_nitrogen_metabolism	F3MN_11_branched-chain_amino_acids_catabolic_pathways	F3MN_11_N058_2-oxoacid_dehydrogenase	F3MN_11_N058_2-oxoacid_dehydrogenase_E1_component_subunit_beta_bkdB2	COG0022_K00167
F3MN_amino_acid_nitrogen_metabolism	F3MN_11_branched-chain_amino_acids_catabolic_pathways	F3MN_11_N059_NADP-dependent_3-hydroxyisobutyrate_dehydrogenase	F3MN_11_N059_NADP-dependent_3-hydroxyisobutyrate_dehydrogenase_mmsB	COG2084_K00020
F3MN_amino_acid_nitrogen_metabolism	F3MN_11_branched-chain_amino_acids_catabolic_pathways	F3MN_11_N060_Methylmalonate-semialdehyde_dehydrogenase	F3MN_11_N060_Methylmalonate-semialdehyde_dehydrogenase_iolA_mmsA	COG1012_K00140
F3MN_amino_acid_nitrogen_metabolism	F3MN_11_branched-chain_amino_acids_catabolic_pathways	F3MN_11_N061_Leucine_dehydrogenase	F3MN_11_N061_Leucine_dehydrogenase_leuA	COG0334_K00263
F3MN_amino_acid_nitrogen_metabolism	F3MN_11_branched-chain_amino_acids_catabolic_pathways	F3MN_11_N062_Acetyl-CoA_propionyl-CoA_carboxylase	F3MN_11_N062_Acetyl-CoA_propionyl-CoA_carboxylase_pccA	COG4770_K11263
F3MN_amino_acid_nitrogen_metabolism	F3MN_12_serine_threonine_catabolic_pathways	F3MN_12_N063_L-threonine_deaminase	F3MN_12_N063_L-threonine_deaminase_tdcB	COG1171_K01754
F3MN_amino_acid_nitrogen_metabolism	F3MN_12_serine_threonine_catabolic_pathways	F3MN_12_N064_L-serine_hydroxymethyltransferase	F3MN_12_N064_L-serine_hydroxymethyltransferase_glyA	COG0112_K00600
F3MN_amino_acid_nitrogen_metabolism	F3MN_12_serine_threonine_catabolic_pathways	F3MN_12_N065_L-serine_deaminase	F3MN_12_N065_L-serine_deaminase_sdaAB	COG1760_K01752
F3MN_amino_acid_nitrogen_metabolism	F3MN_12_serine_threonine_catabolic_pathways	F3MN_12_N065_L-serine_deaminase	F3MN_12_N065_L-serine_deaminase_sdaAB	COG3048_K01753
F3MN_amino_acid_nitrogen_metabolism	F3MN_12_serine_threonine_catabolic_pathways	F3MN_12_N220_L-threonine_dehydrogenase	F3MN_12_N220_L-threonine_dehydrogenase_tdh	COG1063_K00060
F3MN_amino_acid_nitrogen_metabolism	F3MN_12_serine_threonine_catabolic_pathways	F3MN_12_N112_L-threonine_aldolase	F3MN_12_N112_L-threonine_aldolase_ltaE	COG2008_K01620
F3MN_amino_acid_nitrogen_metabolism	F3MN_13_glycine_alanine_catabolic_pathways	F3MN_13_N066_Glycine_decarboxylase	F3MN_13_N066_Glycine_cleavage_system_aminomethyltransferase_gcvT	COG0404_K00605
F3MN_amino_acid_nitrogen_metabolism	F3MN_13_glycine_alanine_catabolic_pathways	F3MN_13_N066_Glycine_decarboxylase	F3MN_13_N066_Glycine_cleavage_system_H_protein_gcvH	COG0509_K02437
F3MN_amino_acid_nitrogen_metabolism	F3MN_13_glycine_alanine_catabolic_pathways	F3MN_13_N066_Glycine_decarboxylase	F3MN_13_N066_Glycine_decarboxylase_subunit_alpha_gcvpA	COG0403_K00282
F3MN_amino_acid_nitrogen_metabolism	F3MN_13_glycine_alanine_catabolic_pathways	F3MN_13_N066_Glycine_decarboxylase	F3MN_13_N066_Glycine_decarboxylase_subunit_beta_gcvpB	COG1003_K00283
F3MN_amino_acid_nitrogen_metabolism	F3MN_13_glycine_alanine_catabolic_pathways	F3MN_13_N066_Glycine_decarboxylase	F3MN_13_N066_Glycine_decarboxylase_gcvP	COG0403_K00281
F3MN_amino_acid_nitrogen_metabolism	F3MN_13_glycine_alanine_catabolic_pathways	F3MN_13_N067_2-amino-3-ketobutyrate_CoA_ligase	F3MN_13_N067_2-amino-3-ketobutyrate_CoA_ligase_kbl	COG0156_K00639
F3MN_amino_acid_nitrogen_metabolism	F3MN_13_glycine_alanine_catabolic_pathways	F3MN_13_N068_D-alanine_dehydrogenase_deaminating	F3MN_13_N068_D-alanine_dehydrogenase_deaminating_dadA	COG0665_K00285
F3MN_amino_acid_nitrogen_metabolism	F3MN_13_glycine_alanine_catabolic_pathways	F3MN_13_N069_Alanine_racemase	F3MN_13_N069_Alanine_racemase_alr	COG0787_K01775
F3MN_amino_acid_nitrogen_metabolism	F3MN_13_glycine_alanine_catabolic_pathways	F3MN_13_N210_L-alanine_dehydrogenase_deaminating	F3MN_13_N210_L-alanine_dehydrogenase_deaminating_aldA	COG0686_K00259
F3MN_amino_acid_nitrogen_metabolism	F3MN_14_methionine_cysteine_catabolic_pathways	F3MN_14_N070_Methionine-gamma_lyase	F3MN_14_N070_Methionine-gamma_lyase_mdeA	COG0626_K01761
F3MN_amino_acid_nitrogen_metabolism	F3MN_14_methionine_cysteine_catabolic_pathways	F3MN_14_N071_L-cysteine_desulfhydrase	F3MN_14_N071_L-cysteine_desulfhydrase_metC	COG0626_K01760_*
F3MN_amino_acid_nitrogen_metabolism	F3MN_14_methionine_cysteine_catabolic_pathways	F3MN_14_N072_3-mercaptopyruvate_sulfurtransferase	F3MN_14_N072_3-mercaptopyruvate_sulfurtransferase_sseA	COG2897_K01011
F3MN_amino_acid_nitrogen_metabolism	F3MN_14_methionine_cysteine_catabolic_pathways	F3MN_14_N229_Methanethiol S-methyltransferase	F3MN_14_N229_Methanethiol S-methyltransferase_mddA	COG2020_K21310
F3MN_amino_acid_nitrogen_metabolism	F3MN_15_glutathione-catabolic_pathway	F3MN_15_N073_Glutathione_hydrolase	F3MN_15_N073_Glutathione_hydrolase_ggt	COG0405_K00681
F3MN_amino_acid_nitrogen_metabolism	F3MN_16_carnitine_choline_trimethylamine_catabolic_superpathway	F3MN_16_N074_L-carnitine_monooxygenase	F3MN_16_N074_L-carnitine_monooxygenase_alpha-subunit_yeaW	COG4638_K22443
F3MN_amino_acid_nitrogen_metabolism	F3MN_16_carnitine_choline_trimethylamine_catabolic_superpathway	F3MN_16_N074_L-carnitine_monooxygenase	F3MN_16_N074_L-carnitine_monooxygenase_beta-subunit_yeaX	COG1018_K22444
F3MN_amino_acid_nitrogen_metabolism	F3MN_16_carnitine_choline_trimethylamine_catabolic_superpathway	F3MN_16_N075_Choline-trimethylamine_lyase	F3MN_16_N075_Choline-trimethylamine_lyase__alpha-subunit_cutC	COG1882_K20038
F3MN_amino_acid_nitrogen_metabolism	F3MN_16_carnitine_choline_trimethylamine_catabolic_superpathway	F3MN_16_N075_Choline-trimethylamine_lyase	F3MN_16_N075_Choline-trimethylamine_lyase__beta-subunit_cutC	COG1180_K20037
F3MN_amino_acid_nitrogen_metabolism	F3MN_16_carnitine_choline_trimethylamine_catabolic_superpathway	F3MN_16_N077_Choline_dehydrogenase	F3MN_16_N077_Choline_dehydrogenase_betA	COG2303_K00108
F3MN_amino_acid_nitrogen_metabolism	F3MN_16_carnitine_choline_trimethylamine_catabolic_superpathway	F3MN_16_N078_Betaine_aldehyde_dehydrogenase	F3MN_16_N078_Betaine_aldehyde_dehydrogenase_betB	COG1012_K00130
F3MN_amino_acid_nitrogen_metabolism	F3MN_16_carnitine_choline_trimethylamine_catabolic_superpathway	F3MN_16_N079_Glycine_betaine_monooxygenase	F3MN_16_N079_Glycine_betaine_monooxygenase_gbcA	COG4638_K00479
F3MN_amino_acid_nitrogen_metabolism	F3MN_16_carnitine_choline_trimethylamine_catabolic_superpathway	F3MN_16_N080_Creatininase	F3MN_16_N080_Creatininase_crnA	COG1402_K01470
F3MN_amino_acid_nitrogen_metabolism	F3MN_16_carnitine_choline_trimethylamine_catabolic_superpathway	F3MN_16_N081_Creatinase	F3MN_16_N081_Creatinase_creA	COG0006_K08688
F3MN_amino_acid_nitrogen_metabolism	F3MN_16_carnitine_choline_trimethylamine_catabolic_superpathway	F3MN_16_N082_Sarcosine_oxidase	F3MN_16_N082_Sarcosine_oxidase_subunit_alpha_1_soxA1	COG0665_K00301
F3MN_amino_acid_nitrogen_metabolism	F3MN_16_carnitine_choline_trimethylamine_catabolic_superpathway	F3MN_16_N082_Sarcosine_oxidase	F3MN_16_N082_Sarcosine_oxidase_subunit_alpha_2_soxA2	COG0404_K00302
F3MN_amino_acid_nitrogen_metabolism	F3MN_16_carnitine_choline_trimethylamine_catabolic_superpathway	F3MN_16_N082_Sarcosine_oxidase	F3MN_16_N082_Sarcosine_oxidase_subunit_beta_soxB	COG0665_K00303
F3MN_amino_acid_nitrogen_metabolism	F3MN_16_carnitine_choline_trimethylamine_catabolic_superpathway	F3MN_16_N082_Sarcosine_oxidase	F3MN_16_N082_Sarcosine_oxidase_subunit_delta_soxD	COG4311_K00304
F3MN_amino_acid_nitrogen_metabolism	F3MN_16_carnitine_choline_trimethylamine_catabolic_superpathway	F3MN_16_N082_Sarcosine_oxidase	F3MN_16_N082_Sarcosine_oxidase_subunit_gamma_soxG	COG4583_K00305
F3MN_amino_acid_nitrogen_metabolism	F3MN_17_peptides_catabolic_pathways	F3MN_17_N083_M42_glutamyl_aminopeptidase_pepA1	F3MN_17_N083_M42_glutamyl_aminopeptidase_pepA1	COG1363_K01261_K01269
F3MN_amino_acid_nitrogen_metabolism	F3MN_17_peptides_catabolic_pathways	F3MN_17_N084_Leucyl_aminopeptidase_A_pepA2	F3MN_17_N084_Leucyl_aminopeptidase_A_pepA2	COG0260_K01255
F3MN_amino_acid_nitrogen_metabolism	F3MN_17_peptides_catabolic_pathways	F3MN_17_N085_Aminopeptidase_N_pepN	F3MN_17_N085_Aminopeptidase_N_pepN	COG0308_K01256_*
F3MN_amino_acid_nitrogen_metabolism	F3MN_17_peptides_catabolic_pathways	F3MN_17_N086_Xaa-Pro_aminopeptidase_P_pepP	F3MN_17_N086_Xaa-Pro_aminopeptidase_P_pepP	COG0006_K01262_*
F3MN_amino_acid_nitrogen_metabolism	F3MN_17_peptides_catabolic_pathways	F3MN_17_N087_Xaa-His_dipeptidase_D_pepD	F3MN_17_N087_Xaa-His_dipeptidase_D_pepD	COG2195_K01270
F3MN_amino_acid_nitrogen_metabolism	F3MN_17_peptides_catabolic_pathways	F3MN_17_N088_DipeptidaseV_pepV	F3MN_17_N088_DipeptidaseV_pepV	COG0624_K01270_*
F3MN_amino_acid_nitrogen_metabolism	F3MN_17_peptides_catabolic_pathways	F3MN_17_N089_Xaa-Pro_aminopeptidase_Q_pepQ	F3MN_17_N089_Xaa-Pro_aminopeptidase_Q_pepQ	COG0006_K01271
F3MN_amino_acid_nitrogen_metabolism	F3MN_17_peptides_catabolic_pathways	F3MN_17_N090_Xaa-Pro_dipeptidyl-peptidase_X_pepX	F3MN_17_N090_Xaa-Pro_dipeptidyl-peptidase_X_pepX	COG2936_K01281
F3MN_amino_acid_nitrogen_metabolism	F3MN_17_peptides_catabolic_pathways	F3MN_17_N091_Peptidase_C1-like_family_C_pepC	F3MN_17_N091_Peptidase_C1-like_family_C_pepC	COG3579_K01372
F3MN_amino_acid_nitrogen_metabolism	F3MN_17_peptides_catabolic_pathways	F3MN_17_N092_dipeptidase_E_pepE	F3MN_17_N092_dipeptidase_E_pepE	COG3340_K05995_*
F3MN_amino_acid_nitrogen_metabolism	F3MN_17_peptides_catabolic_pathways	F3MN_17_N093_Peptidase_O_family_M13_pepO	F3MN_17_N093_Peptidase_O_family_M13_pepO	COG3590_K07386
F3MN_amino_acid_nitrogen_metabolism	F3MN_17_peptides_catabolic_pathways	F3MN_17_N094_Aminopeptidase_B_pepB	F3MN_17_N094_Aminopeptidase_B_pepB	COG0260_K07751
F3MN_amino_acid_nitrogen_metabolism	F3MN_17_peptides_catabolic_pathways	F3MN_17_N095_Oligopeptidase_F_pepF	F3MN_17_N095_Oligopeptidase_F_pepF	COG1164_K08602
F3MN_amino_acid_nitrogen_metabolism	F3MN_17_peptides_catabolic_pathways	F3MN_17_N096_Dipeptidase_family_C69_pepDA	F3MN_17_N096_Dipeptidase_family_C69_pepDA	COG4690_K08659
F3MN_amino_acid_nitrogen_metabolism	F3MN_17_peptides_catabolic_pathways	F3MN_17_N097_Leucyl_aminopeptidase_S_pepS1	F3MN_17_N097_Leucyl_aminopeptidase_S_pepS1	COG2309_K19689
F3MN_amino_acid_nitrogen_metabolism	F3MN_17_peptides_catabolic_pathways	F3MN_17_N098_Leucyl_aminopeptidase_S_pepS2	F3MN_17_N098_Leucyl_aminopeptidase_S_pepS2	COG2309_K18028
F3MN_amino_acid_nitrogen_metabolism	F3MN_17_peptides_catabolic_pathways	F3MN_17_N099_Tripeptide_aminopeptidase_t_pepT	F3MN_17_N099_Tripeptide_aminopeptidase_t_pepT	COG2195_K01258_*
F3MN_amino_acid_nitrogen_metabolism	F3MN_17_peptides_catabolic_pathways	F3MN_17_N100_Proline_iminopeptidase_R_pepR	F3MN_17_N100_Proline_iminopeptidase_R_pepR	COG2267_K01259
F3MN_amino_acid_nitrogen_metabolism	F3MN_17_peptides_catabolic_pathways	F3MN_17_N101_Methionine_Aminopeptidase_map	F3MN_17_N101_Methionine_Aminopeptidase_map	COG0024_K01265
F3MN_amino_acid_nitrogen_metabolism	F3MN_17_peptides_catabolic_pathways	F3MN_17_N102_L-aminopeptidase_family_S58_dmpA	F3MN_17_N102_L-aminopeptidase_family_S58_dmpA	COG3191_K01266
F3MN_amino_acid_nitrogen_metabolism	F3MN_17_peptides_catabolic_pathways	F3MN_17_N103_Membrane_dipeptidase_Peptidase_family_M19_acdP	F3MN_17_N103_Membrane_dipeptidase_Peptidase_family_M19_acdP	COG2355_K01273
F3MN_amino_acid_nitrogen_metabolism	F3MN_17_peptides_catabolic_pathways	F3MN_17_N104_D-alanyl-D-alanine_carboxypeptidase_dacA	F3MN_17_N104_D-alanyl-D-alanine_carboxypeptidase_dacA	COG1686_K07258_*
F3MN_amino_acid_nitrogen_metabolism	F3MN_17_peptides_catabolic_pathways	F3MN_17_N105_LD-carboxypeptidase_ldcA	F3MN_17_N105_LD-carboxypeptidase_ldcA	COG1619_K01297
F3MN_amino_acid_nitrogen_metabolism	F3MN_17_peptides_catabolic_pathways	F3MN_17_N106_Peptidase_family_M28_cpg2	F3MN_17_N106_Peptidase_family_M28_cpg2	COG0624_K01295
F3MN_amino_acid_nitrogen_metabolism	F3MN_17_peptides_catabolic_pathways	F3MN_17_N107_Prolyl_oligopeptidase_apeH	F3MN_17_N107_Prolyl_oligopeptidase_apeH	COG1506_K01303
F3MN_amino_acid_nitrogen_metabolism	F3MN_17_peptides_catabolic_pathways	F3MN_17_N108_Prolyl_oligopeptidase_yycE	F3MN_17_N108_Prolyl_oligopeptidase_yycE	COG1505_K01322
F3MN_amino_acid_nitrogen_metabolism	F3MN_17_peptides_catabolic_pathways	F3MN_17_N109_Prolyl_oligopeptidase_ptrB	F3MN_17_N109_Prolyl_oligopeptidase_ptrB	COG1770_K01354
F3MN_amino_acid_nitrogen_metabolism	F3MN_17_peptides_catabolic_pathways	F3MN_17_N116_Broad_specificity_carboxypeptidase_ypwA	F3MN_17_N116_Broad_specificity_carboxypeptidase_ypwA	COG2317_K01299
F3MN_amino_acid_nitrogen_metabolism	F3MN_17_peptides_catabolic_pathways	F3MN_17_N118_pyroglutamyl-peptidase_pcp	F3MN_17_N118_pyroglutamyl-peptidase_pcp	COG2039_K01304
F3MN_amino_acid_nitrogen_metabolism	F3MN_17_peptides_catabolic_pathways	F3MN_17_N119_Serine_aminopeptidase_S33_est	F3MN_17_N119_Serine_aminopeptidase_S33_est	COG1647_K03928
F3MN_amino_acid_nitrogen_metabolism	F3MN_18_proteins_catabolic_pathways	F3MN_18_N110_Cell_wall_associated_lactocepin_proteinase_prtP	F3MN_18_N110_Cell_wall_associated_lactocepin_proteinase_prtP	COG1404_K01361
F3MN_amino_acid_nitrogen_metabolism	F3MN_18_proteins_catabolic_pathways	F3MN_18_N114_Zinc-dependent_metalloprotease_prtA	F3MN_18_N114_Zinc-dependent_metalloprotease_prtA	COG2931_K01406
F3MN_amino_acid_nitrogen_metabolism	F3MN_18_proteins_catabolic_pathways	F3MN_18_N115_Zinc-dependent_metalloprotease_Elastase_prt1	F3MN_18_N115_Zinc-dependent_metalloprotease_Elastase_prt1	COG3227_K01400
F3MN_amino_acid_nitrogen_metabolism	F3MN_18_proteins_catabolic_pathways	F3MN_18_N117_Glycoprotease_yeaZ	F3MN_18_N117_Glycoprotease_yeaZ	COG1214_K14742
F3MN_amino_acid_nitrogen_metabolism	F3MN_18_proteins_catabolic_pathways	F3MN_18_N120_Cytoplasmic_membrane_rhomboid_protease_glpG	F3MN_18_N120_Cytoplasmic_membrane_rhomboid_protease_glpG	COG0705_K02441
F3MN_amino_acid_nitrogen_metabolism	F3MN_18_proteins_catabolic_pathways	F3MN_18_N121_Carboxyl-terminal_processing_protease_ctpA	F3MN_18_N121_Carboxyl-terminal_processing_protease_ctpA	COG0793_K03797
F3MN_amino_acid_nitrogen_metabolism	F3MN_18_proteins_catabolic_pathways	F3MN_18_N124_Intracellular_protease_pfpI	F3MN_18_N124_Intracellular_protease_pfpI	COG0693_K05520
F3MN_amino_acid_nitrogen_metabolism	F3MN_18_proteins_catabolic_pathways	F3MN_18_N125_Phage_prohead_protease_GK97-family	F3MN_18_N125_Phage_prohead_protease_GK97-family	COG3740_K06904
F3MN_amino_acid_nitrogen_metabolism	F3MN_18_proteins_catabolic_pathways	F3MN_18_N126_CAAX_amino_terminal_protease_family	F3MN_18_N126_CAAX_amino_terminal_protease_family	COG1266_K07052
F3MN_amino_acid_nitrogen_metabolism	F3MN_18_proteins_catabolic_pathways	F3MN_18_N127_Collagenase-family_protease_yegQ	F3MN_18_N127_Collagenase-family_protease_yegQ	COG0826_K08303
F3MN_amino_acid_nitrogen_metabolism	F3MN_18_proteins_catabolic_pathways	F3MN_18_N128_Zinc-dependent_metalloprotease_rseP	F3MN_18_N128_Zinc-dependent_metalloprotease_rseP	COG0750_K11749
F3MN_amino_acid_nitrogen_metabolism	F3MN_18_proteins_catabolic_pathways	F3MN_18_N129_M6_family_metalloprotease_domain_protein_wprA	F3MN_18_N129_M6_family_metalloprotease_domain_protein_wprA	COG1404_K20276
F3MN_amino_acid_nitrogen_metabolism	F3MN_19_cysteine_biosynthesis	F3MN_19_N130_Serine_acetyltransferase	F3MN_19_N130_Serine_acetyltransferase_cysE	COG1045_K00640
F3MN_amino_acid_nitrogen_metabolism	F3MN_19_cysteine_biosynthesis	F3MN_19_N131_Cysteine_synthase_B	F3MN_19_N131_Cysteine_synthase_B_cysM	COG0031_K12339
F3MN_amino_acid_nitrogen_metabolism	F3MN_19_cysteine_biosynthesis	F3MN_19_N132_O-acetyl-L-serine_sulfhydrylase_cysteine_synthase_A	F3MN_19_N132_O-acetyl-L-serine_sulfhydrylase_cysteine_synthase_A_cysK	COG0031_K01738
F3MN_amino_acid_nitrogen_metabolism	F3MN_20_methionine_biosynthesis	F3MN_20_N133_Aspartate_kinase	F3MN_20_N133_Aspartate_kinase_lysC	COG0527_K00928
F3MN_amino_acid_nitrogen_metabolism	F3MN_20_methionine_biosynthesis	F3MN_20_N134_Aspartate-semialdehyde_dehydrogenase	F3MN_20_N134_Aspartate-semialdehyde_dehydrogenase_asd	COG0136_K00133
F3MN_amino_acid_nitrogen_metabolism	F3MN_20_methionine_biosynthesis	F3MN_20_N135_Bifunctional_aspartate_kinase_homoserine_dehydrogenase	F3MN_20_N135_Bifunctional_aspartate_kinase_homoserine_dehydrogenase_metL	COG0460_K12524
F3MN_amino_acid_nitrogen_metabolism	F3MN_20_methionine_biosynthesis	F3MN_20_N135_Homoserine_dehydrogenase	F3MN_20_N135_Homoserine_dehydrogenase_hom	COG0460_K00003
F3MN_amino_acid_nitrogen_metabolism	F3MN_20_methionine_biosynthesis	F3MN_20_N136_Homoserine_O-succinyltransferase	F3MN_20_N136_Homoserine_O-succinyltransferase_metA	COG1897_K00651
F3MN_amino_acid_nitrogen_metabolism	F3MN_20_methionine_biosynthesis	F3MN_20_N137_Homoserine_O-succinyl_lyase	F3MN_20_N137_Homoserine_O-succinyl_lyase_metB	COG0626_K01739
F3MN_amino_acid_nitrogen_metabolism	F3MN_20_methionine_biosynthesis	F3MN_20_N138_Cystathionine_gamma-lyase	F3MN_20_N138_Cystathionine_gamma-lyase_malY	COG1168_K14155
F3MN_amino_acid_nitrogen_metabolism	F3MN_20_methionine_biosynthesis	F3MN_20_N139_Cobalamin-independent_methionine_synthase_I	F3MN_20_N139_Cobalamin-independent_methionine_synthase_I_metE	COG0620_K00549
F3MN_amino_acid_nitrogen_metabolism	F3MN_20_methionine_biosynthesis	F3MN_20_N140_Cobalamin-dependent_methionine_synthase_II	F3MN_20_N140_Cobalamin-dependent_methionine_synthase_II_metH	COG0646_K00548
F3MN_amino_acid_nitrogen_metabolism	F3MN_20_methionine_biosynthesis	F3MN_20_N141_Homoserine_O-acetyltransferase	F3MN_20_N141_Homoserine_O-acetyltransferase_metX	COG2021_K00641
F3MN_amino_acid_nitrogen_metabolism	F3MN_20_methionine_biosynthesis	F3MN_20_N142_Homocysteine_S-methyltransferase	F3MN_20_N142_O-acetyl-L-homoserine_sulfhydrolase_metY	COG2873_K01740
F3MN_amino_acid_nitrogen_metabolism	F3MN_20_methionine_biosynthesis	F3MN_20_N143_Homocysteine_S-methyltransferase	F3MN_20_N143_Homocysteine_S-methyltransferase_mmuM	COG2040_K00547
F3MN_amino_acid_nitrogen_metabolism	F3MN_21_threonine_biosynthesis	F3MN_21_N144_Threonine_synthase	F3MN_21_N144_Threonine_synthase_thrC	COG0498_K01733
F3MN_amino_acid_nitrogen_metabolism	F3MN_21_threonine_biosynthesis	F3MN_21_N145_Homoserine_kinase	F3MN_21_N145_Homoserine_kinase_thrB	COG0083_K00872
F3MN_amino_acid_nitrogen_metabolism	F3MN_22_serine_biosynthesis	F3MN_22_N146_Phosphoglycerate_dehydrogenase	F3MN_22_N146_Phosphoglycerate_dehydrogenase_serA	COG0111_K00058
F3MN_amino_acid_nitrogen_metabolism	F3MN_22_serine_biosynthesis	F3MN_22_N146_Phosphoglycerate_dehydrogenase	F3MN_22_N146_Phosphoglycerate_dehydrogenase_serA	COG1052_K00058
F3MN_amino_acid_nitrogen_metabolism	F3MN_22_serine_biosynthesis	F3MN_22_N147_Phosphoserine_phosphatase	F3MN_22_N147_Phosphoserine_phosphatase_serB	COG0560_K01079
F3MN_amino_acid_nitrogen_metabolism	F3MN_22_serine_biosynthesis	F3MN_22_N148_Phosphoserine_phosphohydroxythreonine_aminotransferase	F3MN_22_N148_Phosphoserine_phosphohydroxythreonine_aminotransferase_serC	COG1932_K00831
F3MN_amino_acid_nitrogen_metabolism	F3MN_23_lysine_aminopimelate_biosynthesis	F3MN_23_N122_Diaminopimelate_dehydrogenase	F3MN_23_N122_Diaminopimelate_dehydrogenase_dapDH	COG1748_K03340
F3MN_amino_acid_nitrogen_metabolism	F3MN_23_lysine_aminopimelate_biosynthesis	F3MN_23_N149_4-hydroxy-tetrahydrodipicolinate_synthase	F3MN_23_N149_4-hydroxy-tetrahydrodipicolinate_synthase_dapA	COG0329_K01714
F3MN_amino_acid_nitrogen_metabolism	F3MN_23_lysine_aminopimelate_biosynthesis	F3MN_23_N150_4-hydroxy-tetrahydrodipicolinate_reductase	F3MN_23_N150_4-hydroxy-tetrahydrodipicolinate_reductase_dapB	COG0289_K00215
F3MN_amino_acid_nitrogen_metabolism	F3MN_23_lysine_aminopimelate_biosynthesis	F3MN_23_N151_N-succinyldiaminopimelate_aminotransferase	F3MN_23_N151_N-succinyldiaminopimelate_aminotransferase_dapC	COG0436_K14267_*
F3MN_amino_acid_nitrogen_metabolism	F3MN_23_lysine_aminopimelate_biosynthesis	F3MN_23_N152_Tetrahydrodipicolinate_succinylase	F3MN_23_N152_Tetrahydrodipicolinate_succinylase_dapD	COG2171_K00674
F3MN_amino_acid_nitrogen_metabolism	F3MN_23_lysine_aminopimelate_biosynthesis	F3MN_23_N153_Tetrahydrodipicolinate_N-acetyltransferase	F3MN_23_N153_Tetrahydrodipicolinate_N-acetyltransferase_dapH	COG2171_K00674_K05822
F3MN_amino_acid_nitrogen_metabolism	F3MN_23_lysine_aminopimelate_biosynthesis	F3MN_23_N154_N-succinyl-L-L-diaminopimelate_desuccinylase	F3MN_23_N154_N-succinyl-L-L-diaminopimelate_desuccinylase_dapE	COG0624_K01439
F3MN_amino_acid_nitrogen_metabolism	F3MN_23_lysine_aminopimelate_biosynthesis	F3MN_23_N155_Diaminopimelate_epimerase	F3MN_23_N155_Diaminopimelate_epimerase_dapF	COG0253_K01778
F3MN_amino_acid_nitrogen_metabolism	F3MN_23_lysine_aminopimelate_biosynthesis	F3MN_23_N156_Diaminopimelate_decarboxylase	F3MN_23_N156_Diaminopimelate_decarboxylase_lysA	COG0019_K01586
F3MN_amino_acid_nitrogen_metabolism	F3MN_23_lysine_aminopimelate_biosynthesis	F3MN_23_N211_N-acetyldiaminopimelate_deacetylase	F3MN_23_N211_N-acetyldiaminopimelate_deacetylase_dapL	COG1473_K05823
F3MN_amino_acid_nitrogen_metabolism	F3MN_23_lysine_aminopimelate_biosynthesis	F3MN_23_N212_2-aminoadipate_transaminase	F3MN_23_N212_2-aminoadipate_transaminase_lysN	COG1167_K05825
F3MN_amino_acid_nitrogen_metabolism	F3MN_24_arginine_biosynthesis	F3MN_24_N157_L-glutamate_N-acetyltransferase	F3MN_24_N157_L-glutamate_N-acetyltransferase_argA	COG0548_K14682
F3MN_amino_acid_nitrogen_metabolism	F3MN_24_arginine_biosynthesis	F3MN_24_N158_Acetylglutamatae_kinase	F3MN_24_N158_Acetylglutamatae_kinase_argB	COG0548_K00930
F3MN_amino_acid_nitrogen_metabolism	F3MN_24_arginine_biosynthesis	F3MN_24_N159_N-acetylglutamylphosphate_reductase	F3MN_24_N159_N-acetylglutamylphosphate_reductase_argC	COG0002_K00145
F3MN_amino_acid_nitrogen_metabolism	F3MN_24_arginine_biosynthesis	F3MN_24_N160_N-acetylornithine_aminotransferase	F3MN_24_N160_N-acetylornithine_aminotransferase_argD	COG4992_K00821
F3MN_amino_acid_nitrogen_metabolism	F3MN_24_arginine_biosynthesis	F3MN_24_N161_N-acetylornithine_dacetylase	F3MN_24_N161_N-acetylornithine_dacetylase_argE	COG0624_K01438

F3MN_amino_acid_nitrogen_metabolism	F3MN_24_arginine_biosynthesis	F3MN_24_N162_Argininosuccinate_synthase	F3MN_24_N162_Argininosuccinate_synthase_argG	COG0137_K01940
F3MN_amino_acid_nitrogen_metabolism	F3MN_24_arginine_biosynthesis	F3MN_24_N163_Argininosuccinate_lyase	F3MN_24_N163_Argininosuccinate_lyase_argH	COG0165_K01755
F3MN_amino_acid_nitrogen_metabolism	F3MN_24_arginine_biosynthesis	F3MN_24_N164_Ornithine_N-acetyltransferase	F3MN_24_N164_Ornithine_N-acetyltransferase_argJ	COG1364_K00620
F3MN_amino_acid_nitrogen_metabolism	F3MN_24_arginine_biosynthesis	F3MN_24_N165_Carbamoyl-phosphate_synthetase	F3MN_24_N165_Carbamoyl-phosphate_synthetase_glutamine_chain_carA	COG0505_K01956
F3MN_amino_acid_nitrogen_metabolism	F3MN_24_arginine_biosynthesis	F3MN_24_N165_Carbamoyl-phosphate_synthetase	F3MN_24_N165_Carbamoyl-phosphate_synthetase_large_chain_oligomerisation_domain_carB	COG0458_K01955
F3MN_amino_acid_nitrogen_metabolism	F3MN_25_proline_biosynthesis	F3MN_25_N166_Glutamate-5-semialdehyde_dehydrogenase	F3MN_25_N166_Glutamate-5-semialdehyde_dehydrogenase_proA	COG0014_K00147
F3MN_amino_acid_nitrogen_metabolism	F3MN_25_proline_biosynthesis	F3MN_25_N167_Glutamate_5-kinase	F3MN_25_N167_Glutamate_5-kinase_proB	COG0263_K00931
F3MN_amino_acid_nitrogen_metabolism	F3MN_25_proline_biosynthesis	F3MN_25_N168_Pyrroline-5-carboxylate_reductase	F3MN_25_N168_Pyrroline-5-carboxylate_reductase_proC	COG0345_K00286
F3MN_amino_acid_nitrogen_metabolism	F3MN_25_proline_biosynthesis	F3MN_25_N213_Ornithine_cyclodeaminase	F3MN_25_N213_Ornithine_cyclodeaminase_ocd	COG2423_K01750
F3MN_amino_acid_nitrogen_metabolism	F3MN_25_proline_biosynthesis	F3MN_25_N214_Proline_racemase	F3MN_25_N214_Proline_racemase_proF	COG3938_K01777
F3MN_amino_acid_nitrogen_metabolism	F3MN_26_alanine_biosyntesis	F3MN_26_N169_Glutamate-pyruvate_aminotransferase	F3MN_26_N169_Glutamate-pyruvate_aminotransferase_alaA	COG0436_K14260
F3MN_amino_acid_nitrogen_metabolism	F3MN_27_branched-chain_amino_acids_biosynthesis	F3MN_27_N170_Anabolic_acetolactate_synthase	F3MN_27_N170_Anabolic_acetolactate_synthase_small_subunit_ilvH	COG0440_K01653_*
F3MN_amino_acid_nitrogen_metabolism	F3MN_27_branched-chain_amino_acids_biosynthesis	F3MN_27_N171_Alpha-keto-Beta-hydroxylacyl_reductoisomerase	F3MN_27_N171_Alpha-keto-Beta-hydroxylacyl_reductoisomerase_ilvC	COG0059_K00053
F3MN_amino_acid_nitrogen_metabolism	F3MN_27_branched-chain_amino_acids_biosynthesis	F3MN_27_N172_Dihydroxy-acid_dehydratase	F3MN_27_N172_Dihydroxy-acid_dehydratase_ilvD	COG0129_K01687
F3MN_amino_acid_nitrogen_metabolism	F3MN_27_branched-chain_amino_acids_biosynthesis	F3MN_27_N173_2-isopropylmalate_synthase	F3MN_27_N173_2-isopropylmalate_synthase_leuA	COG0119_K01649
F3MN_amino_acid_nitrogen_metabolism	F3MN_27_branched-chain_amino_acids_biosynthesis	F3MN_27_N174_3-isopropylmalate_dehydratase	F3MN_27_N174_3-isopropylmalate_dehydratase_large_subunit_leuC	COG0065_K01703
F3MN_amino_acid_nitrogen_metabolism	F3MN_27_branched-chain_amino_acids_biosynthesis	F3MN_27_N174_3-isopropylmalate_dehydratase	F3MN_27_N174_3-isopropylmalate_dehydratase_small_subunit_leuD	COG0066_K01704
F3MN_amino_acid_nitrogen_metabolism	F3MN_27_branched-chain_amino_acids_biosynthesis	F3MN_27_N176_3-isopropylmalate_dehydrogenase	F3MN_27_N176_3-isopropylmalate_dehydrogenase_leuB	COG0473_K00052
F3MN_amino_acid_nitrogen_metabolism	F3MN_28_tyrosine_phenylalanine_chorismate_biosynthesis	F3MN_28_N177_3-deoxy-7-phosphoheptulonate_synthase	F3MN_28_N177_3-deoxy-7-phosphoheptulonate_synthase_I_aroF_aroG	COG0722_K01626
F3MN_amino_acid_nitrogen_metabolism	F3MN_28_tyrosine_phenylalanine_chorismate_biosynthesis	F3MN_28_N177_3-deoxy-7-phosphoheptulonate_synthase	F3MN_28_N177_3-deoxy-7-phosphoheptulonate_synthase_II_aroH	COG3200_K01626
F3MN_amino_acid_nitrogen_metabolism	F3MN_28_tyrosine_phenylalanine_chorismate_biosynthesis	F3MN_28_N178_3-dehydroquinate_synthase	F3MN_28_N178_3-dehydroquinate_synthase_aroB	COG0337_K01735
F3MN_amino_acid_nitrogen_metabolism	F3MN_28_tyrosine_phenylalanine_chorismate_biosynthesis	F3MN_28_N179_3-dehydroquinate_dehydratase	F3MN_28_N179_3-dehydroquinate_dehydratase_I_aroD	COG0710_K03785
F3MN_amino_acid_nitrogen_metabolism	F3MN_28_tyrosine_phenylalanine_chorismate_biosynthesis	F3MN_28_N179_3-dehydroquinate_dehydratase	F3MN_28_N179_3-dehydroquinate_dehydratase_II_aroQ	COG0757_K03786
F3MN_amino_acid_nitrogen_metabolism	F3MN_28_tyrosine_phenylalanine_chorismate_biosynthesis	F3MN_28_N180_Shikimate_dehydrogenase	F3MN_28_N180_Shikimate_dehydrogenase_aroE	COG0169_K00014
F3MN_amino_acid_nitrogen_metabolism	F3MN_28_tyrosine_phenylalanine_chorismate_biosynthesis	F3MN_28_N181_Shikimate_kinase	F3MN_28_N181_Shikimate_kinase_aroL_aroK	COG0703_K00891
F3MN_amino_acid_nitrogen_metabolism	F3MN_28_tyrosine_phenylalanine_chorismate_biosynthesis	F3MN_28_N182_3-phosphoshikimate_1-carboxyvinyltransferase	F3MN_28_N182_3-phosphoshikimate_1-carboxyvinyltransferase_aroA	COG0128_K00800
F3MN_amino_acid_nitrogen_metabolism	F3MN_28_tyrosine_phenylalanine_chorismate_biosynthesis	F3MN_28_N183_Chorismate_synthase	F3MN_28_N183_Chorismate_synthase_aroC_aroF	COG0082_K01736
F3MN_amino_acid_nitrogen_metabolism	F3MN_28_tyrosine_phenylalanine_chorismate_biosynthesis	F3MN_28_N184_Fused_chorismate_mutase_prephenate_dehydratase	F3MN_28_N184_Chorismate_mutase_type_I_pheA	COG1605_K04093
F3MN_amino_acid_nitrogen_metabolism	F3MN_28_tyrosine_phenylalanine_chorismate_biosynthesis	F3MN_28_N184_Fused_chorismate_mutase_prephenate_dehydratase	F3MN_28_N184_Chorismate_mutase_type_II_pheA	COG1605_K04516
F3MN_amino_acid_nitrogen_metabolism	F3MN_28_tyrosine_phenylalanine_chorismate_biosynthesis	F3MN_28_N184_Fused_chorismate_mutase_prephenate_dehydratase	F3MN_28_N184_fused_chorismate_mutase_prephenate_dehydratase_pheA_tyrA	COG0077_K14170
F3MN_amino_acid_nitrogen_metabolism	F3MN_28_tyrosine_phenylalanine_chorismate_biosynthesis	F3MN_28_N185_Prephenate_dehydrogenase	F3MN_28_N185_Prephenate_dehydratase_tyrA	COG0077_K04518
F3MN_amino_acid_nitrogen_metabolism	F3MN_28_tyrosine_phenylalanine_chorismate_biosynthesis	F3MN_28_N185_Prephenate_dehydrogenase	F3MN_28_N185_Prephenate_dehydrogenase_tyrA	COG0287_K04517
F3MN_amino_acid_nitrogen_metabolism	F3MN_28_tyrosine_phenylalanine_chorismate_biosynthesis	F3MN_28_N221_Tyrosine_aminotransferase	F3MN_28_N221_Tyrosine_aminotransferase_tyrB	COG1448_K00832
F3MN_amino_acid_nitrogen_metabolism	F3MN_35_tryptophane_biosynthesis	F3MN_35_N222_Anthranilate_synthase	F3MN_35_N222_Anthranilate_synthase_trpE	COG0147_K01657
F3MN_amino_acid_nitrogen_metabolism	F3MN_35_tryptophane_biosynthesis	F3MN_35_N222_Anthranilate_synthase	F3MN_35_N222_Anthranilate_synthase_trpE	COG0147_K13503
F3MN_amino_acid_nitrogen_metabolism	F3MN_35_tryptophane_biosynthesis	F3MN_35_N222_Anthranilate_synthase	F3MN_35_N222_Anthranilate_synthase_trpE	COG0512_K13503
F3MN_amino_acid_nitrogen_metabolism	F3MN_35_tryptophane_biosynthesis	F3MN_35_N223_Anthranilate_phosphoribosyltransferase	F3MN_35_N223_Anthranilate_phosphoribosyltransferase_trpD	COG0547_K00766
F3MN_amino_acid_nitrogen_metabolism	F3MN_35_tryptophane_biosynthesis	F3MN_35_N224_Phosphoribosylanthranilate_isomerase	F3MN_35_N224_Phosphoribosylanthranilate_isomerase_trpF	COG0135_K01817
F3MN_amino_acid_nitrogen_metabolism	F3MN_35_tryptophane_biosynthesis	F3MN_35_N225_Indole-3-glycerol-phosphate_synthase	F3MN_35_N225_Indole-3-glycerol-phosphate_synthase_trpC	COG0134_K01609
F3MN_amino_acid_nitrogen_metabolism	F3MN_35_tryptophane_biosynthesis	F3MN_35_N226_Tryptophan_synthase	F3MN_35_N226_Tryptophan_synthase_alpha_chain_trpA	COG0159_K01695
F3MN_amino_acid_nitrogen_metabolism	F3MN_35_tryptophane_biosynthesis	F3MN_35_N226_Tryptophan_synthase	F3MN_35_N226_Tryptophan_synthase_beta_chain_trpB	COG0133_K01696
F3MN_amino_acid_nitrogen_metabolism	F3MN_29_aminobenzoate_biosynthesis	F3MN_29_N186_Anthranilate_synthase	F3MN_29_N186_Anthranilate_synthase_component_III_pabA	COG0512_K01664
F3MN_amino_acid_nitrogen_metabolism	F3MN_29_aminobenzoate_biosynthesis	F3MN_29_N187_Para-aminobenzoate_synthase	F3MN_29_N187_Para-aminobenzoate_synthase_pabB	COG0147_K01665
F3MN_amino_acid_nitrogen_metabolism	F3MN_29_aminobenzoate_biosynthesis	F3MN_29_N188_4-amino-4-deoxychorismate_lyase	F3MN_29_N188_4-amino-4-deoxychorismate_lyase_pabC	COG0115_K02619
F3MN_amino_acid_nitrogen_metabolism	F3MN_30_histidine_biosynthesis	F3MN_30_N189_ATP_phosphoribosyltransferase	F3MN_30_N189_ATP_phosphoribosyltransferase_hisG	COG0040_K00765
F3MN_amino_acid_nitrogen_metabolism	F3MN_30_histidine_biosynthesis	F3MN_30_N190_Phosphoribosyl-AMP_cyclohydrolase	F3MN_30_N190_Phosphoribosyl-AMP_cyclohydrolase_hisI	COG0139_K01496
F3MN_amino_acid_nitrogen_metabolism	F3MN_30_histidine_biosynthesis	F3MN_30_N191_1-5-phosphoribosyl-5-5-phosphoribosylaminomethylideneamino-imidazole-4-carboxamide_isomerase	F3MN_30_N191_1-5-phosphoribosyl-5-5-phosphoribosylaminomethylideneamino-imidazole-4-carboxamide_isomerase_hisA	COG0106_K01814
F3MN_amino_acid_nitrogen_metabolism	F3MN_30_histidine_biosynthesis	F3MN_30_N192_Phosphoribosyl-ATP_pyrophosphatase	F3MN_30_N192_Phosphoribosyl-ATP_pyrophosphatase_hisE	COG0140_K01523
F3MN_amino_acid_nitrogen_metabolism	F3MN_30_histidine_biosynthesis	F3MN_30_N193_Imidazole_glycerol-phosphate_synthase	F3MN_30_N193_Imidazole_glycerol-phosphate_synthase_subunit_hisF	COG0107_K02500
F3MN_amino_acid_nitrogen_metabolism	F3MN_30_histidine_biosynthesis	F3MN_30_N193_Imidazole_glycerol-phosphate_synthase	F3MN_30_N193_Imidazole_glycerol-phosphate_synthase_subunit_hisH	COG0118_K02501
F3MN_amino_acid_nitrogen_metabolism	F3MN_30_histidine_biosynthesis	F3MN_30_N194_Imidazole_glycerol-phosphate_dehydratase	F3MN_30_N194_Imidazole_glycerol-phosphate_dehydratase_hisB	COG0131_K01693
F3MN_amino_acid_nitrogen_metabolism	F3MN_30_histidine_biosynthesis	F3MN_30_N195_Histidinol-phosphate_aminotransferase	F3MN_30_N195_Histidinol-phosphate_aminotransferase_hisC	COG0079_K00817
F3MN_amino_acid_nitrogen_metabolism	F3MN_30_histidine_biosynthesis	F3MN_30_N196_Histidinol-phosphate_phosphatase	F3MN_30_N196_Histidinol-phosphate_phosphatase_hisK	COG1387_K04486
F3MN_amino_acid_nitrogen_metabolism	F3MN_30_histidine_biosynthesis	F3MN_30_N197_Histidinol_dehydrogenase	F3MN_30_N197_Histidinol_dehydrogenase_hisD	COG0141_K00013
F3MN_amino_acid_nitrogen_metabolism	F3MN_31_glutathione_biostnthesis	F3MN_31_N198_Glutamate-cysteine_ligase	F3MN_31_N198_Glutamate-cysteine_ligase_gshA	COG2918_K01919
F3MN_amino_acid_nitrogen_metabolism	F3MN_31_glutathione_biostnthesis	F3MN_31_N199_Glutathione_synthetase	F3MN_31_N199_Glutathione_synthetase_gshB	COG0189_K01920
F3MN_amino_acid_nitrogen_metabolism	F3MN_31_glutathione_biostnthesis	F3MN_31_N200_Bifunctional_glutamate-cysteine_synthase_gluthatione_synthetase	F3MN_31_N200_Bifunctional_glutamate-cysteine_synthase_gluthatione_synthetase_gshF	COG1181_K01919_K16786_K16787
F3MN_amino_acid_nitrogen_metabolism	F3MN_32_urea_degradation	F3MN_32_N201_Urease	F3MN_32_N201_Urease_alpha_subunit_ureC	COG0804_K01428_*
F3MN_amino_acid_nitrogen_metabolism	F3MN_32_urea_degradation	F3MN_32_N201_Urease	F3MN_32_N201_Urease_beta_subunit_ureB	COG0832_K01429_*
F3MN_amino_acid_nitrogen_metabolism	F3MN_32_urea_degradation	F3MN_32_N201_Urease	F3MN_32_N201_Urease_gamma_subunit_ureA	COG0831_K01430_*
F3MN_amino_acid_nitrogen_metabolism	F3MN_33_methionine_salvage_pathway	F3MN_33_N228_S-adenosylmethionine_synthetase	F3MN_33_N228_S-adenosylmethionine_synthetase_metK	COG0192_K00789  
F3MN_amino_acid_nitrogen_metabolism	F3MN_33_methionine_salvage_pathway	F3MN_33_N228_S-adenosylmethionine_synthetase	F3MN_33_N228_S-adenosylmethionine_synthetase_metK	COG1812_K00789  
F3MN_amino_acid_nitrogen_metabolism	F3MN_33_methionine_salvage_pathway	F3MN_33_N202_5-deoxy-D_ribose_kinase	F3MN_33_N202_5-deoxy-D_ribose_kinase_mtnK	COG4857_K00899
F3MN_amino_acid_nitrogen_metabolism	F3MN_33_methionine_salvage_pathway	F3MN_33_N203_5-deoxyribose-1-phosphate_isomerase	F3MN_33_N203_5-deoxyribose-1-phosphate_isomerase_mtnA	COG0182_K08963
F3MN_amino_acid_nitrogen_metabolism	F3MN_33_methionine_salvage_pathway	F3MN_33_N204_5-deoxyadenosine_nucleosidase	F3MN_33_N204_5-deoxyadenosine_nucleosidase_mtnN	COG0775_K01243
F3MN_amino_acid_nitrogen_metabolism	F3MN_33_methionine_salvage_pathway	F3MN_33_N205_Methylthioribulose-1-phosphate_dehydratase	F3MN_33_N205_Methylthioribulose-1-phosphate_dehydratase_mtnB	COG0235_K08964
F3MN_amino_acid_nitrogen_metabolism	F3MN_33_methionine_salvage_pathway	F3MN_33_N206_Acireductone_dioxygenase_ironII-requiring-	F3MN_33_N206_Acireductone_dioxygenase_ironII-requiring_mtnD	COG1791_K08967
F3MN_amino_acid_nitrogen_metabolism	F3MN_33_methionine_salvage_pathway	F3MN_33_N207_Kynurenine-oxoglutarate_transaminase_I	F3MN_33_N207_Kynurenine-oxoglutarate_transaminase_I_mtnE	COG0436_K08969
F3MN_amino_acid_nitrogen_metabolism	F3MN_33_methionine_salvage_pathway	F3MN_33_N208_Acireductone_synthase	F3MN_33_N208_Acireductone_synthase_mtnC	COG4229_K09880
F3MN_amino_acid_nitrogen_metabolism	F3MN_33_methionine_salvage_pathway	F3MN_33_N209_2-oxoglutaramate_amidase	F3MN_33_N209_2-oxoglutaramate_amidase_mtnU	COG0388_K13566
F3MN_amino_acid_nitrogen_metabolism	F3MN_34_histidine_imidazole_catabolic_pathway	F3MN_34_N215_Histidine-ammonia_lyase	F3MN_34_N215_Histidine-ammonia_lyase_hutH	COG2986_K01746
F3MN_amino_acid_nitrogen_metabolism	F3MN_34_histidine_imidazole_catabolic_pathway	F3MN_34_N216_Imidazolone-5-propionate_hydrolase	F3MN_34_N216_Imidazolone-5-propionate_hydrolase_hutI	COG1228_K01468
F3MN_amino_acid_nitrogen_metabolism	F3MN_34_histidine_imidazole_catabolic_pathway	F3MN_34_N217_Formiminoglutamate_formiminohydrolase	F3MN_34_N217_Formiminoglutamate_formiminohydrolase_hutG	COG3741_K01479_*
F3MN_amino_acid_nitrogen_metabolism	F3MN_34_histidine_imidazole_catabolic_pathway	F3MN_34_N217_Formiminoglutamate_formiminohydrolase	F3MN_34_N217_Formiminoglutamate_formiminohydrolase_hutG	COG0010_K01479_*
F3MN_amino_acid_nitrogen_metabolism	F3MN_34_histidine_imidazole_catabolic_pathway	F3MN_34_N218_Urocanase	F3MN_34_N218_Urocanase_hutU	COG2987_K01712
F3MP_pyruvate_dissimilation	F3MP_01_lactate_production	F3MP_01_D-lactate_dehydrogenase	F3MP_01_P002_D-lactate_dehydrogenase_ldhD	COG1052_K03778
F3MP_pyruvate_dissimilation	F3MP_01_lactate_production	F3MP_01_D-lactate_dehydrogenase	F3MP_01_P079_D-lactate_dehydrogenase_quinone-dependent_membrane-binding_dld	COG0277_K03777
F3MP_pyruvate_dissimilation	F3MP_01_lactate_production	F3MP_01_Lactate_racemase	F3MP_01_P003_Cofactor_biosynthetic_pathway_of_the_lactate_racemase_complex_subunit_B_larB	COG1691_K06898
F3MP_pyruvate_dissimilation	F3MP_01_lactate_production	F3MP_01_Lactate_racemase	F3MP_01_P003_Cofactor_biosynthetic_pathway_of_the_lactate_racemase_complex_subunit_C_larC	COG1641_K09121
F3MP_pyruvate_dissimilation	F3MP_01_lactate_production	F3MP_01_Lactate_racemase	F3MP_01_P003_Cofactor_biosynthetic_pathway_of_the_lactate_racemase_complex_subunit_E_larE	COG1606_K06864
F3MP_pyruvate_dissimilation	F3MP_01_lactate_production	F3MP_01_Lactate_racemase	F3MP_01_P003_Lactate_racemase_A_larA	COG3875_K22373
F3MP_pyruvate_dissimilation	F3MP_01_lactate_production	F3MP_01_L-lactate_dehydrogenase	F3MP_01_P001_L-lactate_dehydrogenase_ldhL	COG0039_K00016
F3MP_pyruvate_dissimilation	F3MP_02_lactate_degradation_to_pyruvate	F3MP_02_L_Lactate_oxidase	F3MP_01_P073_Respiratory_chain_coupled_L-lactate_oxidase_lldD	COG1304_K00101_*
F3MP_pyruvate_dissimilation	F3MP_02_lactate_degradation_to_pyruvate	F3MP_02_L_Lactate_oxidase	F3MP_02_P004_FMN-dependent_L_lactate_oxidase_loxL	COG1304_K10530
F3MP_pyruvate_dissimilation	F3MP_03_acetate_production	F3MP_03_Acetate_kinase	F3MP_03_P009_Acetate_kinase_ackA	COG0282_K00925
F3MP_pyruvate_dissimilation	F3MP_03_acetate_production	F3MP_03_L-lactate_2-monooxygenase	F3MP_03_P005_L-lactate_2-monooxygenase_lctO	COG1304_K00467_*
F3MP_pyruvate_dissimilation	F3MP_03_acetate_production	F3MP_03_Phosphate_acetyltransferase	F3MP_03_P008_Phosphate_acetyltransferase_pta	COG0280_K00625
F3MP_pyruvate_dissimilation	F3MP_03_acetate_production	F3MP_03_Pyruvate_cytochrome_bo_oxidase	F3MP_03_P007_Quinone-dependent_cytb0_Pyruvate_dehydrogenase_oxidase_poxB	COG0028_K00156
F3MP_pyruvate_dissimilation	F3MP_03_acetate_production	F3MP_03_Pyruvate_dehydrogenase	F3MP_03_P010_Pyruvate_dehydrogenase_decarboxylating_component_E1_aceE_	COG2609_K00163
F3MP_pyruvate_dissimilation	F3MP_03_acetate_production	F3MP_03_Pyruvate_dehydrogenase	F3MP_03_P010_Pyruvate_dehydrogenase_dihydrolipoamide_acetyltransferase_E2_subunit_pdhC_AcoC_acEF	COG0508_K00627
F3MP_pyruvate_dissimilation	F3MP_03_acetate_production	F3MP_03_Pyruvate_dehydrogenase	F3MP_03_P010_Pyruvate_dehydrogenase_dihydrolipoyl_dehydrogenase_E3_subunit_pdhD_AcoL	COG1249_K00382
F3MP_pyruvate_dissimilation	F3MP_03_acetate_production	F3MP_03_Pyruvate_dehydrogenase	F3MP_03_P010_Pyruvate_dehydrogenase_E1_alpha_subunit_pdhA	COG1071_K00161
F3MP_pyruvate_dissimilation	F3MP_03_acetate_production	F3MP_03_Pyruvate_dehydrogenase	F3MP_03_P010_Pyruvate_dehydrogenase_E1_beta_subunit_pdhB	COG0022_K00162
F3MP_pyruvate_dissimilation	F3MP_03_acetate_production	F3MP_03_Pyruvate_oxidase	F3MP_03_P006_Pyruvate_oxidase_poxL	COG0028_K00158
F3MP_pyruvate_dissimilation	F3MP_04_acetoin_production	F3MP_04_Alpha-acetolactate_decarboxylase	F3MP_04_P012_Alpha-acetolactate_decarboxylase_anaerobiosis_budA	COG3527_K01575
F3MP_pyruvate_dissimilation	F3MP_04_acetoin_production	F3MP_04_Alpha-acetolactate_synthase	F3MP_04_P011_Alpha-acetolactate_synthase_als_ilvB	COG0028_K01652_*
F3MP_pyruvate_dissimilation	F3MP_05_2-3-butanediol_production	F3MP_05_2-3-butanediol_dehydrogenase	F3MP_05_P014_Zinc-dependent_RR-butanediol_dehydrogenase_bdhA	COG1063_K00004_*
F3MP_pyruvate_dissimilation	F3MP_05_2-3-butanediol_production	F3MP_05_Diacetyl_reductase	F3MP_05_P013_Diacetyl_reductase_S-acetoin_forming_aerobiosis_budC	COG1028_K03366
F3MP_pyruvate_dissimilation	F3MP_06_primary_alcohol_production	F3MP_06_Butanol_dehydrogenase	F3MP_06_P017_Butanol_dehydrogenase_NADH-dependent_bdhJ	COG1979_*
F3MP_pyruvate_dissimilation	F3MP_06_primary_alcohol_production	F3MP_06_Butanol_dehydrogenase	F3MP_06_P018_Iron-containing_butanol_dehydrogenase_bdhB	COG1454_K00100_*
F3MP_pyruvate_dissimilation	F3MP_06_primary_alcohol_production	F3MP_06_Ethanol_dehydrogenase	F3MP_06_P015_Bifunctional_alcohol-acetaldehyde_dehydrogenase_adhE	COG1012_K04072
F3MP_pyruvate_dissimilation	F3MP_06_primary_alcohol_production	F3MP_06_Propanol_dehydrogenase	F3MP_06_P016_Iron-containing_primary_alcohol_dehydrogenase_1-propanol_preferring_adhP	COG1064_K13953_*
F3MP_pyruvate_dissimilation	F3MP_07_formate_production	F3MP_07_Pyruvate_formate_lyase	F3MP_07_P019_Pyruvate_formate_lyase_activating_enzyme_pflA	COG1180_K04069
F3MP_pyruvate_dissimilation	F3MP_07_formate_production	F3MP_07_Pyruvate_formate_lyase	F3MP_07_P019_Pyruvate_formate_lyase_pflB	COG1882_K00656
F3MP_pyruvate_dissimilation	F3MP_08_CO2_fixation	F3MP_08_Carbonic_anhydrase	F3MP_08_P022_Carbonic_anhydrase_CanA	COG3338_K01674
F3MP_pyruvate_dissimilation	F3MP_08_CO2_fixation	F3MP_08_Carbonic_anhydrase	F3MP_08_P022_Cyanate_inducible_carbonic_anhydrase_CynT	COG0288_K01673
F3MP_pyruvate_dissimilation	F3MP_08_CO2_fixation	F3MP_08_Phosphoenolpyruvate_carboxylase	F3MP_08_P021_Phosphoenolpyruvate_carboxylase_ppcA_Bacilli	COG1892_K01595
F3MP_pyruvate_dissimilation	F3MP_08_CO2_fixation	F3MP_08_Phosphoenolpyruvate_carboxylase	F3MP_08_P021_Phosphoenolpyruvate_carboxylase_ppcA	COG2352_K01595
F3MP_pyruvate_dissimilation	F3MP_08_CO2_fixation	F3MP_08_Pyruvate_carboxylase	F3MP_08_P020_Pyruvate_carboxylase_subunit_A_pycA	COG1038_K01958
F3MP_pyruvate_dissimilation	F3MP_08_CO2_fixation	F3MP_08_Pyruvate_carboxylase	F3MP_08_P020_Pyruvate_carboxylase_subunit_B_pycB	COG0511_K01960
F3MP_pyruvate_dissimilation	F3MP_09_succinate_production	F3MP_09_Anaerobic_fumarate_reductase	F3MP_09_P023_Fumarate_reductase_anaerobic_catalytic_and_NAD_flavoprotein_subunit_frdA	COG1053_K00244
F3MP_pyruvate_dissimilation	F3MP_09_succinate_production	F3MP_09_Anaerobic_fumarate_reductase	F3MP_09_P023_Fumarate_reductase_anaerobic_Fe-S_subunit_frdB	COG0479_K00245
F3MP_pyruvate_dissimilation	F3MP_09_succinate_production	F3MP_09_Anaerobic_fumarate_reductase	F3MP_09_P023_Fumarate_reductase_anaerobic_membrane_anchor_subunit_frdC	COG3029_K00246
F3MP_pyruvate_dissimilation	F3MP_09_succinate_production	F3MP_09_Anaerobic_fumarate_reductase	F3MP_09_P023_Fumarate_reductase_anaerobic_membrane_anchor_subunit_frdD	COG3080_K00247
F3MP_pyruvate_dissimilation	F3MP_09_succinate_production	F3MP_09_Anaerobic_fumarate_reductase	F3MP_09_P023_Fumarate_reductase_cytoplasmic_NADH:fumarate_flavoprotein_oxidoreductase_frd	COG1053_K05898
F3MP_pyruvate_dissimilation	F3MP_10_TCA_cycle	F3MP_10_2-oxoglutarate_dehydrogenase	F3MP_10_P027_2-oxoglutarate_dehydrogenase_complex_decarboxylase_thiamin-requiring_subunit_TCA_cycle_step_5_sucA	COG0567_K00164
F3MP_pyruvate_dissimilation	F3MP_10_TCA_cycle	F3MP_10_2-oxoglutarate_dehydrogenase	F3MP_10_P027_2-oxoglutarate_dehydrogenase_complex_dihydrolipoyllysine-residue_succinyltransferase_TCA_cycle_step_5_sucB	COG0508_K00658
F3MP_pyruvate_dissimilation	F3MP_10_TCA_cycle	F3MP_10_Aconitate_hydratase	F3MP_10_P025_Aconitate_hydratase_1_TCA_cycle_step_2_and_3_acnA	COG1048_K01681
F3MP_pyruvate_dissimilation	F3MP_10_TCA_cycle	F3MP_10_Aconitate_hydratase	F3MP_10_P025_Bifunctional_aconitate_hydratase_2_and_2-methylisocitrate_dehydratase_TCA_cycle_step_2_and_3_acnB	COG1049_K01682
F3MP_pyruvate_dissimilation	F3MP_10_TCA_cycle	F3MP_10_Citrate_synthase	F3MP_10_P024_Citrate_synthase_TCA_cycle_step_1_gltA	COG0372_K01647
F3MP_pyruvate_dissimilation	F3MP_10_TCA_cycle	F3MP_10_Fumarate_hydratase	F3MP_10_P030_Fumarate_hydratase_Fumarase_A_aerobic_class_I_TCA_cycle_step_8_fumA	COG1838_K01676
F3MP_pyruvate_dissimilation	F3MP_10_TCA_cycle	F3MP_10_Fumarate_hydratase	F3MP_10_P030_Fumarate_hydratase_Fumarase_C_aerobic_class_II_TCA_cycle_step_8_fumC	COG0114_K01679
F3MP_pyruvate_dissimilation	F3MP_10_TCA_cycle	F3MP_10_Isocitrate_dehydrogenase	F3MP_10_P026_Isocitrate_dehydrogenase_NADP-dependent_TCA_cycle_step_4_icd	COG0538_K00031
F3MP_pyruvate_dissimilation	F3MP_10_TCA_cycle	F3MP_10_L-Malate_dehydrogenase_FAD-dependent	F3MP_10_P031_L-Malate_dehydrogenase_FAD-dependent_quinone_oxidoreductase_TCA_cycle_step_9_mqo	COG0579_K00116
F3MP_pyruvate_dissimilation	F3MP_10_TCA_cycle	F3MP_10_Succinate_dehydrogenase	F3MP_10_P029_Succinate_dehydrogenase_cytochrome_b556_subunit_TCA_cycle_step_7_sdhC	COG2009_K00241
F3MP_pyruvate_dissimilation	F3MP_10_TCA_cycle	F3MP_10_Succinate_dehydrogenase	F3MP_10_P029_Succinate_dehydrogenase_flavoprotein_subunit_TCA_cycle_step_7_sdhA	COG1053_K00239
F3MP_pyruvate_dissimilation	F3MP_10_TCA_cycle	F3MP_10_Succinate_dehydrogenase	F3MP_10_P029_Succinate_dehydrogenase_iron-sulfur_subunit_TCA_cycle_step_7_sdhB	COG0479_K00240
F3MP_pyruvate_dissimilation	F3MP_10_TCA_cycle	F3MP_10_Succinate_dehydrogenase	F3MP_10_P029_Succinate_dehydrogenase_membrane_subunit_binds_cytochrome_b556_TCA_cycle_step_7_sdhD	COG2142_K00242
F3MP_pyruvate_dissimilation	F3MP_10_TCA_cycle	F3MP_10_Succinyl-CoA_synthetase	F3MP_10_P028_Succinyl-CoA_ligase_ADP-forming_TCA_cycle_step_6_sucC	COG0045_K01903
F3MP_pyruvate_dissimilation	F3MP_10_TCA_cycle	F3MP_10_Succinyl-CoA_synthetase	F3MP_10_P028_Succinyl-CoA_synthetase_TCA_cycle_step_6_sucD	COG0074_K01902
F3MP_pyruvate_dissimilation	F3MP_11_glyoxylate_cycle	F3MP_11_Isocitrate_dehydrogenase	F3MP_11_P035_Isocitrate_dehydrogenase_TCA_and_Glyoxylate_cycles_regularory_enzyme_aceK	COG4579_K00906
F3MP_pyruvate_dissimilation	F3MP_11_glyoxylate_cycle	F3MP_11_Isocitrate_lyase	F3MP_11_P033_Isocitrate_lyase_Glyoxylate_cycle_aceA	COG2224_K01637
F3MP_pyruvate_dissimilation	F3MP_11_glyoxylate_cycle	F3MP_11_L-Malate_dehydrogenase_NAD-dependent	F3MP_11_P032_L-Malate_dehydrogenase_NAD-dependent_mdh	COG0039_K00024_*
F3MP_pyruvate_dissimilation	F3MP_11_glyoxylate_cycle	F3MP_11_Malate_synthase	F3MP_11_P034_Malate_synthase_Glyoxylate_cycle_aceB	COG2225_K01638
F3MP_pyruvate_dissimilation	F3MP_12_glycolate_catabolism	F3MP_12_Glycolate_dehydrogenase	F3MP_12_P037_Glycolate_dehydrogenase_glcD	COG0277_K00104
F3MP_pyruvate_dissimilation	F3MP_12_glycolate_catabolism	F3MP_12_Glyoxylate_carboligase	F3MP_12_P038_Glyoxylate_carboligase_gcl	COG3960_K01608
F3MP_pyruvate_dissimilation	F3MP_12_glycolate_catabolism	F3MP_12_Glyoxylate_reductase	F3MP_12_P036_Glyoxylate_reductase_gyaR	COG1052_K00015
F3MP_pyruvate_dissimilation	F3MP_12_glycolate_catabolism	F3MP_12_Gycerate_2-kinase	F3MP_12_P040_Gycerate_2-kinase_garK	COG1929_K00865
F3MP_pyruvate_dissimilation	F3MP_12_glycolate_catabolism	F3MP_12_Tartronate_semialdehyde_reductase	F3MP_12_P039_Tartronate_semialdehyde_reductase_garR	COG02084_K00042
F3MP_pyruvate_dissimilation	F3MP_13_malolactic_fermentation	F3MP_13_L-malate_decarboxylase_malolactic_enzyme	F3MP_13_P041_L-malate_decarboxylase_malolactic_enzyme_mleS	COG0281_K22212_*
F3MP_pyruvate_dissimilation	F3MP_14_citrolactic_fermentation	F3MP_14_Apo-citrate_lyase_phosphoribosyl-dephospho-CoA_transferase	F3MP_14_P044_Apo-citrate_lyase_phosphoribosyl-dephospho-CoA_transferase_citrate_catabolism_citX	COG3697_K05964
F3MP_pyruvate_dissimilation	F3MP_14_citrolactic_fermentation	F3MP_14_Citrate_lyase	F3MP_14_P042_citrate_pro-3S-lyase_ligase_citrate_lyase_synthetase_type_1_citrate_catabolism_citC	COG3053_K01910
F3MP_pyruvate_dissimilation	F3MP_14_citrolactic_fermentation	F3MP_14_Citrate_lyase	F3MP_14_P042_Citrate_lyase_alpha_subunit_citrate_catabolism_citF	COG3051_K01643
F3MP_pyruvate_dissimilation	F3MP_14_citrolactic_fermentation	F3MP_14_Citrate_lyase	F3MP_14_P042_Citrate_lyase_beta_subunit_citrate_catabolism_citE	COG2301_K01644
F3MP_pyruvate_dissimilation	F3MP_14_citrolactic_fermentation	F3MP_14_Citrate_lyase	F3MP_14_P042_Citrate_lyase_gamma-subunit_Acyl_carrier_protein_citrate_catabolism_citD	COG3052_K01646
F3MP_pyruvate_dissimilation	F3MP_14_citrolactic_fermentation	F3MP_14_Oxaloacetate_decarboxylase	F3MP_14_P043_Oxaloacetate_decarboxylase_type_1_alpha_subunit_citrate_catabolism_oadA	COG5016_K01571
F3MP_pyruvate_dissimilation	F3MP_14_citrolactic_fermentation	F3MP_14_Oxaloacetate_decarboxylase	F3MP_14_P043_Oxaloacetate_decarboxylase_type_1_beta_subunit_citrate_catabolism_oadB	COG1883_K01572
F3MP_pyruvate_dissimilation	F3MP_14_citrolactic_fermentation	F3MP_14_Oxaloacetate_decarboxylase	F3MP_14_P043_Oxaloacetate_decarboxylase_type_1_gamma_subunit_Biotin-acetyl-CoA-carboxylase_ligase_citrate_catabolism_oadG	COG0340_K03524
F3MP_pyruvate_dissimilation	F3MP_14_citrolactic_fermentation	F3MP_14_Oxaloacetate_decarboxylase	F3MP_14_P043_Oxaloacetate_decarboxylase_type_2_NADP-dependent_malic_enzyme_maeB	COG0281_K00029_*
F3MP_pyruvate_dissimilation	F3MP_14_citrolactic_fermentation	F3MP_14_Oxaloacetate_decarboxylase	F3MP_14_P043_Oxaloacetate_decarboxylase_type_2_NADP-dependent_malic_enzyme_maeA	COG0281_K00027
F3MP_pyruvate_dissimilation	F3MP_14_citrolactic_fermentation	F3MP_14_Triphosphoribosyl-dephospho-coenzymeA_synthase	F3MP_14_P045_Triphosphoribosyl-dephospho-coenzymeA_synthase_citrate_catabolism_citG	COG1767_K05966
F3MP_pyruvate_dissimilation	F3MP_15_1-2-propanediol_and_ethanolamine_catabolism	F3MP_15_Acetaldehyde_dehydrogenase	F3MP_15_P054_Acetaldehyde_dehydrogenase_ethanolamine_catabolism_step_2A_eutE	COG1012_K04021
F3MP_pyruvate_dissimilation	F3MP_15_1-2-propanediol_and_ethanolamine_catabolism	F3MP_15_CoA-dependent_propanal_dehydrogenase	F3MP_15_P049_CoA-dependent_propanal_dehydrogenase_propanediol_catabolism_step_2B_pduP	COG1012_K13922
F3MP_pyruvate_dissimilation	F3MP_15_1-2-propanediol_and_ethanolamine_catabolism	F3MP_15_Cobalamin_adenosyltransferase	F3MP_15_P057_Cobalamin_adenosyltransferase_ethanolamine_catabolism_eutT	COG4812_K04032
F3MP_pyruvate_dissimilation	F3MP_15_1-2-propanediol_and_ethanolamine_catabolism	F3MP_15_Diol_dehydratase	F3MP_15_P047_Diol_dehydratase_reactivating_factor_beta_subunit_propanediol_catabolism_step_1B_pduH	2EB43
F3MP_pyruvate_dissimilation	F3MP_15_1-2-propanediol_and_ethanolamine_catabolism	F3MP_15_Diol_dehydratase	F3MP_15_P047_Diol_dehydratase-reactivating_factor_alpha_subunit_propanediol_catabolism_step_1B_pduG	COG0849_pduG
F3MP_pyruvate_dissimilation	F3MP_15_1-2-propanediol_and_ethanolamine_catabolism	F3MP_15_Ethanolamine_ammonia-lyase	F3MP_15_P053_Ethanolamine_ammonia-lyase_large_subunit_heavy_chain_ethanolamine_catabolism_step_1_eutB	COG4303_K03735
F3MP_pyruvate_dissimilation	F3MP_15_1-2-propanediol_and_ethanolamine_catabolism	F3MP_15_Ethanolamine_ammonia-lyase	F3MP_15_P053_Ethanolamine_ammonia-lyase_light_chain_ethanolamine_catabolism_step_1_eutC	COG4302_K03736
F3MP_pyruvate_dissimilation	F3MP_15_1-2-propanediol_and_ethanolamine_catabolism	F3MP_15_Ethanolamine_ammonia-lyase	F3MP_15_P053_Reactivating_factor_for_ethanolamine_ammonia_lyase_ethanolamine_catabolism_step_1_eutA	COG4819_K04019
F3MP_pyruvate_dissimilation	F3MP_15_1-2-propanediol_and_ethanolamine_catabolism	F3MP_15_Ethanolamine_catabolism_protein	F3MP_15_P056_Ethanolamine_catabolism_protein_eutH	COG3192_K04023
F3MP_pyruvate_dissimilation	F3MP_15_1-2-propanediol_and_ethanolamine_catabolism	F3MP_15_Ethanolamine_catabolism_protein	F3MP_15_P056_Ethanolamine_catabolism_protein_eutJ	COG4820_K04024
F3MP_pyruvate_dissimilation	F3MP_15_1-2-propanediol_and_ethanolamine_catabolism	F3MP_15_Ethanolamine_catabolism_protein	F3MP_15_P056_Ethanolamine_catabolism_protein_eutQ	COG4766_K04030
F3MP_pyruvate_dissimilation	F3MP_15_1-2-propanediol_and_ethanolamine_catabolism	F3MP_15_Iron-containing_alcohol_dehydrogenase	F3MP_15_P055_Iron-containing_alcohol_dehydrogenase_ethanolamine_catabolism_step_2B_eutG	COG1454_K00001
F3MP_pyruvate_dissimilation	F3MP_15_1-2-propanediol_and_ethanolamine_catabolism	F3MP_15_Phosphate_propanoyltransferase	F3MP_15_P050_Phosphate_propanoyltransferase_propanediol_catabolism_step3_pduL	COG4869_K13923
F3MP_pyruvate_dissimilation	F3MP_15_1-2-propanediol_and_ethanolamine_catabolism	F3MP_15_Propanediol_and_ethalnolamine_catabolism_polyhedral_body_protein	F3MP_15_P058_Propanediol_and_ethalnolamine_catabolism_polyhedral_body_protein_pduAJ_eutKM	COG4577
F3MP_pyruvate_dissimilation	F3MP_15_1-2-propanediol_and_ethanolamine_catabolism	F3MP_15_Propanediol_and_ethalnolamine_catabolism_polyhedral_body_protein	F3MP_15_P058_Propanediol_and_ethalnolamine_catabolism_polyhedral_body_protein_pduN_eutN	COG4576
F3MP_pyruvate_dissimilation	F3MP_15_1-2-propanediol_and_ethanolamine_catabolism	F3MP_15_Propanediol_and_ethalnolamine_catabolism_polyhedral_body_protein	F3MP_15_P058_Propanediol_and_ethalnolamine_catabolism_polyhedral_body_protein_pduU_eutS	COG4810
F3MP_pyruvate_dissimilation	F3MP_15_1-2-propanediol_and_ethanolamine_catabolism	F3MP_15_Propanediol_and_ethalnolamine_catabolism_polyhedral_body_protein	F3MP_15_P058_Propanediol_and_ethanolamine_catabolism_structural_protein_pduB_eutL	COG4816
F3MP_pyruvate_dissimilation	F3MP_15_1-2-propanediol_and_ethanolamine_catabolism	F3MP_15_Propanediol_catabolism_protein	F3MP_15_P052_Propanediol_catabolism_protein_pduM	29PKK
F3MP_pyruvate_dissimilation	F3MP_15_1-2-propanediol_and_ethanolamine_catabolism	F3MP_15_Propanediol_catabolism_protein	F3MP_15_P052_Propanediol_catabolism_protein_pduO	COG3193
F3MP_pyruvate_dissimilation	F3MP_15_1-2-propanediol_and_ethanolamine_catabolism	F3MP_15_Propanediol_dehydratase	F3MP_15_P046_Propanediol_dehydratase_large_subunit_propanediol_catabolism_step_1A_PduC	COG4909_K01699
F3MP_pyruvate_dissimilation	F3MP_15_1-2-propanediol_and_ethanolamine_catabolism	F3MP_15_Propanediol_dehydratase	F3MP_15_P046_Propanediol_dehydratase_medium_subunit_propanediol_catabolism_step_1A_PduD	COG4909_K13919
F3MP_pyruvate_dissimilation	F3MP_15_1-2-propanediol_and_ethanolamine_catabolism	F3MP_15_Propanediol_dehydratase	F3MP_15_P046_Propanediol_dehydratase_small_subunit_propanediol_catabolism_step_1A_PduE	COG4910_K13920
F3MP_pyruvate_dissimilation	F3MP_15_1-2-propanediol_and_ethanolamine_catabolism	F3MP_15_Propanol_dehydrogenase	F3MP_15_P048_Propanol_dehydrogenase_propanediol_catabolism_step_2A_pduQ	COG1454_K13921
F3MP_pyruvate_dissimilation	F3MP_15_1-2-propanediol_and_ethanolamine_catabolism	F3MP_15_Propionate_and_Acetate_kinase	F3MP_15_P051_Propionate_and_Acetate_kinase_for_Propanediol_and_ethanolamine_catabolism_step_4_pduV_eutP	COG4917_K04029
F3MP_pyruvate_dissimilation	F3MP_16_glycerol_DHA_catabolism	F3MP_16_1-3-Propanediol_dehydrogenase	F3MP_16_P063_1-3-Propanediol_dehydrogenase_dhaT	COG1454_K00086_*
F3MP_pyruvate_dissimilation	F3MP_16_glycerol_DHA_catabolism	F3MP_16_Glycerol_kinase	F3MP_16_P059_Glycerol_kinase_glpK	COG0554_K00864
F3MP_pyruvate_dissimilation	F3MP_16_glycerol_DHA_catabolism	F3MP_16_Glycerol-3-phosphate_dehydrogenase_aerobic	F3MP_16_P061_Glycerol-3-phosphate_dehydrogenase_anaerobic_glpD	COG0579_K00111
F3MP_pyruvate_dissimilation	F3MP_16_glycerol_DHA_catabolism	F3MP_16_Glycerol-3-phosphate_dehydrogenase_anaerobic	F3MP_16_P062_Glycerol-3-phosphate_dehydrogenase_anaerobic_large_subunit_FAD_NADP-binding_glpA	COG0578_K00111
F3MP_pyruvate_dissimilation	F3MP_16_glycerol_DHA_catabolism	F3MP_16_Glycerol-3-phosphate_dehydrogenase_anaerobic	F3MP_16_P062_Glycerol-3-phosphate_dehydrogenase_anaerobic_membrane_anchor_subunit_glpB	COG3075_K00112
F3MP_pyruvate_dissimilation	F3MP_16_glycerol_DHA_catabolism	F3MP_16_Glycerol-3-phosphate_dehydrogenase_anaerobic	F3MP_16_P062_Glycerol-3-phosphate_dehydrogenase_anaerobic_small_subunit_glpC	COG0247_K00113
F3MP_pyruvate_dissimilation	F3MP_16_glycerol_DHA_catabolism	F3MP_16_Glycerol-3-phosphate_oxidase	F3MP_16_P060_Glycerol-3-phosphate_oxidase_glpO	COG0578_K00105_*
F3MP_pyruvate_dissimilation	F3MP_16_glycerol_DHA_catabolism	F3MP_16_NADPH-dependent_glycerol-3-phosphate_dehydrogenase	F3MP_16_P064_NADPH-dependent_glycerol-3-phosphate_dehydrogenase_gpsA	COG0240_K00057
F3MP_pyruvate_dissimilation	F3MP_16_glycerol_DHA_catabolism	F3MP_16_PTS-dependent_dihydroyacetone_kinase	F3MP_16_P065_PTS-dependent_dihydroyacetone_kinase_ADP-binding_subunit_dhaL	COG1461_K05879
F3MP_pyruvate_dissimilation	F3MP_16_glycerol_DHA_catabolism	F3MP_16_PTS-dependent_dihydroyacetone_kinase	F3MP_16_P065_PTS-dependent_dihydroyacetone_kinase_dihydroyacetone-binding_subunit.DhaK_dhaK	COG2376_K05878
F3MP_pyruvate_dissimilation	F3MP_16_glycerol_DHA_catabolism	F3MP_16_PTS-dependent_dihydroyacetone_kinase	F3MP_16_P065_PTS-dependent_dihydroyacetone_kinase_phosphotransferase_subunit_dhaM	COG3412_K05881
F3MP_pyruvate_dissimilation	F3MP_17_methylglyoxal_catabolism	F3MP_17_1-2-Propanediol_dehydrogenase	F3MP_17_P071_Glycerol_1-2-Propanediol_dehydrogenase_gldA	COG0371_K00005_*
F3MP_pyruvate_dissimilation	F3MP_17_methylglyoxal_catabolism	F3MP_17_glyoxalase_I	F3MP_17_P067_Lactoylglutathione_lyase_glyoxalase_I_gloA	COG0346_K01759
F3MP_pyruvate_dissimilation	F3MP_17_methylglyoxal_catabolism	F3MP_17_glyoxalase_II	F3MP_17_P068_Hydroxyacylglutathione_hydrolase_glyoxalase_II_gloB	COG0491_K01069
F3MP_pyruvate_dissimilation	F3MP_17_methylglyoxal_catabolism	F3MP_17_Lactaldehyde_dehydrogenase	F3MP_17_P072_Lactaldehyde_dehydrogenase_lctD	COG1012_K00128_*
F3MP_pyruvate_dissimilation	F3MP_17_methylglyoxal_catabolism	F3MP_17_Methylglyoxal_reductase	F3MP_17_P070_Methylglyoxal_reductase_Lactaldehyde_dehydrogenase_gpr	COG0667_K19265
F3MP_pyruvate_dissimilation	F3MP_17_methylglyoxal_catabolism	F3MP_17_Methylglyoxal_reductase_NAPH-dependent	F3MP_17_P069_Methylglyoxal_reductase_NAPH-dependent_yvgN	4HARE
F3MP_pyruvate_dissimilation	F3MP_17_methylglyoxal_catabolism	F3MP_17_Methylglyoxal_synthase	F3MP_17_P066_Methylglyoxal_synthase_mgsA	COG1803_K01734
F3MP_pyruvate_dissimilation	F3MP_18_mevalonate_catabolism	F3MP_18_Acetyl-CoA:acetoacetyl-CoA_transferase	F3MP_17_P078_Acetyl-CoA:acetoacetyl-CoA_transferase_subunit_alpha_atoD	COG1788_K01034
F3MP_pyruvate_dissimilation	F3MP_18_mevalonate_catabolism	F3MP_18_Acetyl-CoA:acetoacetyl-CoA_transferase	F3MP_17_P078_Acetyl-CoA:acetoacetyl-CoA_transferase_subunit_beta_atoA	COG2057_K01035
F3MP_pyruvate_dissimilation	F3MP_18_mevalonate_catabolism	F3MP_18_Acetyl-CoA_acetyltransferase	F3MP_17_P077_Acetyl-CoA_acetyltransferase_atoB	COG0183_K00626
F3MP_pyruvate_dissimilation	F3MP_18_mevalonate_catabolism	F3MP_18_Hydroxymethylglutaryl-CoA_lyase	F3MP_17_P074_Hydroxymethylglutaryl-CoA_lyase_mvaB	COG0119_K01640
F3MP_pyruvate_dissimilation	F3MP_18_mevalonate_catabolism	F3MP_18_Hydroxymethylglutaryl-coenzyme_A_reductase	F3MP_17_P074_Hydroxymethylglutaryl-coenzyme_A_reductase_mvaA	COG0183_K00054
F3MP_pyruvate_dissimilation	F3MP_19_malonate_catabolism	F3MP_19_Malonate_decarboxylase	F3MP_17_P075_Malonate.decarboylase_acyl_carrier_protein_mdcC	COG3052_K13931
F3MP_pyruvate_dissimilation	F3MP_19_malonate_catabolism	F3MP_19_Malonate_decarboxylase	F3MP_17_P075_Malonate_decarboxylase_5-triphosphoribosyl-3-dephosphocoenzyme-A_synthase_mdcB	COG1767_K13930
F3MP_pyruvate_dissimilation	F3MP_19_malonate_catabolism	F3MP_19_Malonate_decarboxylase	F3MP_17_P075_Malonate_decarboxylase_Malonyl_CoA-acyl_carrier_protein_transacylase_mdcH	COG0331_K13935
F3MP_pyruvate_dissimilation	F3MP_19_malonate_catabolism	F3MP_19_Malonate_decarboxylase	F3MP_17_P075_Malonate_decarboxylase_Phosphoribosyl-dephospho-CoA_transferase_mdcG	28INI_K13934
F3MP_pyruvate_dissimilation	F3MP_19_malonate_catabolism	F3MP_19_Malonate_decarboxylase	F3MP_17_P075_Malonate_decarboxylase_putative_Acyl-transferase_mdcE	COG1835_K11941
F3MP_pyruvate_dissimilation	F3MP_19_malonate_catabolism	F3MP_19_Malonate_decarboxylase	F3MP_17_P075_Malonate_decarboylase_alpha_subunit_mdcA	COG4670_K13929
F3MP_pyruvate_dissimilation	F3MP_19_malonate_catabolism	F3MP_19_Malonate_decarboxylase	F3MP_17_P075_Malonate_decarboylase_beta.subunit_mdcD	COG4799_K13932
F3MP_pyruvate_dissimilation	F3MP_20_acetoin_degradation	F3MP_20_Acetoin_dehydrogenase	F3MP_20_P076_Acetoin_dehydrogenase_alpha_E1_subunit_acoA	COG1071_K21416
F3MP_pyruvate_dissimilation	F3MP_20_acetoin_degradation	F3MP_20_Acetoin_dehydrogenase	F3MP_20_P076_Acetoin_dehydrogenase_beta_E1_subunit_acoB	COG0022_K21417
F3MP_pyruvate_dissimilation	F3MP_21_Propionate_production	F3MP_21_Propionyl-CoA:succinyl-CoA_transferase	F3MP_21_P080_Propionyl-CoA:succinyl-CoA_transferase_scpC	COG0427_K22214
F3MP_pyruvate_dissimilation	F3MP_21_Propionate_production	F3MP_21_Methylmalonyl_CoA_epimerase	F3MP_21_P081_Methylmalonyl_CoA_epimerase_mceE	COG0346_K05606
F3MP_pyruvate_dissimilation	F3MP_21_Propionate_production	F3MP_21_Methylmalonyl-CoA_mutase	F3MP_21_P082_Methylmalonyl-CoA_mutase_mut	COG1884_K01847
F3MP_pyruvate_dissimilation	F3MP_21_Propionate_production	F3MP_21_Methylmalonyl-CoA_mutase	F3MP_21_P082_Methylmalonyl-CoA_mutase_subunitA_mutA	COG1884_K01848
F3MP_pyruvate_dissimilation	F3MP_21_Propionate_production	F3MP_21_Methylmalonyl-CoA_mutase	F3MP_21_P082_Methylmalonyl-CoA_mutase_subunitB_mutB	COG2185_K01849
F3MP_pyruvate_dissimilation	F3MP_21_Propionate_production	F3MP_21_Methylmalonyl-CoA_carboxyltransferase	F3MP_21_P083_methylmalonyl-CoA_carboxyltransferase_bccP	COG5016_K03416
F3MR_redox	F3MR_01_peroxides_metabolism	F3MR_01_Hydrogen_peroxide_peroxidase	F3MR_01_R002_Heme-dependent_catalase_katA	COG0753_K03781
F3MR_redox	F3MR_01_peroxides_metabolism	F3MR_01_Hydrogen_peroxide_peroxidase	F3MR_01_R002_Heme-dependent_catalase_katE	COG0693_K03781
F3MR_redox	F3MR_01_peroxides_metabolism	F3MR_01_Hydrogen_peroxide_peroxidase	F3MR_01_R002_Heme-dependent_catalase_katG	COG0376_K03782
F3MR_redox	F3MR_01_peroxides_metabolism	F3MR_01_Hydrogen_peroxide_peroxidase	F3MR_01_R003_Glutathione_peroxidase_gpo	COG0386_K00432
F3MR_redox	F3MR_01_peroxides_metabolism	F3MR_01_Hydrogen_peroxide_peroxidase	F3MR_01_R004_NADH_peroxidase_npr	COG0446_K05910
F3MR_redox	F3MR_01_peroxides_metabolism	F3MR_01_Hydrogen_peroxide_peroxidase	F3MR_01_R005_DyP-type_peroxidase_Class_I_efeB	COG2837_K16301_*
F3MR_redox	F3MR_01_peroxides_metabolism	F3MR_01_Hydrogen_peroxide_peroxidase	F3MR_01_R005_DyP-type_peroxidase_Class_P_yfeX	COG2837_K07223
F3MR_redox	F3MR_01_peroxides_metabolism	F3MR_01_Hydrogen_peroxide_peroxidase	F3MR_01_R006_Non-heme_chloroperoxidase_Type_I_cpo	COG2267_K00433
F3MR_redox	F3MR_01_peroxides_metabolism	F3MR_01_Hydrogen_peroxide_peroxidase	F3MR_01_R006_Non-heme_chloroperoxidase_Type_II_cpo	COG0596_K00433
F3MR_redox	F3MR_01_peroxides_metabolism	F3MR_01_Hydrogen_peroxide_peroxidase	F3MR_01_R018_Manganese_dependent_catalase_ydbD	COG3546_K07217
F3MR_redox	F3MR_01_peroxides_metabolism	F3MR_01_Organic_hydroperoxide_reductase	F3MR_01_R007_Organic_hydroperoxide_resistance_protein_ohrA	COG1764
F3MR_redox	F3MR_01_peroxides_metabolism	F3MR_01_Organic_hydroperoxide_reductase	F3MR_01_R008_Alkyl_hydroperoxide_reductase_subunit_C_ahpC	COG0450_K03386
F3MR_redox	F3MR_01_peroxides_metabolism	F3MR_01_Organic_hydroperoxide_reductase	F3MR_01_R008_Alkyl_hydroperoxide_reductase_subunit_F_ahpF	COG3634_K03387
F3MR_redox	F3MR_01_peroxides_metabolism	F3MR_01_Organic_hydroperoxide_reductase	F3MR_01_R009_Alkyl_hydroperoxide_thiol_peroxidase_bcp	COG1225_K03564
F3MR_redox	F3MR_01_peroxides_metabolism	F3MR_01_Organic_hydroperoxide_reductase	F3MR_01_R010_Thiol_peroxidase_tpx	COG2077_K11065
F3MR_redox	F3MR_01_peroxides_metabolism	F3MR_01_Organic_hydroperoxide_reductase	F3MR_01_R011_Cytochrome_P450_fatty_acid:hydroperoxide_peroxygenase_cyp152A	COG2124_K15629
F3MR_redox	F3MR_01_peroxides_metabolism	F3MR_01_Superoxide_dismutase	F3MR_01_R001_Superoxide_dismutase_Cu-Zn-dependent_sodC	COG2032_K04565
F3MR_redox	F3MR_01_peroxides_metabolism	F3MR_01_Superoxide_dismutase	F3MR_01_R001_Superoxide_dismutase_Fe-Mn-dependent_sodA	COG0605_K04564
F3MR_redox	F3MR_02_NADH_redox_balance	F3MR_02_Ferredoxin_reductase_activity	F3MR_02_R021_Ferredoxin-NADP+_reductase_yumC	COG0492_K21567
F3MR_redox	F3MR_02_NADH_redox_balance	F3MR_02_Ferredoxin_reductase_activity	F3MR_02_R047_Ferredoxin_I_fer	COG1141_K05337
F3MR_redox	F3MR_02_NADH_redox_balance	F3MR_02_Flavodoxin_reductase_activity	F3MR_02_R020_Flavodoxin-Ferredoxin-NADP+_reductase_family1_fpr	COG1018_K00528
F3MR_redox	F3MR_02_NADH_redox_balance	F3MR_02_Glutathione_reductase_activity	F3MR_02_R019_Glutathione_reductase_gshR_gor	COG1249_K00383
F3MR_redox	F3MR_02_NADH_redox_balance	F3MR_02_NADH_oxidase_activity	F3MR_02_R017_NADH_oxidase_noxA	COG0446_K17869
F3MR_redox	F3MR_02_NADH_redox_balance	F3MR_02_Nitric_oxide_reductase_activity	F3MR_02_R025_Anaerobic_nitric_oxide_flavorubredoxin_norV	COG0426_K12264
F3MR_redox	F3MR_02_NADH_redox_balance	F3MR_02_Nitric_oxide_reductase_activity	F3MR_02_R025_Anaerobic_nitric_oxide_NADH:flavorubredoxin_reductase_norW	COG0446_K12265
F3MR_redox	F3MR_02_NADH_redox_balance	F3MR_02_Nitric_oxide_reductase_activity	F3MR_02_R025_Nitric_oxide_reductase_subunit_B_norB	COG3256_K04561
F3MR_redox	F3MR_02_NADH_redox_balance	F3MR_02_Quinone_reductase_activity	F3MR_02_R022_Zinc-containing_NADPH_quinone_reductase_qor	COG0604_K00344
F3MR_redox	F3MR_02_NADH_redox_balance	F3MR_02_Quinone_reductase_activity	F3MR_02_R023_NADPH-dependent_quinone_reductase_nqo	COG2249_K00355
F3MR_redox	F3MR_02_NADH_redox_balance	F3MR_02_Quinone_reductase_activity	F3MR_02_R024_FMN_dependent_NADH:quinone_azoreductase_azoR	COG1182_K01118
F3MR_redox	F3MR_02_NADH_redox_balance	F3MR_02_Quinone_reductase_activity	F3MR_02_R048_Electron_transfer_flavoprotein-ubiquinone_oxidoreductase_subunitA_fixB	COG2086_K03521_*
F3MR_redox	F3MR_02_NADH_redox_balance	F3MR_02_Quinone_reductase_activity	F3MR_02_R048_Electron_transfer_flavoprotein-ubiquinone_oxidoreductase_subunitB_fixB	COG2025_K03522_*
F3MR_redox	F3MR_02_NADH_redox_balance	F3MR_02_Quinone_reductase_activity	F3MR_02_R048_Electron_transfer_flavoprotein-ubiquinone_oxidoreductase_subunitC_fixC	COG0644_K00313_*
F3MR_redox	F3MR_02_NADH_redox_balance	F3MR_02_Quinone_reductase_activity	F3MR_02_R050_NADPH-dependent_menaquinone_reductase_qorB	COG0702_K19267
F3MR_redox	F3MR_02_NADH_redox_balance	F3MR_02_Thioredoxin_reductase_activity	F3MR_02_R012_Thioredoxin_trxA1	COG3118_K03671
F3MR_redox	F3MR_02_NADH_redox_balance	F3MR_02_Thioredoxin_reductase_activity	F3MR_02_R013_Thioredoxin_trxA2	COG0526_K03671
F3MR_redox	F3MR_02_NADH_redox_balance	F3MR_02_Thioredoxin_reductase_activity	F3MR_02_R014_Thioredoxin_trxC	COG3118_K03672
F3MR_redox	F3MR_02_NADH_redox_balance	F3MR_02_Thioredoxin_reductase_activity	F3MR_02_R015_Thioredoxin_dsbE	COG0526_K02199
F3MR_redox	F3MR_02_NADH_redox_balance	F3MR_02_Thioredoxin_reductase_activity	F3MR_02_R016_Thioredoxin_reductase_trxB	COG0492_K00384
F3MR_redox	F3MR_03_glutathione-glutaredoxin_redox_balance	F3MR_03_glutathione-glutaredoxin_redox_reaction	F3MR_03_R026_Glutaredoxin_grxA	COG0695_K03674
F3MR_redox	F3MR_03_glutathione-glutaredoxin_redox_balance	F3MR_03_glutathione-glutaredoxin_redox_reaction	F3MR_03_R027_Glutaredoxin_grxC	COG0695_K03676
F3MR_redox	F3MR_03_glutathione-glutaredoxin_redox_balance	F3MR_03_glutathione-glutaredoxin_redox_reaction	F3MR_03_R028_NrdH_glutaredoxin-like_protein_nrdH	COG0695_K06191
F3MR_redox	F3MR_03_glutathione-glutaredoxin_redox_balance	F3MR_03_glutathione-glutaredoxin_redox_reaction	F3MR_03_R029_Glutaredoxin-coupled_arsenate_reductase_arsC	COG1393_K00537
F3MR_redox	F3MR_04_respiratory_chain	F3MR_04_Cbb3-type_cytochrome_oxidase	F3MR_04_R034_Cbb3-type_cytochrome_c_oxidase_subunit_iV_CcoQ	COG4736
F3MR_redox	F3MR_04_respiratory_chain	F3MR_04_Cbb3-type_cytochrome_oxidase	F3MR_04_R034_Cbb3-type_cytochrome_c_oxidase_subunit_I_CcoN	COG3278_K00404
F3MR_redox	F3MR_04_respiratory_chain	F3MR_04_Cbb3-type_cytochrome_oxidase	F3MR_04_R034_Cbb3-type_cytochrome_c_oxidase_subunit_II_CcoO	COG2993_K00405
F3MR_redox	F3MR_04_respiratory_chain	F3MR_04_Cbb3-type_cytochrome_oxidase	F3MR_04_R034_Cbb3-type_cytochrome_c_oxidase_subunit_III_CcoP	COG2010_K00406
F3MR_redox	F3MR_04_respiratory_chain	F3MR_04_Cbb3-type_cytochrome_oxidase	F3MR_04_R034_Cbb3-type_cytochrome_oxidase_maturation_protein_CcoS	COG3197
F3MR_redox	F3MR_04_respiratory_chain	F3MR_04_Cytochrome_aa3-600_quinol_oxidase	F3MR_04_R035_Cytochrome_aa3-600_quinol_oxidase_subunit_I_qoxB	COG0843_K02827
F3MR_redox	F3MR_04_respiratory_chain	F3MR_04_Cytochrome_aa3-600_quinol_oxidase	F3MR_04_R035_Cytochrome_aa3-600_quinol_oxidase_subunit_II_qoxA	COG1622_K02826
F3MR_redox	F3MR_04_respiratory_chain	F3MR_04_Cytochrome_aa3-600_quinol_oxidase	F3MR_04_R035_Cytochrome_aa3-600_quinol_oxidase_subunit_III_qoxC	COG1845_K02828
F3MR_redox	F3MR_04_respiratory_chain	F3MR_04_Cytochrome_aa3-600_quinol_oxidase	F3MR_04_R035_Cytochrome_aa3-600_quinol_oxidase_subunit_IV_qoxD	COG3125_K02829
F3MR_redox	F3MR_04_respiratory_chain	F3MR_04_Cytochrome_bd_ubiquinol_oxidase	F3MR_04_R036_Cytochrome_bb_ubiquinol_oxidase_subunit_I_cydA	COG1271_K00425
F3MR_redox	F3MR_04_respiratory_chain	F3MR_04_Cytochrome_bd_ubiquinol_oxidase	F3MR_04_R036_Cytochrome_bb_ubiquinol_oxidase_subunit_II_cydB	COG1294_K00426
F3MR_redox	F3MR_04_respiratory_chain	F3MR_04_Cytochrome_bd_ubiquinol_oxidase	F3MR_04_R036_Cytochrome_bd_ABC_membrane_transporter_ATP-binding_protein_cydC	COG4987_K16012
F3MR_redox	F3MR_04_respiratory_chain	F3MR_04_Cytochrome_bd_ubiquinol_oxidase	F3MR_04_R036_Cytochrome_bd_ABC_membrane_transporter_ATP-binding_protein_cydD	COG4988_K16013
F3MR_redox	F3MR_04_respiratory_chain	F3MR_04_Cytochrome_bo_ubiquinol_oxidase	F3MR_04_R033_Cytochrome_o_ubiquinol_oxidase_subunit_I_cyoB	COG0843_K02298
F3MR_redox	F3MR_04_respiratory_chain	F3MR_04_Cytochrome_bo_ubiquinol_oxidase	F3MR_04_R033_Cytochrome_o_ubiquinol_oxidase_subunit_II_cyoA	COG1622_K02297
F3MR_redox	F3MR_04_respiratory_chain	F3MR_04_Cytochrome_bo_ubiquinol_oxidase	F3MR_04_R033_Cytochrome_o_ubiquinol_oxidase_subunit_III_cyoC	COG1845_K02276
F3MR_redox	F3MR_04_respiratory_chain	F3MR_04_Cytochrome_bo_ubiquinol_oxidase	F3MR_04_R033_Cytochrome_o_ubiquinol_oxidase_subunit_IV_cyoD	COG3125_K02300
F3MR_redox	F3MR_04_respiratory_chain	F3MR_04_Cytochrome_c_oxidase	F3MR_04_R051_Cytochrome_c_peroxidase_ccp	COG1858_K00428
F3MR_redox	F3MR_04_respiratory_chain	F3MR_04_Na+-translocating_NADH-quinone_reductase	F3MR_04_R032_Na+-translocating_NADH-quinone_reductase_subunit_A_nqrA	COG1726_K00346
F3MR_redox	F3MR_04_respiratory_chain	F3MR_04_Na+-translocating_NADH-quinone_reductase	F3MR_04_R032_Na+-translocating_NADH-quinone_reductase_subunit_B_nqrB	COG1805_K00347
F3MR_redox	F3MR_04_respiratory_chain	F3MR_04_Na+-translocating_NADH-quinone_reductase	F3MR_04_R032_Na+-translocating_NADH-quinone_reductase_subunit_C_nqrC	COG2869_K00348
F3MR_redox	F3MR_04_respiratory_chain	F3MR_04_Na+-translocating_NADH-quinone_reductase	F3MR_04_R032_Na+-translocating_NADH-quinone_reductase_subunit_D_nqrD	COG1347_K00349
F3MR_redox	F3MR_04_respiratory_chain	F3MR_04_Na+-translocating_NADH-quinone_reductase	F3MR_04_R032_Na+-translocating_NADH-quinone_reductase_subunit_E_nqrE	COG2209_K00350
F3MR_redox	F3MR_04_respiratory_chain	F3MR_04_Na+-translocating_NADH-quinone_reductase	F3MR_04_R032_Na+-translocating_NADH-quinone_reductase_subunit_F_nqrF	COG2871_K00351
F3MR_redox	F3MR_04_respiratory_chain	F3MR_04_NADH_dehydrogenase_I	F3MR_04_R031_NADH:ubiquinone_oxidoreductase_chain_E_nuoE	COG1905_K00334
F3MR_redox	F3MR_04_respiratory_chain	F3MR_04_NADH_dehydrogenase_I	F3MR_04_R031_NADH:ubiquinone_oxidoreductase_membrane_subunit_A_nuoA	COG0838_K00330
F3MR_redox	F3MR_04_respiratory_chain	F3MR_04_NADH_dehydrogenase_I	F3MR_04_R031_NADH:ubiquinone_oxidoreductase_membrane_subunit_L_nuoL	COG1009_K00341
F3MR_redox	F3MR_04_respiratory_chain	F3MR_04_NADH_dehydrogenase_I	F3MR_04_R031_NADH:ubiquinone_oxidoreductase_membrane_subunit_M_nuoM	COG1008_K00342
F3MR_redox	F3MR_04_respiratory_chain	F3MR_04_NADH_dehydrogenase_I	F3MR_04_R031_NADH:ubiquinone_oxidoreductase_membrane_subunit_N_nuoN	COG1007_K00343
F3MR_redox	F3MR_04_respiratory_chain	F3MR_04_NADH_dehydrogenase_I	F3MR_04_R031_NADH_dehydrogenase_I_chain_B_nuoB	COG0377_K00331
F3MR_redox	F3MR_04_respiratory_chain	F3MR_04_NADH_dehydrogenase_I	F3MR_04_R031_NADH_dehydrogenase_I_chain_CD_nuoCD	COG0649_K13378
F3MR_redox	F3MR_04_respiratory_chain	F3MR_04_NADH_dehydrogenase_I	F3MR_04_R031_NADH_dehydrogenase_I_chain_F_nuoF	COG1894_K00335
F3MR_redox	F3MR_04_respiratory_chain	F3MR_04_NADH_dehydrogenase_I	F3MR_04_R031_NADH_dehydrogenase_I_chain_G_nuoG	COG1034_K00336
F3MR_redox	F3MR_04_respiratory_chain	F3MR_04_NADH_dehydrogenase_I	F3MR_04_R031_NADH_dehydrogenase_I_chain_H_nuoH	COG1005_K00337
F3MR_redox	F3MR_04_respiratory_chain	F3MR_04_NADH_dehydrogenase_I	F3MR_04_R031_NADH_dehydrogenase_I_chain_I_nuoI	COG1143_K00338
F3MR_redox	F3MR_04_respiratory_chain	F3MR_04_NADH_dehydrogenase_I	F3MR_04_R031_NADH_dehydrogenase_I_chain_J_nuoJ	COG0839_K00339
F3MR_redox	F3MR_04_respiratory_chain	F3MR_04_NADH_dehydrogenase_I	F3MR_04_R031_NADH_dehydrogenase_I_chain_K_nuoK	COG0713_K00340
F3MR_redox	F3MR_04_respiratory_chain	F3MR_04_NADH_dehydrogenase_II	F3MR_04_R030_NADH_dehydrogenase_II_ndh	COG1252_K03885
F3MR_redox	F3MR_04_respiratory_chain	F3MR_04_Ubiquinol-cytochrome_c_reductase	F3MR_04_R037_Ubiquinol-cytochrome_c_reductase_iron-sulfur_subunit_petA	COG0723_K00411
F3MR_redox	F3MR_04_respiratory_chain	F3MR_04_Ubiquinol-cytochrome_c_reductase	F3MR_04_R037_Ubiquinol-cytochrome_c_reductase_subunit_b_petB	COG1290_K00412
F3MR_redox	F3MR_04_respiratory_chain	F3MR_04_Ubiquinol-cytochrome_c_reductase	F3MR_04_R037_Ubiquinol-cytochrome_c_reductase_subunit_c1_petC	COG2857_K00413
F3MR_redox	F3MR_05_formate_respiration	F3MR_05_Formate_dehydrogenase-O	F3MR_05_R038_Formate_dehydrogenase-O_cytochrome_B556_gamma_subunit_nitrate-inducible_fdoI	COG2864_K00127
F3MR_redox	F3MR_05_formate_respiration	F3MR_05_Formate_dehydrogenase-O	F3MR_05_R038_Formate_dehydrogenase-O_Fe-S_beta_subunit_nitrate-inducible_fdoH	COG0437_K00124
F3MR_redox	F3MR_05_formate_respiration	F3MR_05_Formate_dehydrogenase-O	F3MR_05_R038_Formate_dehydrogenase-O_formation_protein_fdoE	COG3058_K02380
F3MR_redox	F3MR_05_formate_respiration	F3MR_05_Formate_dehydrogenase-O	F3MR_05_R038_Formate_dehydrogenase-O_major_subunit_fdoG	COG0243_K00123
F3MR_redox	F3MR_06_nitrite_reduction	F3MR_06_Formate-dependent_nitrite_reductase	F3MR_06_R040_Formate-dependent_nitrite_reductase_4Fe4S_subunit_nrfC	COG0437_K00184
F3MR_redox	F3MR_06_nitrite_reduction	F3MR_06_Formate-dependent_nitrite_reductase	F3MR_06_R040_Formate-dependent_nitrite_reductase_cytochrome_c-type_biogenesis_protein_nrfE	COG1138_K04016
F3MR_redox	F3MR_06_nitrite_reduction	F3MR_06_Formate-dependent_nitrite_reductase	F3MR_06_R040_Formate-dependent_nitrite_reductase_cytochrome_c-type_biogenesis_protein_nrfG	COG4235_K02200
F3MR_redox	F3MR_06_nitrite_reduction	F3MR_06_Formate-dependent_nitrite_reductase	F3MR_06_R040_Formate-dependent_nitrite_reductase_heme_lyase_subunit_nrfF	COG3088_K02200
F3MR_redox	F3MR_06_nitrite_reduction	F3MR_06_Formate-dependent_nitrite_reductase	F3MR_06_R040_Nitrite_reductase_cytochrome_c_subunit_D_nrfD	COG5557_K08359
F3MR_redox	F3MR_06_nitrite_reduction	F3MR_06_Formate-dependent_nitrite_reductase	F3MR_06_R040_Nitrite_reductase_formate-dependent_cytochrome_c_nrfA_	COG3303_K03385
F3MR_redox	F3MR_06_nitrite_reduction	F3MR_06_Formate-dependent_nitrite_reductase	F3MR_06_R040_Nitrite_reductase_formate-dependent_penta-heme_cytochrome_c_nrfB	COG3303_K04013
F3MR_redox	F3MR_06_nitrite_reduction	F3MR_06_NADPH-dependent_nitrite_reductase	F3MR_06_R039_NADPH-dependent_nitrite_reductase_large_subunit_nirB	COG1251_K00362
F3MR_redox	F3MR_06_nitrite_reduction	F3MR_06_NADPH-dependent_nitrite_reductase	F3MR_06_R039_NADPH-dependent_nitrite_reductase_small_subunit_nirD	COG2146_K00363
F3MR_redox	F3MR_06_nitrite_reduction	F3MR_06_NADPH-dependent_nitrite_reductase	F3MR_06_R039_Nitrite_transporter_nirC	COG2116_K02598
F3MR_redox	F3MR_07_nitrate_reduction	F3MR_07_Cytochome_dependent_nitrate_reductase	F3MR_07_R042_Assembly_protein_for_periplasmic_nitrate_reductase_napD_	COG3062_K02570
F3MR_redox	F3MR_07_nitrate_reduction	F3MR_07_Cytochome_dependent_nitrate_reductase	F3MR_07_R042_Nitrate_reductase_membrane-bound_tetraheme_cytochrome_c_subunit_NapC	COG3005_K02569
F3MR_redox	F3MR_07_nitrate_reduction	F3MR_07_Cytochome_dependent_nitrate_reductase	F3MR_07_R042_Nitrate_reductase_periplasmic_large_subunit_napA	COG0243_K02567
F3MR_redox	F3MR_07_nitrate_reduction	F3MR_07_Cytochome_dependent_nitrate_reductase	F3MR_07_R042_Nitrate_reductase_small_cytochrome_C550_subunit_periplasmic_napB_	COG3043_K02568
F3MR_redox	F3MR_07_nitrate_reduction	F3MR_07_NADPH-dependent_nitrate_reductase	F3MR_07_R041_NADPH-dependent_nitrate_reductase_large_subunit_nasA	COG0243_K00372
F3MR_redox	F3MR_07_nitrate_reduction	F3MR_07_Quinol:nitrate_reductase_1	F3MR_07_R043_Molybdenum-cofactor-assembly_chaperone_subunit_delta_subunit_of_quinol:nitrate_reductase_1_narJ	COG2180_K00373
F3MR_redox	F3MR_07_nitrate_reduction	F3MR_07_Quinol:nitrate_reductase_1	F3MR_07_R043_Quinol:nitrate_reductase_1_alpha_subunit_narG	COG5013_K00370
F3MR_redox	F3MR_07_nitrate_reduction	F3MR_07_Quinol:nitrate_reductase_1	F3MR_07_R043_Quinol:nitrate_reductase_1_beta_Fe-S_subunit_narH	COG1140_K00371
F3MR_redox	F3MR_07_nitrate_reduction	F3MR_07_Quinol:nitrate_reductase_1	F3MR_07_R043_Quinol:nitrate_reductase_1_gamma_cytochrome_bNR_subunit_narI_	COG2181_K00374
F3MR_redox	F3MR_08_Hydrogen_respiration	F3MR_08_Hydrogenase	F3MR_08_R044_Hydrogenase_4Fe-4S_component_HybA	COG1142_K05796
F3MR_redox	F3MR_08_Hydrogen_respiration	F3MR_08_Hydrogenase	F3MR_08_R044_Hydrogenase_large_subunit_hybC	COG0374_K06281
F3MR_redox	F3MR_08_Hydrogen_respiration	F3MR_08_Hydrogenase	F3MR_08_R044_Hydrogenase_small_subunit_hybO	COG1740_K06282
F3MR_redox	F3MR_09_DMSO_respiration	F3MR_09_DMSO_reductase	F3MR_09_R045_ Dimethyl_sulfoxide_reductase_subunit_A_dmsA	COG0243_K07306
F3MR_redox	F3MR_09_DMSO_respiration	F3MR_09_DMSO_reductase	F3MR_09_R045_ Dimethyl_sulfoxide_reductase_subunit_B_dmsB	COG0437_K07307
F3MR_redox	F3MR_09_DMSO_respiration	F3MR_09_DMSO_reductase	F3MR_09_R045_ Dimethyl_sulfoxide_reductase_subunit_C_dmsC	COG3302_K07308
F3MR_redox	F3MR_10_TMAO_respiration	F3MR_10_TMAO_reductase	F3MR_10_R046_Trimethylamine_N-oxide_cytochrome_c_menaquinol_dehydrogenase_1_torC	COG3005_K03532
F3MR_redox	F3MR_10_TMAO_respiration	F3MR_10_TMAO_reductase	F3MR_10_R046_Trimethylamine_N-oxide_cytochrome_c_menaquinol_dehydrogenase_2_torY	COG3005_K07821
F3MR_redox	F3MR_10_TMAO_respiration	F3MR_10_TMAO_reductase	F3MR_10_R046_Trimethylamine_N-oxide_reductase_1_torA	COG0243_K07811
F3MR_redox	F3MR_10_TMAO_respiration	F3MR_10_TMAO_reductase	F3MR_10_R046_Trimethylamine_N-oxide_reductase_2_torZ	COG0243_K07812
F3MR_redox	F3MR_10_TMAO_respiration	F3MR_10_TMAO_reductase	F3MR_10_R046_Trimethylamine_N-oxide_reductase_TorA_specific_chaperone_torD	COG3381_K03533
F3MR_redox	F3MR_11_chromate_reduction	F3MR_11_Chromate_reductase	F3MR_11_R049_Chromate_reductase_NADPH_dehydrogenase_quinone-dependent_chrR	COG0431_K19784_*
F3MA_RNA_metabolism	F3MA_01_RNA_transcription	F3MA_01_R001_RNA_polymerase_rpo	F3MA_01_R001_DNA-dependent_RNA_polymerase_subunitA_rpoA	COG0202_K03040
F3MA_RNA_metabolism	F3MA_01_RNA_transcription	F3MA_01_R001_RNA_polymerase_rpo	F3MA_01_R001_DNA-dependent_RNA_polymerase_subunitB_rpoB	COG0085_K03043
F3MA_RNA_metabolism	F3MA_01_RNA_transcription	F3MA_01_R001_RNA_polymerase_rpo	F3MA_01_R001_DNA-dependent_RNA_polymerase_subunitC_rpoC	COG0086_K03046
F3MA_RNA_metabolism	F3MA_01_RNA_transcription	F3MA_01_R001_RNA_polymerase_rpo	F3MA_01_R001_RNA_polymerase_assembly_protein_rpoZ	COG1758_K03060
F3MA_RNA_metabolism	F3MA_01_RNA_transcription	F3MA_01_R001_RNA_polymerase_rpo	F3MA_01_R001_RNA_transciption_recycling_factor_rpoE	COG3343_K03048
F3MA_RNA_metabolism	F3MA_01_RNA_transcription	F3MA_01_R002_RNA_polymerase_sigma_factors	F3MA_01_R002_RNA_polymerase_ECF_sigma_factor_sigK	COG1595_K03088
F3MA_RNA_metabolism	F3MA_01_RNA_transcription	F3MA_01_R002_RNA_polymerase_sigma_factors	F3MA_01_R002_RNA_polymerase_primary_sigma_factor_rpoD	COG0568_K03086
F3MA_RNA_metabolism	F3MA_01_RNA_transcription	F3MA_01_R002_RNA_polymerase_sigma_factors	F3MA_01_R002_RNA_polymerase_sigma_factor_rpoH	COG0568_K03089
F3MA_RNA_metabolism	F3MA_01_RNA_transcription	F3MA_01_R002_RNA_polymerase_sigma_factors	F3MA_01_R002_RNA_polymerase_sigma_factor_rpoS	COG0568_K03087
F3MA_RNA_metabolism	F3MA_01_RNA_transcription	F3MA_01_R002_RNA_polymerase_sigma_factors	F3MA_01_R002_RNA_polymerase_sigma_factor_sigB	COG1191_K03090
F3MA_RNA_metabolism	F3MA_01_RNA_transcription	F3MA_01_R002_RNA_polymerase_sigma_factors	F3MA_01_R002_RNA_polymerase_sigma-54_factor_rpoN	COG1508_K03092
F3MA_RNA_metabolism	F3MA_01_RNA_transcription	F3MA_01_R002_RNA_polymerase_sigma_factors	F3MA_01_R002_RNA_polymerase_sigma-70_factor_comX	COG1595_K03088_K03091_K12296
F3MA_RNA_metabolism	F3MA_01_RNA_transcription	F3MA_01_R003_RNA_polymerase_stringent_factor_ppGpp_synthetase	F3MA_01_R003_Stringent_factor_ppGpp_synthetase_I_relA	COG0317_K00951
F3MA_RNA_metabolism	F3MA_01_RNA_transcription	F3MA_01_R004_Transcription_termination_factor_rho	F3MA_01_R004_Transcription_termination_factor_rho	COG1158_K03628
F3MA_RNA_metabolism	F3MA_02_RNA_degradation_and_turnover	F3MA_02_R005_ATP-dependent_RNA_helicase	F3MA_02_R005_ATP-dependent_RNA_helicase_hrpA	COG1643_K03578
F3MA_RNA_metabolism	F3MA_02_RNA_degradation_and_turnover	F3MA_02_R005_ATP-dependent_RNA_helicase	F3MA_02_R005_ATP-dependent_RNA_helicase_hrpB	COG1643_K03579
F3MA_RNA_metabolism	F3MA_02_RNA_degradation_and_turnover	F3MA_02_R006_DEAD-box_RNA_helicase	F3MA_02_R006_DEAD_DEAH_box_helicase_lhr	COG1201_K03724
F3MA_RNA_metabolism	F3MA_02_RNA_degradation_and_turnover	F3MA_02_R006_DEAD-box_RNA_helicase	F3MA_02_R006_DEAD-box_RNA_helicase_involved_in_rhlB	COG0513_K03732
F3MA_RNA_metabolism	F3MA_02_RNA_degradation_and_turnover	F3MA_02_R006_DEAD-box_RNA_helicase	F3MA_02_R006_DEAD-box_RNA_helicase_RNA_degradation_deaD	COG0513_K05592
F3MA_RNA_metabolism	F3MA_02_RNA_degradation_and_turnover	F3MA_02_R007_General_ribonucleases	F3MA_02_R007_Endoribonuclease_tdcF	COG0251_K09022
F3MA_RNA_metabolism	F3MA_02_RNA_degradation_and_turnover	F3MA_02_R007_General_ribonucleases	F3MA_02_R007_Mini-ribonuclease_III_mrnC	COG1939_K11145
F3MA_RNA_metabolism	F3MA_02_RNA_degradation_and_turnover	F3MA_02_R007_General_ribonucleases	F3MA_02_R007_Ribonuclease_A_rna	COG3719_K01166_K01169
F3MA_RNA_metabolism	F3MA_02_RNA_degradation_and_turnover	F3MA_02_R007_General_ribonucleases	F3MA_02_R007_Ribonuclease_B_rnb	COG4776_K01147
F3MA_RNA_metabolism	F3MA_02_RNA_degradation_and_turnover	F3MA_02_R007_General_ribonucleases	F3MA_02_R007_Ribonuclease_C_rnC	COG0571_K03685
F3MA_RNA_metabolism	F3MA_02_RNA_degradation_and_turnover	F3MA_02_R007_General_ribonucleases	F3MA_02_R007_Ribonuclease_D_rnD	COG0349_K03684
F3MA_RNA_metabolism	F3MA_02_RNA_degradation_and_turnover	F3MA_02_R007_General_ribonucleases	F3MA_02_R007_Ribonuclease_E_rnE	COG1530_K08300
F3MA_RNA_metabolism	F3MA_02_RNA_degradation_and_turnover	F3MA_02_R007_General_ribonucleases	F3MA_02_R007_Ribonuclease_G_rnG	COG1530_K08301
F3MA_RNA_metabolism	F3MA_02_RNA_degradation_and_turnover	F3MA_02_R007_General_ribonucleases	F3MA_02_R007_Ribonuclease_HI_rnhA	COG0328_K03469
F3MA_RNA_metabolism	F3MA_02_RNA_degradation_and_turnover	F3MA_02_R007_General_ribonucleases	F3MA_02_R007_Ribonuclease_P_rnpA	COG0594_K03536
F3MA_RNA_metabolism	F3MA_02_RNA_degradation_and_turnover	F3MA_02_R007_General_ribonucleases	F3MA_02_R007_Ribonuclease_PH_rph	COG0127_K00989
F3MA_RNA_metabolism	F3MA_02_RNA_degradation_and_turnover	F3MA_02_R007_General_ribonucleases	F3MA_02_R007_Ribonuclease_Z_rnz	COG1234_K00784
F3MA_RNA_metabolism	F3MA_02_RNA_degradation_and_turnover	F3MA_02_R008_mRNA_ribonucleases	F3MA_02_R008_mRNA_degradation_nuclease_pnp	COG1185_K00962
F3MA_RNA_metabolism	F3MA_02_RNA_degradation_and_turnover	F3MA_02_R008_mRNA_ribonucleases	F3MA_02_R008_mRNA_degradation_protein_csrA	COG1551_K03563
F3MA_RNA_metabolism	F3MA_02_RNA_degradation_and_turnover	F3MA_02_R009_RNA_maturation_recycling_proteins	F3MA_02_R009_RNA_degradation_and_recycling_protein_symE	2DM63_K19048
F3MA_RNA_metabolism	F3MA_02_RNA_degradation_and_turnover	F3MA_02_R009_RNA_maturation_recycling_proteins	F3MA_02_R009_rRNA_mRNA_maturation_and_decay_protein_rnjA	COG0595_K12574
F3MA_RNA_metabolism	F3MA_02_RNA_degradation_and_turnover	F3MA_02_R009_RNA_maturation_recycling_proteins	F3MA_02_R009_rRNA_mRNA_maturation_and_decay_protein_rnmV	COG1658_K05985
F3MA_RNA_metabolism	F3MA_02_RNA_degradation_and_turnover	F3MA_02_R009_RNA_maturation_recycling_proteins	F3MA_02_R009_rRNA_mRNA_maturation_and_decay_protein_rnr	COG0557_K12573
F3MA_RNA_metabolism	F3MA_02_RNA_degradation_and_turnover	F3MA_02_R010_RNA_chaperones	F3MA_02_R010_RNA_chaperone_hfq	COG1923_K03666
F3MA_RNA_metabolism	F3MA_02_RNA_degradation_and_turnover	F3MA_02_R010_RNA_chaperones	F3MA_02_R010_RNA_chaperone_proQ	COG3109_K03607
F3MA_RNA_metabolism	F3MA_03_tRNA_modifications	F3MA_03_R011_tRNA_methyltransferases	F3MA_03_R011_tRNA_5-carboxymethoxyuridine_methyltransferase_cmoM	COG2227_K06219
F3MA_RNA_metabolism	F3MA_03_tRNA_modifications	F3MA_03_R011_tRNA_methyltransferases	F3MA_03_R011_tRNA_L-threonylcarbamoyladenylate_synthase_tsaC	COG0009_K07566
F3MA_RNA_metabolism	F3MA_03_tRNA_modifications	F3MA_03_R011_tRNA_methyltransferases	F3MA_03_R011_tRNA_methyltransferase_trmA	COG2265_K00557
F3MA_RNA_metabolism	F3MA_03_tRNA_modifications	F3MA_03_R011_tRNA_methyltransferases	F3MA_03_R011_tRNA_methyltransferase_trmB	COG0220_K03439
F3MA_RNA_metabolism	F3MA_03_tRNA_modifications	F3MA_03_R011_tRNA_methyltransferases	F3MA_03_R011_tRNA_methyltransferase_trmD	COG0336_K00554
F3MA_RNA_metabolism	F3MA_03_tRNA_modifications	F3MA_03_R011_tRNA_methyltransferases	F3MA_03_R011_tRNA_methyltransferase_trmFO	COG1206_K04094
F3MA_RNA_metabolism	F3MA_03_tRNA_modifications	F3MA_03_R011_tRNA_methyltransferases	F3MA_03_R011_tRNA_methyltransferase_trmH	COG0566_K00556
F3MA_RNA_metabolism	F3MA_03_tRNA_modifications	F3MA_03_R011_tRNA_methyltransferases	F3MA_03_R011_tRNA_methyltransferase_trmJ	COG0565_K15396_*
F3MA_RNA_metabolism	F3MA_03_tRNA_modifications	F3MA_03_R011_tRNA_methyltransferases	F3MA_03_R011_tRNA_methyltransferase_trmL	COG0219_K03216
F3MA_RNA_metabolism	F3MA_03_tRNA_modifications	F3MA_03_R011_tRNA_methyltransferases	F3MA_03_R011_tRNA_mo5U34-methyltransferase_cmoB	COG2227_K15257
F3MA_RNA_metabolism	F3MA_03_tRNA_modifications	F3MA_03_R011_tRNA_methyltransferases	F3MA_03_R011_tRNA_modification_GTPase_mnmE	COG0486_K03650
F3MA_RNA_metabolism	F3MA_03_tRNA_modifications	F3MA_03_R011_tRNA_methyltransferases	F3MA_03_R011_tRNA-S-adenosyl-L-methionine_carboxymethyl_transfer_protein_cmoA	COG0500_K15256
F3MA_RNA_metabolism	F3MA_03_tRNA_modifications	F3MA_03_R012_tRNA_sulfur_transferases	F3MA_03_R012_tRNA_sulfur-relay_system_protein_tusA	COG0425_K04085
F3MA_RNA_metabolism	F3MA_03_tRNA_modifications	F3MA_03_R012_tRNA_sulfur_transferases	F3MA_03_R012_tRNA_sulfur-relay_system_protein_tusB	COG2168_K07237
F3MA_RNA_metabolism	F3MA_03_tRNA_modifications	F3MA_03_R012_tRNA_sulfur_transferases	F3MA_03_R012_tRNA_sulfur-relay_system_protein_tusC	COG2923_K07236
F3MA_RNA_metabolism	F3MA_03_tRNA_modifications	F3MA_03_R012_tRNA_sulfur_transferases	F3MA_03_R012_tRNA_sulfur-relay_system_protein_tusD	COG1553_K07235
F3MA_RNA_metabolism	F3MA_03_tRNA_modifications	F3MA_03_R012_tRNA_sulfur_transferases	F3MA_03_R012_tRNA-uridine_2-sulfurtransferase_mnmA	COG0482_K00566
F3MA_RNA_metabolism	F3MA_03_tRNA_modifications	F3MA_03_R013_tRNA_uridine_modification_proteins	F3MA_03_R013_3_terminal_tRNAs_repair_protein_cca	COG0617_K00974
F3MA_RNA_metabolism	F3MA_03_tRNA_modifications	F3MA_03_R013_tRNA_uridine_modification_proteins	F3MA_03_R013_tRNA_2-selenouridine_synthase_selU	COG2603_K06917
F3MA_RNA_metabolism	F3MA_03_tRNA_modifications	F3MA_03_R013_tRNA_uridine_modification_proteins	F3MA_03_R013_tRNA_wobble_adenosine_to_inosine_editing_protein_tadA	COG0590_K11991_*
F3MA_RNA_metabolism	F3MA_03_tRNA_modifications	F3MA_03_R013_tRNA_uridine_modification_proteins	F3MA_03_R013_tRNA-dihydrouridine_synthase_A_dusA	COG0042_K05539
F3MA_RNA_metabolism	F3MA_03_tRNA_modifications	F3MA_03_R013_tRNA_uridine_modification_proteins	F3MA_03_R013_tRNA-dihydrouridine_synthase_B_dusB	COG0042_K05540
F3MA_RNA_metabolism	F3MA_03_tRNA_modifications	F3MA_03_R013_tRNA_uridine_modification_proteins	F3MA_03_R013_tRNA-dihydrouridine_synthase_C_dusC	COG0042_K05541
F3MA_RNA_metabolism	F3MA_03_tRNA_modifications	F3MA_03_R013_tRNA_uridine_modification_proteins	F3MA_03_R013_tRNAs_pseudouridine_synthase_truA	COG0101_K06173
F3MA_RNA_metabolism	F3MA_03_tRNA_modifications	F3MA_03_R013_tRNA_uridine_modification_proteins	F3MA_03_R013_tRNAs_pseudouridine_synthase_truB	COG0130_K03177_*
F3MA_RNA_metabolism	F3MA_03_tRNA_modifications	F3MA_03_R013_tRNA_uridine_modification_proteins	F3MA_03_R013_tRNAs_pseudouridine_synthase_truC	COG0564_K06175
F3MA_RNA_metabolism	F3MA_03_tRNA_modifications	F3MA_03_R013_tRNA_uridine_modification_proteins	F3MA_03_R013_tRNAs_pseudouridine_synthase_truD	COG0585_K06176
F3MA_RNA_metabolism	F3MA_03_tRNA_modifications	F3MA_03_R014_tRNA_general_modification_proteins	F3MA_03_R014_tRNA_2-methylsulfanyl-N6-isopentenyladenosine37_hydroxylase_miaE	COG4445_K06169
F3MA_RNA_metabolism	F3MA_03_tRNA_modifications	F3MA_03_R014_tRNA_general_modification_proteins	F3MA_03_R014_tRNA_5-methylaminomethyl-2-thiouridine_biosynthesis_bifunctional_protein_mnmC	COG0665_K15461
F3MA_RNA_metabolism	F3MA_03_tRNA_modifications	F3MA_03_R014_tRNA_general_modification_proteins	F3MA_03_R014_tRNA_dimethylallyltransferase_miaA	COG0324_K00791
F3MA_RNA_metabolism	F3MA_03_tRNA_modifications	F3MA_03_R014_tRNA_general_modification_proteins	F3MA_03_R014_tRNA-2-methylthio-N6-dimethylallyladenosine_synthase_miaB	COG0621_K06168
F3MA_RNA_metabolism	F3MA_04_rRNA_modifications	F3MA_04_R015_rRNA_pseudouridine_synthase	F3MA_04_R015_Pseudouridine_synthase_rluA	COG0564_K06177_*
F3MA_RNA_metabolism	F3MA_04_rRNA_modifications	F3MA_04_R015_rRNA_pseudouridine_synthase	F3MA_04_R015_Pseudouridine_synthase_rluB	COG1187_K06178
F3MA_RNA_metabolism	F3MA_04_rRNA_modifications	F3MA_04_R015_rRNA_pseudouridine_synthase	F3MA_04_R015_Pseudouridine_synthase_rluC	COG0564_K06179
F3MA_RNA_metabolism	F3MA_04_rRNA_modifications	F3MA_04_R015_rRNA_pseudouridine_synthase	F3MA_04_R015_Pseudouridine_synthase_rluD	COG0564_K06180
F3MA_RNA_metabolism	F3MA_04_rRNA_modifications	F3MA_04_R015_rRNA_pseudouridine_synthase	F3MA_04_R015_Pseudouridine_synthase_rluE	COG1187_K06181
F3MA_RNA_metabolism	F3MA_04_rRNA_modifications	F3MA_04_R015_rRNA_pseudouridine_synthase	F3MA_04_R015_Pseudouridine_synthase_rluF	COG1187_K06182_*
F3MA_RNA_metabolism	F3MA_04_rRNA_modifications	F3MA_04_R016_rRNA_general_methyltransferases	F3MA_04_R016_RNA_M5U_methyltransferase_rlmCD	COG2265_K03215_*
F3MA_RNA_metabolism	F3MA_04_rRNA_modifications	F3MA_04_R016_rRNA_general_methyltransferases	F3MA_04_R016_RNA_methyltransferase_rlmB	COG0566_K03218
F3MA_RNA_metabolism	F3MA_04_rRNA_modifications	F3MA_04_R016_rRNA_general_methyltransferases	F3MA_04_R016_RNA_methyltransferase_rlmM	COG2933_K06968
F3MA_RNA_metabolism	F3MA_04_rRNA_modifications	F3MA_04_R016_rRNA_general_methyltransferases	F3MA_04_R016_SAM-binding_rRNA_methyltransferase_ermA	COG0030_K00561
F3MA_RNA_metabolism	F3MA_04_rRNA_modifications	F3MA_04_R017_23S_rRNA_methyltransferases	F3MA_04_R017_23S_rRNA_adenine_methylase_rlmF	COG3129_K06970
F3MA_RNA_metabolism	F3MA_04_rRNA_modifications	F3MA_04_R017_23S_rRNA_methyltransferases	F3MA_04_R017_23S_rRNA_adenine_methylase_rlmJ	COG2961_K07115
F3MA_RNA_metabolism	F3MA_04_rRNA_modifications	F3MA_04_R017_23S_rRNA_methyltransferases	F3MA_04_R017_23S_rRNA_and_tRNAs_adenine_methylase_rlmN	COG0820_K06941
F3MA_RNA_metabolism	F3MA_04_rRNA_modifications	F3MA_04_R017_23S_rRNA_methyltransferases	F3MA_04_R017_23S_rRNA_cytosine_methylase_rlmI	COG1092_K06969
F3MA_RNA_metabolism	F3MA_04_rRNA_modifications	F3MA_04_R017_23S_rRNA_methyltransferases	F3MA_04_R017_23S_rRNA_guanine_methylase_rlmG	COG2813_K00564_K11391
F3MA_RNA_metabolism	F3MA_04_rRNA_modifications	F3MA_04_R017_23S_rRNA_methyltransferases	F3MA_04_R017_23S_rRNA_guanine_methylase_rlmG	COG2813_K11391
F3MA_RNA_metabolism	F3MA_04_rRNA_modifications	F3MA_04_R017_23S_rRNA_methyltransferases	F3MA_04_R017_23S_rRNA_guanine_methylase_rlmL	COG0116_K12297
F3MA_RNA_metabolism	F3MA_04_rRNA_modifications	F3MA_04_R017_23S_rRNA_methyltransferases	F3MA_04_R017_23S_rRNA_pseudouridine_methylase_rlmH	COG1576_K00783
F3MA_RNA_metabolism	F3MA_04_rRNA_modifications	F3MA_04_R017_23S_rRNA_methyltransferases	F3MA_04_R017_23S_rRNA_uridine2552-2-O-methyltransferase_ftsJ	COG0293_K02427
F3MA_RNA_metabolism	F3MA_04_rRNA_modifications	F3MA_04_R017_23S_rRNA_methyltransferases	F3MA_04_R017_Ribosomal_RNA_large_subunit_methyltransferase_J_rrmJ	COG1189_K06442
F3MA_RNA_metabolism	F3MA_04_rRNA_modifications	F3MA_04_R018_16S_rRNA_methyltransferases	F3MA_04_R018_16S_rRNA_cytidine_methylase_rsmH	COG0275_K03438
F3MA_RNA_metabolism	F3MA_04_rRNA_modifications	F3MA_04_R018_16S_rRNA_methyltransferases	F3MA_04_R018_16S_rRNA_cytosine_methylase_rsmB	COG0144_K03500
F3MA_RNA_metabolism	F3MA_04_rRNA_modifications	F3MA_04_R018_16S_rRNA_methyltransferases	F3MA_04_R018_16S_rRNA_cytosine_methylase_rsmF	COG0144_K11392
F3MA_RNA_metabolism	F3MA_04_rRNA_modifications	F3MA_04_R018_16S_rRNA_methyltransferases	F3MA_04_R018_16S_rRNA_guanine_methylase_rsmD	COG0742_K08316
F3MA_RNA_metabolism	F3MA_04_rRNA_modifications	F3MA_04_R018_16S_rRNA_methyltransferases	F3MA_04_R018_16S_rRNA_guanine_methylase_rsmG	COG0357_K03501
F3MA_RNA_metabolism	F3MA_04_rRNA_modifications	F3MA_04_R018_16S_rRNA_methyltransferases	F3MA_04_R018_16S_rRNA_guanosine_methylase_rsmG	COG0742_K15984
F3MA_RNA_metabolism	F3MA_04_rRNA_modifications	F3MA_04_R018_16S_rRNA_methyltransferases	F3MA_04_R018_16S_rRNA_uracil_methylase_rsmE	COG1385_K09761
F3MS_cell_division_and_shape	F3MS_01_general_cell_division_proteins	F3MS_01_S001_Cell_division_activators	F3MS_01_S001_Activator_of_cell_division_zapA	COG3027_K09888
F3MS_cell_division_and_shape	F3MS_01_general_cell_division_proteins	F3MS_01_S001_Cell_division_activators	F3MS_01_S001_Activator_of_cell_division_zapB	COG3074_K09892
F3MS_cell_division_and_shape	F3MS_01_general_cell_division_proteins	F3MS_01_S001_Cell_division_activators	F3MS_01_S001_Cell_division_activator_cedA	2CFPH_K15722
F3MS_cell_division_and_shape	F3MS_01_general_cell_division_proteins	F3MS_01_S002_general_cell_division_proteins	F3MS_01_S002_ABC_transporter_FtsEX_involved_in_cellular_division_ftsX	COG2177_K09811
F3MS_cell_division_and_shape	F3MS_01_general_cell_division_proteins	F3MS_01_S002_general_cell_division_proteins	F3MS_01_S002_Cell_division_ATP-binding_protein_FtsE_ftsE	COG2884_K09812
F3MS_cell_division_and_shape	F3MS_01_general_cell_division_proteins	F3MS_01_S002_general_cell_division_proteins	F3MS_01_S002_Cell_division_peptidoglycan_polymerase_ftsW	COG0772_K03588
F3MS_cell_division_and_shape	F3MS_01_general_cell_division_proteins	F3MS_01_S002_general_cell_division_proteins	F3MS_01_S002_Cell_division_protein_DamX_damX	COG3266_K03112
F3MS_cell_division_and_shape	F3MS_01_general_cell_division_proteins	F3MS_01_S002_general_cell_division_proteins	F3MS_01_S002_Cell_division_protein_dedD	COG3147_K03749
F3MS_cell_division_and_shape	F3MS_01_general_cell_division_proteins	F3MS_01_S002_general_cell_division_proteins	F3MS_01_S002_Cell_division_protein_ftsB	COG2919_K05589
F3MS_cell_division_and_shape	F3MS_01_general_cell_division_proteins	F3MS_01_S002_general_cell_division_proteins	F3MS_01_S002_Cell_division_protein_ftsL	COG3116_K03586
F3MS_cell_division_and_shape	F3MS_01_general_cell_division_proteins	F3MS_01_S002_general_cell_division_proteins	F3MS_01_S002_Cell_division_protein_ftsN	COG3087_K03591
F3MS_cell_division_and_shape	F3MS_01_general_cell_division_proteins	F3MS_01_S002_general_cell_division_proteins	F3MS_01_S002_Cell_division_protein_ftsP	COG2132_K04753
F3MS_cell_division_and_shape	F3MS_01_general_cell_division_proteins	F3MS_01_S002_general_cell_division_proteins	F3MS_01_S002_Cell_division_protein_ftsQ	COG1589_K03589
F3MS_cell_division_and_shape	F3MS_01_general_cell_division_proteins	F3MS_01_S002_general_cell_division_proteins	F3MS_01_S002_Early_cell_division_protein_mapZ	2DB6P_K20073
F3MS_cell_division_and_shape	F3MS_01_general_cell_division_proteins	F3MS_01_S003_Cell_division_inhibitors_regulators	F3MS_01_S003_Cell_division_inhibitor_minC	COG0850_K03610
F3MS_cell_division_and_shape	F3MS_01_general_cell_division_proteins	F3MS_01_S003_Cell_division_inhibitors_regulators	F3MS_01_S003_Cell_division_inhibitor_regulator_minE	COG0851_K03608
F3MS_cell_division_and_shape	F3MS_01_general_cell_division_proteins	F3MS_01_S003_Cell_division_inhibitors_regulators	F3MS_01_S003_Efficiency_regulator_of_the_cell_division_zapC	28I7M_K18657
F3MS_cell_division_and_shape	F3MS_01_general_cell_division_proteins	F3MS_01_S003_Cell_division_inhibitors_regulators	F3MS_01_S003_SOS_system_cell_division_inhibitor_protein_sulA	COG5404_K13053_*
F3MS_cell_division_and_shape	F3MS_02_Z-ring_formation	F3MS_02_S004_Cell_division_ring_structure_proteinZ	F3MS_02_S004_Cell_division_ring_structure_proteinZ_ftsZ	COG0206_K03531
F3MS_cell_division_and_shape	F3MS_02_Z-ring_formation	F3MS_02_S005_Cell_division_Z_ring_membrane_anchor	F3MS_02_S005_Cell_division_Z_ring_membrane_anchor_ftsA	COG0849_K03590
F3MS_cell_division_and_shape	F3MS_02_Z-ring_formation	F3MS_02_S006_Cell_division_Z-ring_stabilization_proteins	F3MS_02_S006_Enhancer_of_FtsZ-ring_zapD	COG4582_K18778
F3MS_cell_division_and_shape	F3MS_02_Z-ring_formation	F3MS_02_S006_Cell_division_Z-ring_stabilization_proteins	F3MS_02_S006_FtsZ_polymers_stabilization_zapE	COG1485_K06916
F3MS_cell_division_and_shape	F3MS_02_Z-ring_formation	F3MS_02_S006_Cell_division_Z-ring_stabilization_proteins	F3MS_02_S006_FtsZ_polymers_stabilization_zipA	COG3115_K03528
F3MS_cell_division_and_shape	F3MS_02_Z-ring_formation	F3MS_02_S006_Cell_division_Z-ring_stabilization_proteins	F3MS_02_S006_Modulator_of_FtsZ_ring_formation_ezrA	COG4477_K06286
F3MS_cell_division_and_shape	F3MS_02_Z-ring_formation	F3MS_02_S006_Cell_division_Z-ring_stabilization_proteins	F3MS_02_S006_Z-ring_formation_protein_sepF	COG1799_K09772
F3MS_cell_division_and_shape	F3MS_03_septum_formation_proteins	F3MS_03_S007_Septum_formation_protein	F3MS_03_S007_Septum_formation_protein_maf	COG0424_K06287
F3MS_cell_division_and_shape	F3MS_03_septum_formation_proteins	F3MS_03_S008_Septum_formation_initiator	F3MS_03_S008_Septum_formation_initiator_divIC	COG2919_K13052
F3MS_cell_division_and_shape	F3MS_03_septum_formation_proteins	F3MS_03_S008_Septum_formation_initiator	F3MS_03_S008_Septum_formation_initiator_divIVA	COG3599_K04074
F3MS_cell_division_and_shape	F3MS_03_septum_formation_proteins	F3MS_03_S009_Maintenance_of_normal_septation_protein	F3MS_03_S009_Maintenance_of_normal_septation_protein_engB	COG0218_K03978
F3MS_cell_division_and_shape	F3MS_03_septum_formation_proteins	F3MS_03_S010_Peptidoglycan_cross_linking_division_septum_protein	F3MS_03_S010_Peptidoglycan_cross_linking_division_septum_protein_ftsI	COG0768_K03587
F3MS_cell_division_and_shape	F3MS_03_septum_formation_proteins	F3MS_03_S011_Intracellular_septation_protein	F3MS_03_S011_Intracellular_septation_protein_ispZ	COG2917_K06190
F3MS_cell_division_and_shape	F3MS_04_chromosome_partitioning	F3MS_04_S012_DNA_segregation_ATPase	F3MS_04_S012_DNA_segregation_ATPase_FtsK_SpoIIIE_S-DNA-T_family_essC	COG1674_K03466
F3MS_cell_division_and_shape	F3MS_04_chromosome_partitioning	F3MS_04_S013_Nuclear_chromosome_segregation_protein	F3MS_04_S013_Nuclear_chromosome_segregation_protein_ftsK	COG1196_K03466
F3MS_cell_division_and_shape	F3MS_04_chromosome_partitioning	F3MS_04_S014_Chromosome_condensation_proteins	F3MS_04_S014_Chromosome_condensation_protein_mukB	COG3096_K03632
F3MS_cell_division_and_shape	F3MS_04_chromosome_partitioning	F3MS_04_S014_Chromosome_condensation_proteins	F3MS_04_S014_Chromosome_condensation_protein_mukE	COG3095_K03804
F3MS_cell_division_and_shape	F3MS_04_chromosome_partitioning	F3MS_04_S014_Chromosome_condensation_proteins	F3MS_04_S014_Chromosome_condensation_protein_mukF	COG3006_K03633
F3MS_cell_division_and_shape	F3MS_04_chromosome_partitioning	F3MS_04_S015_Chromosome_partitioning_proteins	F3MS_04_S015_Chromosomal_partitioning_proteins_scpA	COG1354_K05896
F3MS_cell_division_and_shape	F3MS_04_chromosome_partitioning	F3MS_04_S015_Chromosome_partitioning_proteins	F3MS_04_S015_Chromosomal_partitioning_proteins_scpB	COG1386_K06024
F3MS_cell_division_and_shape	F3MS_04_chromosome_partitioning	F3MS_04_S015_Chromosome_partitioning_proteins	F3MS_04_S015_Chromosome_condensation_and_partitioning_protein_smc	COG1196_K03529
F3MS_cell_division_and_shape	F3MS_04_chromosome_partitioning	F3MS_04_S015_Chromosome_partitioning_proteins	F3MS_04_S015_Chromosome_partitioning_protein_parA	COG1192_K03496
F3MS_cell_division_and_shape	F3MS_04_chromosome_partitioning	F3MS_04_S016_Partitioning_recombinases	F3MS_04_S016_Phage-like_recombinase_xerC	COG4973_K03733_*
F3MS_cell_division_and_shape	F3MS_04_chromosome_partitioning	F3MS_04_S016_Partitioning_recombinases	F3MS_04_S016_Recombinase_xerD	COG4974_K04763
F3MS_cell_division_and_shape	F3MS_05_cell_shape_proteins	F3MS_05_S017_Cell_filamentation_protein_fic	F3MS_05_S017_Cell_filamentation_protein_fic	COG2184_K04095
F3MS_cell_division_and_shape	F3MS_05_cell_shape_proteins	F3MS_05_S018_Cell_filamentation_actin-like_protein_mreB	F3MS_05_S018_Cell_shape_determining_actin-like_protein_mreB	COG1077_K03569
F3MS_cell_division_and_shape	F3MS_05_cell_shape_proteins	F3MS_05_S019_Rod_shape-determining_proteins	F3MS_05_S019_Rod_shape_determining_protein_rodA	COG0772_K05837
F3MS_cell_division_and_shape	F3MS_05_cell_shape_proteins	F3MS_05_S020_Cell_shape_determining_protein	F3MS_05_S020_Cell_shape-determining_protein_mreD	COG2891_K03571
F3MS_cell_division_and_shape	F3MS_05_cell_shape_proteins	F3MS_05_S021_Cell_shape_maintenance_proteins	F3MS_05_S021_Involved_in_formation_and_maintenance_of_cell_shape_mreC	COG1792_K03570
F3MT_translation_and_posttranslation_processes	F3MT_01_Amino_acyl-tRNA_biosynthesis	F3MT_01_T001_Alanyl-tRNA_synthetase	F3MT_01_T001_Alanyl-tRNA_synthetase_alaS	COG0013_K01872
F3MT_translation_and_posttranslation_processes	F3MT_01_Amino_acyl-tRNA_biosynthesis	F3MT_01_T002_Arginyl-tRNA_synthetase	F3MT_01_T002_Arginyl-tRNA_synthetase_argS	COG0018_K01887
F3MT_translation_and_posttranslation_processes	F3MT_01_Amino_acyl-tRNA_biosynthesis	F3MT_01_T003_Asparaginyl-tRNA_synthetase	F3MT_01_T003_Asparaginyl-tRNA_synthetase_asnS	COG0017_K01893
F3MT_translation_and_posttranslation_processes	F3MT_01_Amino_acyl-tRNA_biosynthesis	F3MT_01_T004_Aspartyl-tRNA_synthetase	F3MT_01_T004_Aspartyl-tRNA_synthetase_aspS	COG0173_K01876
F3MT_translation_and_posttranslation_processes	F3MT_01_Amino_acyl-tRNA_biosynthesis	F3MT_01_T005_Cystidyl-tRNA_synthetase	F3MT_01_T005_Cystidyl-tRNA_synthetase_cysS	COG0215_K01883
F3MT_translation_and_posttranslation_processes	F3MT_01_Amino_acyl-tRNA_biosynthesis	F3MT_01_T006_Glutamyl-tRNA_amidase	F3MT_01_T006_Glutamyl-tRNA_amidase_gatA	COG0154_K02433
F3MT_translation_and_posttranslation_processes	F3MT_01_Amino_acyl-tRNA_biosynthesis	F3MT_01_T006_Glutamyl-tRNA_amidase	F3MT_01_T006_Glutamyl-tRNA_amidase_gatA	COG0154_K01426
F3MT_translation_and_posttranslation_processes	F3MT_01_Amino_acyl-tRNA_biosynthesis	F3MT_01_T007_Glutaminyl-tRNA_synthetase	F3MT_01_T007_Glutaminyl-tRNA_synthetase_glnS	COG0008_K01886
F3MT_translation_and_posttranslation_processes	F3MT_01_Amino_acyl-tRNA_biosynthesis	F3MT_01_T007_Glutaminyl-tRNA_synthetase	F3MT_01_T007_Glutaminyl-tRNA_synthetase_gltX	COG0008_K01885_*
F3MT_translation_and_posttranslation_processes	F3MT_01_Amino_acyl-tRNA_biosynthesis	F3MT_01_T008_Glutamyl-Q_tRNAAsp_synthetase	F3MT_01_T008_Glutamyl-Q_tRNAAsp_synthetase_gluQ	COG0008_K01894
F3MT_translation_and_posttranslation_processes	F3MT_01_Amino_acyl-tRNA_biosynthesis	F3MT_01_T009_Glycyl-tRNA_synthetase	F3MT_01_T009_Glycyl-tRNA_synthetase_alpha_subunit_glyQ	COG0752_K01878
F3MT_translation_and_posttranslation_processes	F3MT_01_Amino_acyl-tRNA_biosynthesis	F3MT_01_T009_Glycyl-tRNA_synthetase	F3MT_01_T009_Glycyl-tRNA_synthetase_beta_subunit_glyS	COG0751_K01879
F3MT_translation_and_posttranslation_processes	F3MT_01_Amino_acyl-tRNA_biosynthesis	F3MT_01_T010_Histidyl-tRNA_synthetase	F3MT_01_T010_Histidyl-tRNA_synthetase_hisS	COG0124_K01892
F3MT_translation_and_posttranslation_processes	F3MT_01_Amino_acyl-tRNA_biosynthesis	F3MT_01_T011_Isoleucyl-tRNA_synthetase	F3MT_01_T011_Isoleucyl-tRNA_synthetase_ileS	COG0060_K01870
F3MT_translation_and_posttranslation_processes	F3MT_01_Amino_acyl-tRNA_biosynthesis	F3MT_01_T012_Leucyl-tRNA_synthetase	F3MT_01_T012_Leucyl-tRNA_synthetase_leuS	COG0495_K01869
F3MT_translation_and_posttranslation_processes	F3MT_01_Amino_acyl-tRNA_biosynthesis	F3MT_01_T013_Lysyl-tRNA_synthetase	F3MT_01_T013_Lysyl-tRNA_synthetase_lysS	COG1190_K04567
F3MT_translation_and_posttranslation_processes	F3MT_01_Amino_acyl-tRNA_biosynthesis	F3MT_01_T014_Methionyl-tRNA_formyltransferase	F3MT_01_T014_Methionyl-tRNA_formyltransferase_fmt	COG0223_K00604
F3MT_translation_and_posttranslation_processes	F3MT_01_Amino_acyl-tRNA_biosynthesis	F3MT_01_T015_Methionyl-tRNA_synthetase	F3MT_01_T015_Methionyl-tRNA_synthetase_metG	COG0073_K01874
F3MT_translation_and_posttranslation_processes	F3MT_01_Amino_acyl-tRNA_biosynthesis	F3MT_01_T016_Phenylalanyl-tRNA_synthetase	F3MT_01_T016_Phenylalanyl-tRNA_synthetase_alpha_subunit_pheS	COG0016_K01889
F3MT_translation_and_posttranslation_processes	F3MT_01_Amino_acyl-tRNA_biosynthesis	F3MT_01_T016_Phenylalanyl-tRNA_synthetase	F3MT_01_T016_Phenylalanyl-tRNA_synthetase_beta_subunit_pheT	COG0072_K01890
F3MT_translation_and_posttranslation_processes	F3MT_01_Amino_acyl-tRNA_biosynthesis	F3MT_01_T017_Prolyl_tRNA_synthetase	F3MT_01_T017_Prolyl_tRNA_synthetase_proS	COG0442_K01881
F3MT_translation_and_posttranslation_processes	F3MT_01_Amino_acyl-tRNA_biosynthesis	F3MT_01_T018_Seryl-tRNASer_seleniumtransferase	F3MT_01_T018_Seryl-tRNASer_seleniumtransferase_selA	COG1921_K01042
F3MT_translation_and_posttranslation_processes	F3MT_01_Amino_acyl-tRNA_biosynthesis	F3MT_01_T019_Seryl-tRNA_synthetase	F3MT_01_T019_Seryl-tRNA_synthetase_trpS	COG0172_K01875
F3MT_translation_and_posttranslation_processes	F3MT_01_Amino_acyl-tRNA_biosynthesis	F3MT_01_T020_Threonyl-tRNA_synthetase	F3MT_01_T020_Threonyl-tRNA_synthetase_thrS	COG0441_K01868
F3MT_translation_and_posttranslation_processes	F3MT_01_Amino_acyl-tRNA_biosynthesis	F3MT_01_T021_Tryptophanyl-tRNA_synthetase	F3MT_01_T021_Tryptophanyl-tRNA_synthetase_trpS	COG0180_K01867
F3MT_translation_and_posttranslation_processes	F3MT_01_Amino_acyl-tRNA_biosynthesis	F3MT_01_T022_Tyrosyl-tRNA_synthetase	F3MT_01_T022_Tyrosyl-tRNA_synthetase_tyrS	COG0162_K01866
F3MT_translation_and_posttranslation_processes	F3MT_01_Amino_acyl-tRNA_biosynthesis	F3MT_01_T023_Valyl-tRNA_synthetase	F3MT_01_T023_Valyl-tRNA_synthetase_valS	COG0525_K01873
F3MT_translation_and_posttranslation_processes	F3MT_01_Amino_acyl-tRNA_biosynthesis	F3MT_01_T024_tRNAIle-lysidine_synthase	F3MT_01_T024_tRNAIle-lysidine_synthase_tilS	COG0037_K04075_*
F3MT_translation_and_posttranslation_processes	F3MT_01_Amino_acyl-tRNA_biosynthesis	F3MT_01_T025_General_Amino_acyls_tRNA_editing_proteins	F3MT_01_T025_Aminoacyl-tRNA_editing_protein_ebsC	COG2606_K03976
F3MT_translation_and_posttranslation_processes	F3MT_01_Amino_acyl-tRNA_biosynthesis	F3MT_01_T025_General_Amino_acyls_tRNA_editing_proteins	F3MT_01_T025_D-aminoacyl-tRNA_deacylase_dtd	COG1490_K07560
F3MT_translation_and_posttranslation_processes	F3MT_02_Ribosome_biosynthesis	F3MT_02_T026_Ribosomal_proteins	F3MT_02_T026_Ribosomal_L27_protein_rpmA	COG0211_K02899
F3MT_translation_and_posttranslation_processes	F3MT_02_Ribosome_biosynthesis	F3MT_02_T026_Ribosomal_proteins	F3MT_02_T026_Ribosomal_L28_family_rpmB	COG0227_K02902
F3MT_translation_and_posttranslation_processes	F3MT_02_Ribosome_biosynthesis	F3MT_02_T026_Ribosomal_proteins	F3MT_02_T026_Ribosomal_L29_protein_rpmC	COG0255_K02904
F3MT_translation_and_posttranslation_processes	F3MT_02_Ribosome_biosynthesis	F3MT_02_T026_Ribosomal_proteins	F3MT_02_T026_Ribosomal_protein_bS21_family_rpsU	COG0828_K02970
F3MT_translation_and_posttranslation_processes	F3MT_02_Ribosome_biosynthesis	F3MT_02_T026_Ribosomal_proteins	F3MT_02_T026_Ribosomal_protein_L30_rpmD	COG1841_K02907
F3MT_translation_and_posttranslation_processes	F3MT_02_Ribosome_biosynthesis	F3MT_02_T026_Ribosomal_proteins	F3MT_02_T026_Ribosomal_protein_L31_rpmE	COG0254_K02909
F3MT_translation_and_posttranslation_processes	F3MT_02_Ribosome_biosynthesis	F3MT_02_T026_Ribosomal_proteins	F3MT_02_T026_Ribosomal_protein_L33_rpmG	COG0267_K02913
F3MT_translation_and_posttranslation_processes	F3MT_02_Ribosome_biosynthesis	F3MT_02_T026_Ribosomal_proteins	F3MT_02_T026_Ribosomal_protein_L34_rpmH	COG0230_K02914
F3MT_translation_and_posttranslation_processes	F3MT_02_Ribosome_biosynthesis	F3MT_02_T026_Ribosomal_proteins	F3MT_02_T026_Ribosomal_protein_L36_rpmJ	COG0257_K02919
F3MT_translation_and_posttranslation_processes	F3MT_02_Ribosome_biosynthesis	F3MT_02_T026_Ribosomal_proteins	F3MT_02_T026_Ribosomal_protein_rpsC	COG0092_K02982
F3MT_translation_and_posttranslation_processes	F3MT_02_Ribosome_biosynthesis	F3MT_02_T026_Ribosomal_proteins	F3MT_02_T026_Ribosomal_protein_rpsD	COG0522_K02986
F3MT_translation_and_posttranslation_processes	F3MT_02_Ribosome_biosynthesis	F3MT_02_T026_Ribosomal_proteins	F3MT_02_T026_Ribosomal_protein_rpsE	COG0098_K02988
F3MT_translation_and_posttranslation_processes	F3MT_02_Ribosome_biosynthesis	F3MT_02_T026_Ribosomal_proteins	F3MT_02_T026_Ribosomal_protein_rpsF	COG0360_K02990
F3MT_translation_and_posttranslation_processes	F3MT_02_Ribosome_biosynthesis	F3MT_02_T026_Ribosomal_proteins	F3MT_02_T026_Ribosomal_protein_rpsG	COG0049_K02992
F3MT_translation_and_posttranslation_processes	F3MT_02_Ribosome_biosynthesis	F3MT_02_T026_Ribosomal_proteins	F3MT_02_T026_Ribosomal_protein_rpsH	COG0096_K02994
F3MT_translation_and_posttranslation_processes	F3MT_02_Ribosome_biosynthesis	F3MT_02_T026_Ribosomal_proteins	F3MT_02_T026_Ribosomal_protein_rpsJ	COG0051_K02946
F3MT_translation_and_posttranslation_processes	F3MT_02_Ribosome_biosynthesis	F3MT_02_T026_Ribosomal_proteins	F3MT_02_T026_Ribosomal_protein_rpsK	COG0100_K02948
F3MT_translation_and_posttranslation_processes	F3MT_02_Ribosome_biosynthesis	F3MT_02_T026_Ribosomal_proteins	F3MT_02_T026_Ribosomal_protein_rpsL	COG0048_K02950
F3MT_translation_and_posttranslation_processes	F3MT_02_Ribosome_biosynthesis	F3MT_02_T026_Ribosomal_proteins	F3MT_02_T026_Ribosomal_protein_rpsM	COG0099_K02952
F3MT_translation_and_posttranslation_processes	F3MT_02_Ribosome_biosynthesis	F3MT_02_T026_Ribosomal_proteins	F3MT_02_T026_Ribosomal_protein_rpsN	COG0199_K02954
F3MT_translation_and_posttranslation_processes	F3MT_02_Ribosome_biosynthesis	F3MT_02_T026_Ribosomal_proteins	F3MT_02_T026_Ribosomal_protein_rpsO	COG0184_K02956
F3MT_translation_and_posttranslation_processes	F3MT_02_Ribosome_biosynthesis	F3MT_02_T026_Ribosomal_proteins	F3MT_02_T026_Ribosomal_protein_rpsQ	COG0186_K02961
F3MT_translation_and_posttranslation_processes	F3MT_02_Ribosome_biosynthesis	F3MT_02_T026_Ribosomal_proteins	F3MT_02_T026_Ribosomal_protein_rpsR	COG0238_K02963
F3MT_translation_and_posttranslation_processes	F3MT_02_Ribosome_biosynthesis	F3MT_02_T026_Ribosomal_proteins	F3MT_02_T026_Ribosomal_protein_rpsT	COG0268_K02968
F3MT_translation_and_posttranslation_processes	F3MT_02_Ribosome_biosynthesis	F3MT_02_T026_Ribosomal_proteins	F3MT_02_T026_Ribosomal_protein_S1_rpsA	COG0539_K02945
F3MT_translation_and_posttranslation_processes	F3MT_02_Ribosome_biosynthesis	F3MT_02_T026_Ribosomal_proteins	F3MT_02_T026_Ribosomal_protein_S16_rpsP	COG0228_K02959
F3MT_translation_and_posttranslation_processes	F3MT_02_Ribosome_biosynthesis	F3MT_02_T026_Ribosomal_proteins	F3MT_02_T026_Ribosomal_protein_S19_rpsS	COG0185_K02965
F3MT_translation_and_posttranslation_processes	F3MT_02_Ribosome_biosynthesis	F3MT_02_T026_Ribosomal_proteins	F3MT_02_T026_Ribosomal_protein_S2_rpsB	COG0052_K02967
F3MT_translation_and_posttranslation_processes	F3MT_02_Ribosome_biosynthesis	F3MT_02_T026_Ribosomal_proteins	F3MT_02_T026_Ribosomal_protein_S9_S16_rpsI	COG0103_K02996
F3MT_translation_and_posttranslation_processes	F3MT_02_Ribosome_biosynthesis	F3MT_02_T026_Ribosomal_proteins	F3MT_02_T026_structural_constituent_of_ribosome_rpmF	COG0333_K02911
F3MT_translation_and_posttranslation_processes	F3MT_02_Ribosome_biosynthesis	F3MT_02_T026_Ribosomal_proteins	F3MT_02_T026_structural_constituent_of_ribosome_rpmI	COG0291_K02916
F3MT_translation_and_posttranslation_processes	F3MT_03_Ribosome_biosynthesis	F3MT_03_T027_Ribosome_assembly_proteins	F3MT_03_T027_23S_rRNA_50S_subunit_assembly_protein_rplA	COG0081_K02863
F3MT_translation_and_posttranslation_processes	F3MT_03_Ribosome_biosynthesis	F3MT_03_T027_Ribosome_assembly_proteins	F3MT_03_T027_23S_rRNA_50S_subunit_assembly_protein_rplB	COG0090_K02886
F3MT_translation_and_posttranslation_processes	F3MT_03_Ribosome_biosynthesis	F3MT_03_T027_Ribosome_assembly_proteins	F3MT_03_T027_23S_rRNA_50S_subunit_assembly_protein_rplC	COG0087_K02906
F3MT_translation_and_posttranslation_processes	F3MT_03_Ribosome_biosynthesis	F3MT_03_T027_Ribosome_assembly_proteins	F3MT_03_T027_23S_rRNA_50S_subunit_assembly_protein_rplF	COG0097_K02933
F3MT_translation_and_posttranslation_processes	F3MT_03_Ribosome_biosynthesis	F3MT_03_T027_Ribosome_assembly_proteins	F3MT_03_T027_23S_rRNA_50S_subunit_assembly_protein_rplI	COG0359_K02939
F3MT_translation_and_posttranslation_processes	F3MT_03_Ribosome_biosynthesis	F3MT_03_T027_Ribosome_assembly_proteins	F3MT_03_T027_23S_rRNA_50S_subunit_assembly_protein_rplJ	COG0244_K02864
F3MT_translation_and_posttranslation_processes	F3MT_03_Ribosome_biosynthesis	F3MT_03_T027_Ribosome_assembly_proteins	F3MT_03_T027_23S_rRNA_50S_subunit_assembly_protein_rplK	COG0080_K02867
F3MT_translation_and_posttranslation_processes	F3MT_03_Ribosome_biosynthesis	F3MT_03_T027_Ribosome_assembly_proteins	F3MT_03_T027_23S_rRNA_50S_subunit_assembly_protein_rplN	COG0093_K02874
F3MT_translation_and_posttranslation_processes	F3MT_03_Ribosome_biosynthesis	F3MT_03_T027_Ribosome_assembly_proteins	F3MT_03_T027_23S_rRNA_50S_subunit_assembly_protein_rplO	COG0200_K02876
F3MT_translation_and_posttranslation_processes	F3MT_03_Ribosome_biosynthesis	F3MT_03_T027_Ribosome_assembly_proteins	F3MT_03_T027_23S_rRNA_50S_subunit_assembly_protein_rplP	COG0197_K02878
F3MT_translation_and_posttranslation_processes	F3MT_03_Ribosome_biosynthesis	F3MT_03_T027_Ribosome_assembly_proteins	F3MT_03_T027_23S_rRNA_50S_subunit_assembly_protein_rplT	COG0292_K02887
F3MT_translation_and_posttranslation_processes	F3MT_03_Ribosome_biosynthesis	F3MT_03_T027_Ribosome_assembly_proteins	F3MT_03_T027_23S_rRNA_50S_subunit_assembly_protein_rplU	COG0261_K02888
F3MT_translation_and_posttranslation_processes	F3MT_03_Ribosome_biosynthesis	F3MT_03_T027_Ribosome_assembly_proteins	F3MT_03_T027_23S_rRNA_50S_subunit_assembly_protein_rplW	COG0089_K02892
F3MT_translation_and_posttranslation_processes	F3MT_03_Ribosome_biosynthesis	F3MT_03_T027_Ribosome_assembly_proteins	F3MT_03_T027_23S_rRNA_50S_subunit_assembly_protein_rplX	COG0198_K02895
F3MT_translation_and_posttranslation_processes	F3MT_03_Ribosome_biosynthesis	F3MT_03_T027_Ribosome_assembly_proteins	F3MT_03_T027_30S-50S_ribosomal_subunit_interface_protein_rplS	COG0335_K02884
F3MT_translation_and_posttranslation_processes	F3MT_03_Ribosome_biosynthesis	F3MT_03_T027_Ribosome_assembly_proteins	F3MT_03_T027_50S_subunit_assembly_protein_rplM	COG0102_K02871
F3MT_translation_and_posttranslation_processes	F3MT_03_Ribosome_biosynthesis	F3MT_03_T027_Ribosome_assembly_proteins	F3MT_03_T027_5S_rRNA_70S_subunit_assembly_protein_rplE	COG0094_K02931
F3MT_translation_and_posttranslation_processes	F3MT_03_Ribosome_biosynthesis	F3MT_03_T027_Ribosome_assembly_proteins	F3MT_03_T027_5S_rRNA_70S_subunit_assembly_protein_rplR	COG0256_K02881
F3MT_translation_and_posttranslation_processes	F3MT_03_Ribosome_biosynthesis	F3MT_03_T027_Ribosome_assembly_proteins	F3MT_03_T027_5S_rRNA_70S_subunit_assembly_protein_rplY	COG1825_K02897
F3MT_translation_and_posttranslation_processes	F3MT_03_Ribosome_biosynthesis	F3MT_03_T027_Ribosome_assembly_proteins	F3MT_03_T027_70S_ribosome_assembly_rplV	COG0091_K02890
F3MT_translation_and_posttranslation_processes	F3MT_03_Ribosome_biosynthesis	F3MT_03_T027_Ribosome_assembly_proteins	F3MT_03_T027_Accurate_translation_protein_rplL	COG0222_K02935
F3MT_translation_and_posttranslation_processes	F3MT_03_Ribosome_biosynthesis	F3MT_03_T027_Ribosome_assembly_proteins	F3MT_03_T027_Ribosomal_protein_L17_rplQ	COG0203_K02879
F3MT_translation_and_posttranslation_processes	F3MT_04_Ribosome_biosynthesis	F3MT_04_T028_Ribosomal_proteins_modifications	F3MT_04_T028_Maturation_of_30S_ribosomal_subunits_rimP	COG0779_K09748
F3MT_translation_and_posttranslation_processes	F3MT_04_Ribosome_biosynthesis	F3MT_04_T028_Ribosomal_proteins_modifications	F3MT_04_T028_Methylthiolation_of_ribosomal_protein_S12_rimO	COG0621_K14441
F3MT_translation_and_posttranslation_processes	F3MT_04_Ribosome_biosynthesis	F3MT_04_T028_Ribosomal_proteins_modifications	F3MT_04_T028_N-acetylases_of_ribosomal_proteins_pseH	COG1670_K15896
F3MT_translation_and_posttranslation_processes	F3MT_04_Ribosome_biosynthesis	F3MT_04_T028_Ribosomal_proteins_modifications	F3MT_04_T028_N-acetylases_of_ribosomal_proteins_rimJ	COG1670_K03790
F3MT_translation_and_posttranslation_processes	F3MT_04_Ribosome_biosynthesis	F3MT_04_T028_Ribosomal_proteins_modifications	F3MT_04_T028_N-acetylases_of_ribosomal_proteins_rimL	COG1670_K03817
F3MT_translation_and_posttranslation_processes	F3MT_04_Ribosome_biosynthesis	F3MT_04_T028_Ribosomal_proteins_modifications	F3MT_04_T028_Ribosomal_maturation_protein_rbfA	COG0858_K02834
F3MT_translation_and_posttranslation_processes	F3MT_04_Ribosome_biosynthesis	F3MT_04_T028_Ribosomal_proteins_modifications	F3MT_04_T028_Ribosomal_protein_L11_methyltransferase_prmA	COG2264_K02687
F3MT_translation_and_posttranslation_processes	F3MT_04_Ribosome_biosynthesis	F3MT_04_T028_Ribosomal_proteins_modifications	F3MT_04_T028_Ribosomal_protein_L11_methyltransferase_PrmA_rsmC	COG2813_K00564
F3MT_translation_and_posttranslation_processes	F3MT_04_Ribosome_biosynthesis	F3MT_04_T028_Ribosomal_proteins_modifications	F3MT_04_T028_Ribosomal_protein_L3_methyltransferase_prmB	COG2890_K07320
F3MT_translation_and_posttranslation_processes	F3MT_04_Ribosome_biosynthesis	F3MT_04_T028_Ribosomal_proteins_modifications	F3MT_04_T028_Ribosomal_protein_S1-like_RNA-binding_domain_yabR	COG1098_K07571
F3MT_translation_and_posttranslation_processes	F3MT_04_Ribosome_biosynthesis	F3MT_04_T028_Ribosomal_proteins_modifications	F3MT_04_T028_Ribosome-associated_protein_Y_PSrp-1_raiA	COG1544_K05809
F3MT_translation_and_posttranslation_processes	F3MT_05_translation_process	F3MT_05_T029_Peptide_deformylase	F3MT_05_T029_Peptide_deformylase_def	COG0242_K01462
F3MT_translation_and_posttranslation_processes	F3MT_05_translation_process	F3MT_05_T030_Translation_initiation_factor	F3MT_05_T030_Translation_initiation_factor_SUI1_yciH	COG0023_K03113
F3MT_translation_and_posttranslation_processes	F3MT_05_translation_process	F3MT_05_T031_Translation_elongation_factors	F3MT_05_T031_Elongation_factor_G_fusA	COG0480_K02355
F3MT_translation_and_posttranslation_processes	F3MT_05_translation_process	F3MT_05_T031_Translation_elongation_factors	F3MT_05_T031_Elongation_factor_G_tetM	COG0480_K18220
F3MT_translation_and_posttranslation_processes	F3MT_05_translation_process	F3MT_05_T031_Translation_elongation_factors	F3MT_05_T031_Elongation_factor_P_efp	COG0231_K02356
F3MT_translation_and_posttranslation_processes	F3MT_05_translation_process	F3MT_05_T031_Translation_elongation_factors	F3MT_05_T031_Elongation_factor_P-R-beta-lysine_ligase_epmA	COG2269_K04568
F3MT_translation_and_posttranslation_processes	F3MT_05_translation_process	F3MT_05_T031_Translation_elongation_factors	F3MT_05_T031_Elongation_factor_selB	COG3276_K03833
F3MT_translation_and_posttranslation_processes	F3MT_05_translation_process	F3MT_05_T031_Translation_elongation_factors	F3MT_05_T031_Elongation_factor_Tu_tuf	COG0050_K02358_*
F3MT_translation_and_posttranslation_processes	F3MT_05_translation_process	F3MT_05_T032_Ribosome_recycling_factor	F3MT_05_T032_Ribosome_recycling_factor_frr	COG0233_K02838
F3MT_translation_and_posttranslation_processes	F3MT_05_translation_process	F3MT_05_T033_Ribosome_dimerization_regulation	F3MT_05_T033_Ribosome_dimerization_regulation_of_translation_protein_hpf	COG1544_K05808
F3MT_translation_and_posttranslation_processes	F3MT_05_translation_process	F3MT_05_T034_Peptide_chain_release_factors	F3MT_05_T034_Peptide_chain_release_factor_1_prfA	COG0216_K02835
F3MT_translation_and_posttranslation_processes	F3MT_05_translation_process	F3MT_05_T034_Peptide_chain_release_factors	F3MT_05_T034_Peptide_chain_release_factor_2_prfB	COG1186_K02836
F3MT_translation_and_posttranslation_processes	F3MT_05_translation_process	F3MT_05_T034_Peptide_chain_release_factors	F3MT_05_T034_Peptide_chain_release_factor_3_prfC	COG4108_K02837
F3MT_translation_and_posttranslation_processes	F3MT_05_translation_process	F3MT_05_T034_Peptide_chain_release_factors	F3MT_05_T034_Protein_chain_release_factor_B_prfH	COG1186_K02839
F3MT_translation_and_posttranslation_processes	F3MT_05_translation_process	F3MT_05_T034_Peptide_chain_release_factors	F3MT_05_T034_Protein_chain_release_factor_B_yaeJ	COG1186_K15034
F3MT_translation_and_posttranslation_processes	F3MT_05_translation_process	F3MT_05_T035_Translation_termination_release_factor	F3MT_05_T035_Class_1_translation_termination_release_factors_methylase_prmC	COG2890_K02493
F3MT_translation_and_posttranslation_processes	F3MT_05_translation_process	F3MT_05_T036_Ribosomal_silencing_factor	F3MT_05_T036_Ribosomal_silencing_factor_rsfS	COG0799_K09710
F3MT_translation_and_posttranslation_processes	F3MT_06_chaperone_proteases	F3MT_06_T037_ATP-dependent_Lon_serine_proteases	F3MT_06_T037_ATP-dependent_Lon_serine_protease_lon1	COG4930_K01338
F3MT_translation_and_posttranslation_processes	F3MT_06_chaperone_proteases	F3MT_06_T037_ATP-dependent_Lon_serine_proteases	F3MT_06_T037_ATP-dependent_Lon_serine_protease_lon2	COG0466_K01338
F3MT_translation_and_posttranslation_processes	F3MT_06_chaperone_proteases	F3MT_06_T037_ATP-dependent_Lon_serine_proteases	F3MT_06_T037_Lon_protease_S16_C-terminal_proteolytic_domain_lon3	COG3480_K07177
F3MT_translation_and_posttranslation_processes	F3MT_06_chaperone_proteases	F3MT_06_T038_Proteasome_degradation_complex_hsl	F3MT_06_T038_Chaperone_subunit_of_the_proteasome-like_degradation_complex_hsl_hslU	COG1220_K03667
F3MT_translation_and_posttranslation_processes	F3MT_06_chaperone_proteases	F3MT_06_T038_Proteasome_degradation_complex_hsl	F3MT_06_T038_Protease_subunit_of_the_proteasome-like_degradation_complex_hsl_hslV	COG5405_K01419
F3MT_translation_and_posttranslation_processes	F3MT_06_chaperone_proteases	F3MT_06_T039_Stress_induced_ATP-dependent_Clp_protease	F3MT_06_T039_ATP-dependent_Clp_protease_ATP-binding_subunit_clpA	COG0542_K03694
F3MT_translation_and_posttranslation_processes	F3MT_06_chaperone_proteases	F3MT_06_T039_Stress_induced_ATP-dependent_Clp_protease	F3MT_06_T039_ATP-dependent_Clp_protease_ATP-binding_subunit_clpB	COG0542_K03695
F3MT_translation_and_posttranslation_processes	F3MT_06_chaperone_proteases	F3MT_06_T039_Stress_induced_ATP-dependent_Clp_protease	F3MT_06_T039_ATP-dependent_Clp_protease_ATP-binding_subunit_clpC	COG0542_K03696
F3MT_translation_and_posttranslation_processes	F3MT_06_chaperone_proteases	F3MT_06_T039_Stress_induced_ATP-dependent_Clp_protease	F3MT_06_T039_ATP-dependent_Clp_protease_ATP-binding_subunit_clpE	COG0542_K03697_*
F3MT_translation_and_posttranslation_processes	F3MT_06_chaperone_proteases	F3MT_06_T039_Stress_induced_ATP-dependent_Clp_protease	F3MT_06_T039_ATP-dependent_Clp_protease_ATP-binding_subunit_clpL	COG0542_K04086
F3MT_translation_and_posttranslation_processes	F3MT_06_chaperone_proteases	F3MT_06_T039_Stress_induced_ATP-dependent_Clp_protease	F3MT_06_T039_ATP-dependent_specificity_component_of_the_Clp_protease_clpX	COG1219_K03544
F3MT_translation_and_posttranslation_processes	F3MT_06_chaperone_proteases	F3MT_06_T039_Stress_induced_ATP-dependent_Clp_protease	F3MT_06_T039_Clp_protease_component_P_clpP	COG0740_K01358
F3MT_translation_and_posttranslation_processes	F3MT_06_chaperone_proteases	F3MT_06_T039_Stress_induced_ATP-dependent_Clp_protease	F3MT_06_T039_ClpC_protease_recognition_factor_mecA	COG4862_K16511
F3MT_translation_and_posttranslation_processes	F3MT_06_chaperone_proteases	F3MT_06_T040_Trypsin-like_serine_proteases	F3MT_06_T040_Trypsin-like_serine_proteases_degS	COG0265_K04691_*
F3MT_translation_and_posttranslation_processes	F3MT_06_chaperone_proteases	F3MT_06_T040_Trypsin-like_serine_proteases	F3MT_06_T040_Trypsin-like_serine_proteases_htrA	COG0265_K04771
F3MT_translation_and_posttranslation_processes	F3MT_07_Heat_shock_protein_chaperones	F3MT_07_T041_Heat_shock_protein_chaperones	F3MT_07_T041_Heat_shock_70_kDa_protein_dnaK	COG0443_K04043
F3MT_translation_and_posttranslation_processes	F3MT_07_Heat_shock_protein_chaperones	F3MT_07_T041_Heat_shock_protein_chaperones	F3MT_07_T041_Heat_shock_protein_70_family_hscC	COG0443_K04045
F3MT_translation_and_posttranslation_processes	F3MT_07_Heat_shock_protein_chaperones	F3MT_07_T041_Heat_shock_protein_chaperones	F3MT_07_T041_Heat_shock_protein_hslJ	COG3187_K03668
F3MT_translation_and_posttranslation_processes	F3MT_07_Heat_shock_protein_chaperones	F3MT_07_T041_Heat_shock_protein_chaperones	F3MT_07_T041_Molecular_chaperone_HSP90_htpG1	COG0326_K04079
F3MT_translation_and_posttranslation_processes	F3MT_07_Heat_shock_protein_chaperones	F3MT_07_T041_Heat_shock_protein_chaperones	F3MT_07_T041_Small_heat_shock_protein_HSP20_family_hsp	COG0071_K13993
F3MT_translation_and_posttranslation_processes	F3MT_07_Heat_shock_protein_chaperones	F3MT_07_T041_Heat_shock_protein_chaperones	F3MT_07_T041_Small_heat_shock_protein_HSP20_family_ibp	COG0071_K04080
F3MT_translation_and_posttranslation_processes	F3MT_08_chaperones_of_membrane_proteins	F3MT_08_T042_chaperones_of_membrane_proteins	F3MT_08_T042_FKBP-type_peptidyl-prolyl_cis-trans_isomerases_1_fklB	COG0545_K03773
F3MT_translation_and_posttranslation_processes	F3MT_08_chaperones_of_membrane_proteins	F3MT_08_T042_chaperones_of_membrane_proteins	F3MT_08_T042_Fused_signal_recognition_particle_receptor_ftsY	COG0552_K03110
F3MT_translation_and_posttranslation_processes	F3MT_08_chaperones_of_membrane_proteins	F3MT_08_T042_chaperones_of_membrane_proteins	F3MT_08_T042_Integral_membrane_proteins_metallopeptidase_ftsH	COG0465_K03798
F3MT_translation_and_posttranslation_processes	F3MT_08_chaperones_of_membrane_proteins	F3MT_08_T042_chaperones_of_membrane_proteins	F3MT_08_T042_Membrane_protease_subunits_stomatin_prohibitin_homolog_hflC	COG0330_K04087
F3MT_translation_and_posttranslation_processes	F3MT_08_chaperones_of_membrane_proteins	F3MT_08_T042_chaperones_of_membrane_proteins	F3MT_08_T042_Membrane_proteins_related_to_metalloendopeptidases_nlpD	COG3170_K06194
F3MT_translation_and_posttranslation_processes	F3MT_08_chaperones_of_membrane_proteins	F3MT_08_T042_chaperones_of_membrane_proteins	F3MT_08_T042_Signal_recognition_particle_subunit_SRP54_ffh	COG0541_K03106
F3MT_translation_and_posttranslation_processes	F3MT_09_chaperones_of_membrane_proteins	F3MT_08_T043_chaperones_of_membrane_proteins	F3MT_08_T043_Outer_membrane_lipoprotein_lpp	COG4238_K06078
F3MT_translation_and_posttranslation_processes	F3MT_09_general_protein_chaperones	F3MT_09_T044_Efficient_protein_folding_complex_proteins	F3MT_09_T044_Bacterial_Peptidase_A24_N-terminal_domain_pppA	COG1989_K02236
F3MT_translation_and_posttranslation_processes	F3MT_09_general_protein_chaperones	F3MT_09_T044_Efficient_protein_folding_complex_proteins	F3MT_09_T044_Chain_length_determinant_protein_pslE	COG3206_K20998
F3MT_translation_and_posttranslation_processes	F3MT_09_general_protein_chaperones	F3MT_09_T044_Efficient_protein_folding_complex_proteins	F3MT_09_T044_Chaperonin_groES	COG0234_K04078
F3MT_translation_and_posttranslation_processes	F3MT_09_general_protein_chaperones	F3MT_09_T044_Efficient_protein_folding_complex_proteins	F3MT_09_T044_Efficient_protein_folding_complex_protein_dnaJ	COG0484_K03686
F3MT_translation_and_posttranslation_processes	F3MT_09_general_protein_chaperones	F3MT_09_T044_Efficient_protein_folding_complex_proteins	F3MT_09_T044_Molecular_chaperone_grpE	COG0576_K03687
F3MT_translation_and_posttranslation_processes	F3MT_09_general_protein_chaperones	F3MT_09_T044_Efficient_protein_folding_complex_proteins	F3MT_09_T044_Peptidylprolyl_isomerase_ppiD	COG0760_K03770
F3MT_translation_and_posttranslation_processes	F3MT_09_general_protein_chaperones	F3MT_09_T044_Efficient_protein_folding_complex_proteins	F3MT_09_T044_Protein_folding_accelerator_ppiA	COG0652_K03767_*
F3MT_translation_and_posttranslation_processes	F3MT_09_general_protein_chaperones	F3MT_09_T044_Efficient_protein_folding_complex_proteins	F3MT_09_T044_Protein_folding_accelerator_ppiB	COG0652_K03768
F3MT_translation_and_posttranslation_processes	F3MT_09_general_protein_chaperones	F3MT_09_T044_Efficient_protein_folding_complex_proteins	F3MT_09_T044_Protein_refolding_groL	COG0459_K04077
F3MT_translation_and_posttranslation_processes	F3MT_10_redox_protein_chaperones	F3MT_10_T045_Redox_protein_chaperone_hslO	F3MT_10_T045_Redox_regulated_molecular_protein_chaperone_hslO	COG1281_K04083
F3MT_translation_and_posttranslation_processes	F3MT_10_redox_protein_chaperones	F3MT_10_T046_Peptide_methionine_sulfoxide_reductase	F3MT_10_T046_Peptide_methionine_sulfoxide_reductase_msrB	COG0229_K07305_*
F3MT_translation_and_posttranslation_processes	F3MT_10_redox_protein_chaperones	F3MT_10_T046_Peptide_methionine_sulfoxide_reductase	F3MT_10_T046_Peptide-methionine_S-S-oxide_reductase_mrsA	COG0225_K07304_*
F3MT_translation_and_posttranslation_processes	F3MT_10_redox_protein_chaperones	F3MT_10_T047_Iron-sulfur_cluster-containing_proteins_chaperones	F3MT_10_T047_Iron-sulfur_cluster-containing_proteins_chaperone_hscA	COG0443_K04044
F3MT_translation_and_posttranslation_processes	F3MT_10_redox_protein_chaperones	F3MT_10_T047_Iron-sulfur_cluster-containing_proteins_chaperones	F3MT_10_T047_Iron-sulfur_cluster-containing_proteins_co-chaperone_hscB	COG1076_K04082
F3MT_translation_and_posttranslation_processes	F3MT_10_redox_protein_chaperones	F3MT_10_T047_Iron-sulfur_cluster-containing_proteins_chaperones	F3MT_10_T047_Iron-sulfur_Fe-S_clusters_transferase_mrp	COG0489_K03593
F3MT_translation_and_posttranslation_processes	F3MT_10_redox_protein_chaperones	F3MT_10_T047_Iron-sulfur_cluster-containing_proteins_chaperones	F3MT_10_T047_Redox_protein_regulator_of_disulfide_bond_formation_osmC	COG1764_K04063
F3MT_translation_and_posttranslation_processes	F3MT_10_redox_protein_chaperones	F3MT_10_T048_Periplasmic_protein_disulfide_oxidoreductases	F3MT_10_T048_Periplasmic_protein_disulfide_oxidoreductase_dsbB	COG1495_K03611
F3MT_translation_and_posttranslation_processes	F3MT_10_redox_protein_chaperones	F3MT_10_T048_Periplasmic_protein_disulfide_oxidoreductases	F3MT_10_T048_Periplasmic_protein_disulfide_oxidoreductase_dsbC	COG1651_K03981
F3MT_translation_and_posttranslation_processes	F3MT_10_redox_protein_chaperones	F3MT_10_T048_Periplasmic_protein_disulfide_oxidoreductases	F3MT_10_T048_Periplasmic_protein_disulfide_oxidoreductase_dsbD	COG4232_K04084
F3MT_translation_and_posttranslation_processes	F3MT_10_redox_protein_chaperones	F3MT_10_T048_Periplasmic_protein_disulfide_oxidoreductases	F3MT_10_T048_Periplasmic_protein_disulfide_oxidoreductase_dsbG	COG1651_K03805
F3MT_translation_and_posttranslation_processes	F3MT_10_redox_protein_chaperones	F3MT_10_T048_Periplasmic_protein_disulfide_oxidoreductases	F3MT_10_T048_Thiol_disulfide_interchange_protein_dsbA	COG1651_K03673
F3MT_translation_and_posttranslation_processes	F3MT_11_protein_kinases	F3MT_11_T049_Protein_tyrosine_kinase	F3MT_11_T049_Protein_tyrosine_kinase_pknA	COG0515_K08282
F3MT_translation_and_posttranslation_processes	F3MT_11_protein_kinases	F3MT_11_T050_Serine_threonine_protein_kinases	F3MT_11_T050_Serine_threonine_protein_kinase_ppkA	COG0515_K11912
F3MT_translation_and_posttranslation_processes	F3MT_11_protein_kinases	F3MT_11_T050_Serine_threonine_protein_kinases	F3MT_11_T050_Serine_threonine_protein_kinase_prkC	COG0515_K08884_K12132
F3MT_translation_and_posttranslation_processes	F3MT_12_secretion_processes	F3MT_12_T051_Sec_protein_translocase_complexes	F3MT_12_T051_Sec_protein_translocase_complex_subunit_secA	COG0653_K03070
F3MT_translation_and_posttranslation_processes	F3MT_12_secretion_processes	F3MT_12_T051_Sec_protein_translocase_complexes	F3MT_12_T051_Sec_protein_translocase_complex_subunit_secE	COG0690_K03073
F3MT_translation_and_posttranslation_processes	F3MT_12_secretion_processes	F3MT_12_T051_Sec_protein_translocase_complexes	F3MT_12_T051_Sec_protein_translocase_complex_subunit_secG	COG1314_K03075
F3MT_translation_and_posttranslation_processes	F3MT_12_secretion_processes	F3MT_12_T051_Sec_protein_translocase_complexes	F3MT_12_T051_Sec_protein_translocase_complex_subunit_secY	COG0201_K03076
F3MT_translation_and_posttranslation_processes	F3MT_12_secretion_processes	F3MT_12_T052_signal_peptidases_	F3MT_12_T052_signal_peptidase_I _lepB	COG0681_K03100
F3MT_translation_and_posttranslation_processes	F3MT_12_secretion_processes	F3MT_12_T052_signal_peptidases_	F3MT_12_T052_signal_peptidase_II _lspA	COG0597_K03101
F3MT_translation_and_posttranslation_processes	F3MT_12_secretion_processes	F3MT_12_T052_signal_peptidases_	F3MT_12_T052_signal_peptidase_IV sppA	COG0616_K04773
F3MU_uptake_transport_systems	F3MU_01_sugar_PTS_phosphotransferase_systems	F3MU_01_U001_PTS_system_N-acetyl-galactosamine_agaFVWE	F3MU_01_U001_PTS_system_N-acetyl-galactosamine_IIA_component_agaF	COG2893_K02744_*
F3MU_uptake_transport_systems	F3MU_01_sugar_PTS_phosphotransferase_systems	F3MU_01_U001_PTS_system_N-acetyl-galactosamine_agaFVWE	F3MU_01_U001_PTS_system_N-acetyl-galactosamine_IIB_component_agaV	COG3444_K02745
F3MU_uptake_transport_systems	F3MU_01_sugar_PTS_phosphotransferase_systems	F3MU_01_U001_PTS_system_N-acetyl-galactosamine_agaFVWE	F3MU_01_U001_PTS_system_N-acetyl-galactosamine_IIC_component_agaW	COG3715_K02746
F3MU_uptake_transport_systems	F3MU_01_sugar_PTS_phosphotransferase_systems	F3MU_01_U001_PTS_system_N-acetyl-galactosamine_agaFVWE	F3MU_01_U001_PTS_system_N-acetyl-galactosamine_IID_component_agaE	COG3716_K02747
F3MU_uptake_transport_systems	F3MU_01_sugar_PTS_phosphotransferase_systems	F3MU_01_U002_PTS_system_galactosamine_agaBCD	F3MU_01_U002_PTS_system_galactosamine_IIB_component_agaB	COG3444_K10984_*
F3MU_uptake_transport_systems	F3MU_01_sugar_PTS_phosphotransferase_systems	F3MU_01_U002_PTS_system_galactosamine_agaBCD	F3MU_01_U002_PTS_system_galactosamine_IIC_component_agaC	COG3715_K10985_*
F3MU_uptake_transport_systems	F3MU_01_sugar_PTS_phosphotransferase_systems	F3MU_01_U002_PTS_system_galactosamine_agaBCD	F3MU_01_U002_PTS_system_galactosamine_IID_component_agaD	COG3716_K10986_*
F3MU_uptake_transport_systems	F3MU_01_sugar_PTS_phosphotransferase_systems	F3MU_01_U003_PTS_system_fructose_levan_levDEFG	F3MU_01_U003_PTS_system_fructose_IIA_component_levD	COG2893_K11194_*
F3MU_uptake_transport_systems	F3MU_01_sugar_PTS_phosphotransferase_systems	F3MU_01_U003_PTS_system_fructose_levan_levDEFG	F3MU_01_U003_PTS_system_fructose_IIB_component_levE	COG3444_K11195
F3MU_uptake_transport_systems	F3MU_01_sugar_PTS_phosphotransferase_systems	F3MU_01_U003_PTS_system_fructose_levan_levDEFG	F3MU_01_U003_PTS_system_fructose_IIC_component_levF	COG3715_K11196_*
F3MU_uptake_transport_systems	F3MU_01_sugar_PTS_phosphotransferase_systems	F3MU_01_U003_PTS_system_fructose_levan_levDEFG	F3MU_01_U003_PTS_system_fructose_IID_component_levG	COG3716_K02771_*
F3MU_uptake_transport_systems	F3MU_01_sugar_PTS_phosphotransferase_systems	F3MU_01_U004_PTS_system_glucosaminate_dgaABCD	F3MU_01_U004_PTS_system_glucosaminate_IIA_component_dgaA	COG2893_K17464_*
F3MU_uptake_transport_systems	F3MU_01_sugar_PTS_phosphotransferase_systems	F3MU_01_U004_PTS_system_glucosaminate_dgaABCD	F3MU_01_U004_PTS_system_glucosaminate_IIB_component_dgaB	COG3444_K17465_*
F3MU_uptake_transport_systems	F3MU_01_sugar_PTS_phosphotransferase_systems	F3MU_01_U004_PTS_system_glucosaminate_dgaABCD	F3MU_01_U004_PTS_system_glucosaminate_IIC_component_dgaC	COG3715_K17466_*
F3MU_uptake_transport_systems	F3MU_01_sugar_PTS_phosphotransferase_systems	F3MU_01_U004_PTS_system_glucosaminate_dgaABCD	F3MU_01_U004_PTS_system_glucosaminate_IID_component_dgaD	COG3716_K17467_*
F3MU_uptake_transport_systems	F3MU_01_sugar_PTS_phosphotransferase_systems	F3MU_01_U005_PTS_system_fructoseamine_gfrABCD	F3MU_01_U005_PTS_system_fructose_glucose-lysine_IIA_component_gfrA	COG2893_K19506
F3MU_uptake_transport_systems	F3MU_01_sugar_PTS_phosphotransferase_systems	F3MU_01_U005_PTS_system_fructoseamine_gfrABCD	F3MU_01_U005_PTS_system_fructose_glucose-lysine_IIB_component_gfrB	COG3444_K19507_*
F3MU_uptake_transport_systems	F3MU_01_sugar_PTS_phosphotransferase_systems	F3MU_01_U005_PTS_system_fructoseamine_gfrABCD	F3MU_01_U005_PTS_system_fructose_glucose-lysine_IIC_component_gfrC	COG3715_K19508_*
F3MU_uptake_transport_systems	F3MU_01_sugar_PTS_phosphotransferase_systems	F3MU_01_U005_PTS_system_fructoseamine_gfrABCD	F3MU_01_U005_PTS_system_fructose_glucose-lysine_IID_component_gfrD	COG3716_K19509_*
F3MU_uptake_transport_systems	F3MU_01_sugar_PTS_phosphotransferase_systems	F3MU_01_U006_PTS_system_sorbose_sorABCD	F3MU_01_U006_PTS_system_sorbose_IIA_component_sorA	COG2893_K02812_*
F3MU_uptake_transport_systems	F3MU_01_sugar_PTS_phosphotransferase_systems	F3MU_01_U006_PTS_system_sorbose_sorABCD	F3MU_01_U006_PTS_system_sorbose_IIB_component_sorB	COG3444_K02813
F3MU_uptake_transport_systems	F3MU_01_sugar_PTS_phosphotransferase_systems	F3MU_01_U006_PTS_system_sorbose_sorABCD	F3MU_01_U006_PTS_system_sorbose_IIC_component_sorC	COG3715_K02814_*
F3MU_uptake_transport_systems	F3MU_01_sugar_PTS_phosphotransferase_systems	F3MU_01_U006_PTS_system_sorbose_sorABCD	F3MU_01_U006_PTS_system_sorbose_IID_component_sorD	COG3716_K02815_*
F3MU_uptake_transport_systems	F3MU_01_sugar_PTS_phosphotransferase_systems	F3MU_01_U007_PTS_system_mannose_manXYZ	F3MU_01_U007_PTS_system_mannose_IIA_component_manX_subunitA	COG2893_K02793
F3MU_uptake_transport_systems	F3MU_01_sugar_PTS_phosphotransferase_systems	F3MU_01_U007_PTS_system_mannose_manXYZ	F3MU_01_U007_PTS_system_mannose_IIAB_component_manX	COG2893_K02793_K02794_K02769
F3MU_uptake_transport_systems	F3MU_01_sugar_PTS_phosphotransferase_systems	F3MU_01_U007_PTS_system_mannose_manXYZ	F3MU_01_U007_PTS_system_mannose_IIB_component_manX_subunitB	COG3444_K02794
F3MU_uptake_transport_systems	F3MU_01_sugar_PTS_phosphotransferase_systems	F3MU_01_U007_PTS_system_mannose_manXYZ	F3MU_01_U007_PTS_system_mannose_IIC_component_manY	COG3715_K02795
F3MU_uptake_transport_systems	F3MU_01_sugar_PTS_phosphotransferase_systems	F3MU_01_U007_PTS_system_mannose_manXYZ	F3MU_01_U007_PTS_system_mannose_IID_component_manZ	COG3716_K02796
F3MU_uptake_transport_systems	F3MU_01_sugar_PTS_phosphotransferase_systems	F3MU_01_U008_PTS_system_fructose_fruABC	F3MU_01_U008_PTS_system_fructose_IIA_component_fruA	COG1762_K02768
F3MU_uptake_transport_systems	F3MU_01_sugar_PTS_phosphotransferase_systems	F3MU_01_U008_PTS_system_fructose_fruABC	F3MU_01_U008_PTS_system_fructose_IIA_component_fruB	COG1445_K02769
F3MU_uptake_transport_systems	F3MU_01_sugar_PTS_phosphotransferase_systems	F3MU_01_U008_PTS_system_fructose_fruABC	F3MU_01_U008_PTS_system_fructose_IIA_component_fruC	COG1299_K02770
F3MU_uptake_transport_systems	F3MU_01_sugar_PTS_phosphotransferase_systems	F3MU_01_U008_PTS_system_fructose_fruABC	F3MU_01_U008_PTS_system_fructose_IIABC_component_fruABC	COG1299_K02768_K02769_K02770
F3MU_uptake_transport_systems	F3MU_01_sugar_PTS_phosphotransferase_systems	F3MU_01_U008_PTS_system_fructose_fruABC	F3MU_01_U008_PTS_system_fructose_IIBC_component_fruBC	COG1299_K02769_K02770
F3MU_uptake_transport_systems	F3MU_01_sugar_PTS_phosphotransferase_systems	F3MU_01_U009_PTS_system_fructose_HPr_component	F3MU_01_U009_PTS_system_fructose_fruB_HPr_component_type_1	COG1080_K11183_*
F3MU_uptake_transport_systems	F3MU_01_sugar_PTS_phosphotransferase_systems	F3MU_01_U009_PTS_system_fructose_HPr_component	F3MU_01_U009_PTS_system_fructose_fruB_HPr_component_type_2	COG1925_K11183_*
F3MU_uptake_transport_systems	F3MU_01_sugar_PTS_phosphotransferase_systems	F3MU_01_U010_PTS_system_2-O-A-mannosyl-D-glycerate_mngA	F3MU_01_U010_PTS_system_2-O-A-mannosyl-D-glycerate_IIABC_component_MngA	COG1299_K11198_K11199_K11200_*
F3MU_uptake_transport_systems	F3MU_01_sugar_PTS_phosphotransferase_systems	F3MU_01_U011_unknown_PTS_system_fructose_like	F3MU_01_U011_PTS_system_fructose_like_IIA_component	COG1762_K11201_*
F3MU_uptake_transport_systems	F3MU_01_sugar_PTS_phosphotransferase_systems	F3MU_01_U011_unknown_PTS_system_fructose_like	F3MU_01_U011_PTS_system_fructose_like_IIB_component	COG1445_K11202
F3MU_uptake_transport_systems	F3MU_01_sugar_PTS_phosphotransferase_systems	F3MU_01_U011_unknown_PTS_system_fructose_like	F3MU_01_U011_PTS_system_fructose_like_IIBC_component	COG1299_K11202_K11203
F3MU_uptake_transport_systems	F3MU_01_sugar_PTS_phosphotransferase_systems	F3MU_01_U011_unknown_PTS_system_fructose_like	F3MU_01_U011_PTS_system_fructose_like_IIC_component	COG1299_K11203
F3MU_uptake_transport_systems	F3MU_01_sugar_PTS_phosphotransferase_systems	F3MU_01_U012_PTS_system_mannitol_mtlABXF	F3MU_01_U012_PTS_system_mannitol_IIA1_component_mtlX	COG1762_K02798
F3MU_uptake_transport_systems	F3MU_01_sugar_PTS_phosphotransferase_systems	F3MU_01_U012_PTS_system_mannitol_mtlABXF	F3MU_01_U012_PTS_system_mannitol_IIA2_component_mtlF	COG4668_K02798
F3MU_uptake_transport_systems	F3MU_01_sugar_PTS_phosphotransferase_systems	F3MU_01_U012_PTS_system_mannitol_mtlABXF	F3MU_01_U012_PTS_system_mannitol_IIAB_component_mtlA	COG1762_K02798_K02821
F3MU_uptake_transport_systems	F3MU_01_sugar_PTS_phosphotransferase_systems	F3MU_01_U012_PTS_system_mannitol_mtlABXF	F3MU_01_U012_PTS_system_mannitol_IIB_component_mtlB	COG2233_K02800_*
F3MU_uptake_transport_systems	F3MU_01_sugar_PTS_phosphotransferase_systems	F3MU_01_U013_PTS_system_glucitol_sorbitol_srlABE	F3MU_01_U013_PTS_system_glucitol_sorbitol_IIA_component_srlB	COG3731_K02781
F3MU_uptake_transport_systems	F3MU_01_sugar_PTS_phosphotransferase_systems	F3MU_01_U013_PTS_system_glucitol_sorbitol_srlABE	F3MU_01_U013_PTS_system_glucitol_sorbitol_IIBC_component_srlE	COG3732_K02782_K02783
F3MU_uptake_transport_systems	F3MU_01_sugar_PTS_phosphotransferase_systems	F3MU_01_U013_PTS_system_glucitol_sorbitol_srlABE	F3MU_01_U013_PTS_system_glucitol_sorbitol_IIC_component_srlA	COG3730_K02783
F3MU_uptake_transport_systems	F3MU_01_sugar_PTS_phosphotransferase_systems	F3MU_01_U014_PTS_system_galactitol_sgcABC	F3MU_01_U014_PTS_system_galactitol_IIA_component_sgcA	COG1762_K02773
F3MU_uptake_transport_systems	F3MU_01_sugar_PTS_phosphotransferase_systems	F3MU_01_U014_PTS_system_galactitol_sgcABC	F3MU_01_U014_PTS_system_galactitol_IIB_component_sgcB	COG3414_K02774
F3MU_uptake_transport_systems	F3MU_01_sugar_PTS_phosphotransferase_systems	F3MU_01_U014_PTS_system_galactitol_sgcABC	F3MU_01_U014_PTS_system_galactitol_IIC_component_sgcC	COG3775_K02775
F3MU_uptake_transport_systems	F3MU_01_sugar_PTS_phosphotransferase_systems	F3MU_01_U015_PTS_system_galactose_gatABC	F3MU_01_U015_PTS_system_galactose_IIA_component_gatA	COG1762_K20112_*
F3MU_uptake_transport_systems	F3MU_01_sugar_PTS_phosphotransferase_systems	F3MU_01_U015_PTS_system_galactose_gatABC	F3MU_01_U015_PTS_system_galactose_IIB_component_gatB	COG3414_K20113
F3MU_uptake_transport_systems	F3MU_01_sugar_PTS_phosphotransferase_systems	F3MU_01_U015_PTS_system_galactose_gatABC	F3MU_01_U015_PTS_system_galactose_IIC_component_gatC	COG3775_K20114
F3MU_uptake_transport_systems	F3MU_01_sugar_PTS_phosphotransferase_systems	F3MU_01_U016_PTS_system_ascorbate_ulaABC	F3MU_01_U016_PTS_system_ascorbate_IIA_component_ulaA	COG1762_K02821
F3MU_uptake_transport_systems	F3MU_01_sugar_PTS_phosphotransferase_systems	F3MU_01_U016_PTS_system_ascorbate_ulaABC	F3MU_01_U016_PTS_system_ascorbate_IIB_component_ulaB	COG3414_K02822
F3MU_uptake_transport_systems	F3MU_01_sugar_PTS_phosphotransferase_systems	F3MU_01_U016_PTS_system_ascorbate_ulaABC	F3MU_01_U016_PTS_system_ascorbate_IIC_component_ulaC	COG3037_K03475_*
F3MU_uptake_transport_systems	F3MU_01_sugar_PTS_phosphotransferase_systems	F3MU_01_U017_PTS_system_lactose_lacEF	F3MU_01_U017_PTS_system_lactose_IIA_component_lacF	COG1447_K02786_*
F3MU_uptake_transport_systems	F3MU_01_sugar_PTS_phosphotransferase_systems	F3MU_01_U017_PTS_system_lactose_lacEF	F3MU_01_U017_PTS_system_lactose_IIB_component_lacE	COG1440_K02787_K02788
F3MU_uptake_transport_systems	F3MU_01_sugar_PTS_phosphotransferase_systems	F3MU_01_U018_PTS_system_cellobiose_diacetylchitobiose_celABC	F3MU_01_U018_PTS_system_cellobiose_diacetylchitobiose_IIA_component_celC	COG1447_K02759
F3MU_uptake_transport_systems	F3MU_01_sugar_PTS_phosphotransferase_systems	F3MU_01_U018_PTS_system_cellobiose_diacetylchitobiose_celABC	F3MU_01_U018_PTS_system_cellobiose_diacetylchitobiose_IIB_component_celA	COG1440_K02760
F3MU_uptake_transport_systems	F3MU_01_sugar_PTS_phosphotransferase_systems	F3MU_01_U018_PTS_system_cellobiose_diacetylchitobiose_celABC	F3MU_01_U018_PTS_system_cellobiose_diacetylchitobiose_IIC_component_celB	COG1455_K02761
F3MU_uptake_transport_systems	F3MU_01_sugar_PTS_phosphotransferase_systems	F3MU_01_U019_PTS_system_general_IIA_component_glucose_family_crr	F3MU_01_U019_PTS_system_general_IIA_component_glc_family_crr	COG2190_K02777
F3MU_uptake_transport_systems	F3MU_01_sugar_PTS_phosphotransferase_systems	F3MU_01_U020_PTS_system_sucrose_scrA	F3MU_01_U020_PTS_system_sucrose_IIB_component_scrA	COG1263_K02808_K02809_K02810
F3MU_uptake_transport_systems	F3MU_01_sugar_PTS_phosphotransferase_systems	F3MU_01_U021_PTS_system_beta-glucoside_bglF	F3MU_01_U021_PTS_system_beta-glucoside_IIB_component_bglF	COG1263_K02755_K02756_K02757
F3MU_uptake_transport_systems	F3MU_01_sugar_PTS_phosphotransferase_systems	F3MU_01_U022_PTS_system_beta-glucoside_ascF	F3MU_01_U022_PTS_system_beta-glucoside_IIB_component_ascF	COG1263_K02752_K02753_*
F3MU_uptake_transport_systems	F3MU_01_sugar_PTS_phosphotransferase_systems	F3MU_01_U023_PTS_system_N-acetyl-glucosamine_nagE	F3MU_01_U023_PTS_system_N-acetyl-glucosamine_IIABC_component_nagE	COG1263_K02802_K02803_K02804_*
F3MU_uptake_transport_systems	F3MU_01_sugar_PTS_phosphotransferase_systems	F3MU_01_U024_PTS_system_alpha-glucoside_glvC	F3MU_01_U024_PTS_system_alpha-glucoside_IIB_component_glvC	COG1263_K02749_K02750_*
F3MU_uptake_transport_systems	F3MU_01_sugar_PTS_phosphotransferase_systems	F3MU_01_U025_PTS_system_trehalose_treP	F3MU_01_U025_PTS_system_trehalose_IIB_component_treP	COG1263_K02818_K02819_*
F3MU_uptake_transport_systems	F3MU_01_sugar_PTS_phosphotransferase_systems	F3MU_01_U026_PTS_system_maltose_malX	F3MU_01_U026_PTS_system_maltose_IIB_component_malX	COG1263_K02790_K02791
F3MU_uptake_transport_systems	F3MU_01_sugar_PTS_phosphotransferase_systems	F3MU_01_U027_PTS_system_maltose_malT	F3MU_01_U027_PTS_system_maltose_IIA_component_ptaA	COG2190_K02755_K02777_K20107_K20108
F3MU_uptake_transport_systems	F3MU_01_sugar_PTS_phosphotransferase_systems	F3MU_01_U027_PTS_system_maltose_malT	F3MU_01_U027_PTS_system_maltose_IIB_component_malT	COG1263_K02777_K20107_K20108
F3MU_uptake_transport_systems	F3MU_01_sugar_PTS_phosphotransferase_systems	F3MU_01_U028_PTS_system_glucose_ptsG	F3MU_01_U028_PTS_system_glucose_IIB_component_ptsG1	COG1263_K02777_K02778_K02779_*
F3MU_uptake_transport_systems	F3MU_01_sugar_PTS_phosphotransferase_systems	F3MU_01_U028_PTS_system_glucose_ptsG	F3MU_01_U028_PTS_system_glucose_IIB_component_ptsG2	COG1263_K20116_K20117_K20118
F3MU_uptake_transport_systems	F3MU_01_sugar_PTS_phosphotransferase_systems	F3MU_01_U029_PTS_system_N-acetyl-neuraminate_murP	F3MU_01_U029_PTS_system_N-acetyl-neuraminate_IIB_component_murP	COG1263_K11191_K11192
F3MU_uptake_transport_systems	F3MU_02_nitrogen_PTS_phosphotransferase_systems	F3MU_02_U030_PTS_system_nitrogen_ptsN	F3MU_02_U030_PTS_system_nitrogen_IIAB_component_ptsN	COG1762_K02806
F3MU_uptake_transport_systems	F3MU_02_nitrogen_PTS_phosphotransferase_systems	F3MU_02_U030_PTS_system_nitrogen_ptsN	F3MU_02_U030_PTS_system_nitrogen_IIAB_component_ptsN	29MKA_K02806
F3MU_uptake_transport_systems	F3MU_02_nitrogen_PTS_phosphotransferase_systems	F3MU_02_U031_PTS_system_nitrogen_Hpr_component_ptsO	F3MU_02_U031_PTS_system_nitrogen_Hpr_component_ptsO	ohrA
F3MU_uptake_transport_systems	F3MU_02_nitrogen_PTS_phosphotransferase_systems	F3MU_02_U032_PTS_system_nitrogen_EI_component_ptsP	F3MU_02_U032_PTS_system_nitrogen_EI_component_ptsP	COG3605_K08484
F3MU_uptake_transport_systems	F3MU_03_sugar:cation_MSF_symporters	F3MU_03_U034_lactose_galactose_galactoside:cation_MSF_symporters	F3MU_03_U034_Lactose:H+_symporter_OHS_family_lacY1	COG0738_K02532
F3MU_uptake_transport_systems	F3MU_03_sugar:cation_MSF_symporters	F3MU_03_U034_lactose_galactose_galactoside:cation_MSF_symporters	F3MU_03_U034_Lactose:H+_symporter_OHS_family_lacY2	COG2211_K02532
F3MU_uptake_transport_systems	F3MU_03_sugar:cation_MSF_symporters	F3MU_03_U034_lactose_galactose_galactoside:cation_MSF_symporters	F3MU_03_U034_PTS_regulated_lactose_raffinose_galactose_transporter_with_EIIA_component_lacS	COG2190_K16209
F3MU_uptake_transport_systems	F3MU_03_sugar:cation_MSF_symporters	F3MU_03_U034_lactose_galactose_galactoside:cation_MSF_symporters	F3MU_03_U034_PTS_regulated_lactose_raffinose_galactose_transporter_with_EIIA_component_lacS	COG2211_K16209
F3MU_uptake_transport_systems	F3MU_03_sugar:cation_MSF_symporters	F3MU_03_U034_lactose_galactose_galactoside:cation_MSF_symporters	F3MU_03_U034_PTS_regulated_Melibiose_transporter_with_EIIA_component_melB	COG2211_K11104_*
F3MU_uptake_transport_systems	F3MU_03_sugar:cation_MSF_symporters	F3MU_03_U035_glucose_mannose:cation_MSF_symporters	F3MU_03_U035_D-glucose_D-mannose:H+_symporter_FHS_family_glcP	COG0738_K08174
F3MU_uptake_transport_systems	F3MU_03_sugar:cation_MSF_symporters	F3MU_03_U035_glucose_mannose:cation_MSF_symporters	F3MU_03_U035_D-glucose_uptake_protein_glcU	COG4975_K05340
F3MU_uptake_transport_systems	F3MU_03_sugar:cation_MSF_symporters	F3MU_03_U036_hexuronate:cation_MSF_symporters	F3MU_03_U036_2-keto-3-deoxygluconate_pectine_degradation_permease_kdgT	28H7K_K02526
F3MU_uptake_transport_systems	F3MU_03_sugar:cation_MSF_symporters	F3MU_03_U036_hexuronate:cation_MSF_symporters	F3MU_03_U036_D-galactonate:cation_symporter_ACS_family_dgoT	COG2271_K08194
F3MU_uptake_transport_systems	F3MU_03_sugar:cation_MSF_symporters	F3MU_03_U036_hexuronate:cation_MSF_symporters	F3MU_03_U036_Gluconate:H+_symporter_gntP	COG2610_K03299
F3MU_uptake_transport_systems	F3MU_03_sugar:cation_MSF_symporters	F3MU_03_U036_hexuronate:cation_MSF_symporters	F3MU_03_U036_Hexuronate:cation_symporter_ACS_family_exuT	COG2271_K08191
F3MU_uptake_transport_systems	F3MU_03_sugar:cation_MSF_symporters	F3MU_03_U037_hexose-phosphate:Pi_antiporters_OPA_family-	F3MU_03_U037_Hexose-phosphate:Pi_antiporter_OPA_family_uhpT	COG2271_K07784
F3MU_uptake_transport_systems	F3MU_03_sugar:cation_MSF_symporters	F3MU_03_U037_hexose-phosphate:Pi_antiporters_OPA_family-	F3MU_03_U037_Sugar-phosphate:Pi_antiporter_OPA_family_uhpC	COG2271_K07783
F3MU_uptake_transport_systems	F3MU_03_sugar:cation_MSF_symporters	F3MU_03_U038_sialic_acid:cation_MSF_symporters	F3MU_03_U038_Sialic_acid_NANA-:Na+_symporter_SSF_family_nanT	COG0591_K03307
F3MU_uptake_transport_systems	F3MU_03_sugar:cation_MSF_symporters	F3MU_03_U039_oligosaccharides_MSF_symporters	F3MU_03_U039_Maltose_maltooligosaccharide_transporter_malY	COG2211_K16211
F3MU_uptake_transport_systems	F3MU_03_sugar:cation_MSF_symporters	F3MU_03_U039_oligosaccharides_MSF_symporters	F3MU_03_U039_Oligogalacturonide_transporter_uxuT	COG2211_K16210
F3MU_uptake_transport_systems	F3MU_03_sugar:cation_MSF_symporters	F3MU_03_U040_pentoses_pentosides_MSF_symporters	F3MU_03_U040_D-ribose_uptake_protein_rbsU	COG4975_K06216
F3MU_uptake_transport_systems	F3MU_03_sugar:cation_MSF_symporters	F3MU_03_U040_pentoses_pentosides_MSF_symporters	F3MU_03_U040_D-xylose_transporter_SP_family_xylT	COG0477_K08138_*
F3MU_uptake_transport_systems	F3MU_03_sugar:cation_MSF_symporters	F3MU_03_U040_pentoses_pentosides_MSF_symporters	F3MU_03_U040_Glycoside_xyloside_hexuronide:cation_symporter_GPH_family_xylP_xynT	COG2211_K03292
F3MU_uptake_transport_systems	F3MU_03_sugar:cation_MSF_symporters	F3MU_03_U040_pentoses_pentosides_MSF_symporters	F3MU_03_U040_Inositol_transporter_SP_family_iolT	COG0477_K06609
F3MU_uptake_transport_systems	F3MU_03_sugar:cation_MSF_symporters	F3MU_03_U040_pentoses_pentosides_MSF_symporters	F3MU_03_U040_L-arabinose_transporter_SP_family_araE	COG0477_K02100_*
F3MU_uptake_transport_systems	F3MU_03_sugar:cation_MSF_symporters	F3MU_03_U040_pentoses_pentosides_MSF_symporters	F3MU_03_U040_L-fucose:H+_symporter_FHS_family_fucP	COG0738_K02429
F3MU_uptake_transport_systems	F3MU_03_sugar:cation_MSF_symporters	F3MU_03_U040_pentoses_pentosides_MSF_symporters	F3MU_03_U040_Rhamnose_inositol_transporter_SP_family_iolF_rhaP	COG0477_K06610
F3MU_uptake_transport_systems	F3MU_03_sugar:cation_MSF_symporters	F3MU_03_U041_malate_citrate_lactate_carboxylate_MSF_symporters	F3MU_03_U041_Aerobic_C4-dicarboxylate_transport_protein_dctA	COG1301_K11103
F3MU_uptake_transport_systems	F3MU_03_sugar:cation_MSF_symporters	F3MU_03_U041_malate_citrate_lactate_carboxylate_MSF_symporters	F3MU_03_U041_Alpha-ketoglutarate_transporter_SP_family_kgtP	COG0477_K03761_*
F3MU_uptake_transport_systems	F3MU_03_sugar:cation_MSF_symporters	F3MU_03_U041_malate_citrate_lactate_carboxylate_MSF_symporters	F3MU_03_U041_C4-dicarboxylate_transporter_dcuC	COG3069_K03326
F3MU_uptake_transport_systems	F3MU_03_sugar:cation_MSF_symporters	F3MU_03_U041_malate_citrate_lactate_carboxylate_MSF_symporters	F3MU_03_U041_Citrate_transporter_SP_family_citA	COG0477_K03288
F3MU_uptake_transport_systems	F3MU_03_sugar:cation_MSF_symporters	F3MU_03_U041_malate_citrate_lactate_carboxylate_MSF_symporters	F3MU_03_U041_Citrate-Mg2+_Ca2+:H+_symporter_citM	COG2851_K03300
F3MU_uptake_transport_systems	F3MU_03_sugar:cation_MSF_symporters	F3MU_03_U041_malate_citrate_lactate_carboxylate_MSF_symporters	F3MU_03_U041_Glucarate:cation_symporter_ACS_family_gudP	COG2271_K03535
F3MU_uptake_transport_systems	F3MU_03_sugar:cation_MSF_symporters	F3MU_03_U041_malate_citrate_lactate_carboxylate_MSF_symporters	F3MU_03_U041_L-lactate_permease_lctP	COG1620_K03303_*
F3MU_uptake_transport_systems	F3MU_03_sugar:cation_MSF_symporters	F3MU_03_U041_malate_citrate_lactate_carboxylate_MSF_symporters	F3MU_03_U041_L-malate_citrate_2-hydroxycarboxylate:Na+_symporter_maeN	COG3493
F3MU_uptake_transport_systems	F3MU_03_sugar:cation_MSF_symporters	F3MU_03_U041_malate_citrate_lactate_carboxylate_MSF_symporters	F3MU_03_U041_L-malate_transport_protein_mleP	COG0679_K07088
F3MU_uptake_transport_systems	F3MU_03_sugar:cation_MSF_symporters	F3MU_03_U041_malate_citrate_lactate_carboxylate_MSF_symporters	F3MU_03_U041_Oxalate:formate_antiporter_oxlT	COG2271_K08177
F3MU_uptake_transport_systems	F3MU_03_sugar:cation_MSF_symporters	F3MU_03_U042_glycerol_G3P_transporters	F3MU_03_U042_Glycerol_uptake_facilitator_glpF	COG0580_K02440
F3MU_uptake_transport_systems	F3MU_03_sugar:cation_MSF_symporters	F3MU_03_U042_glycerol_G3P_transporters	F3MU_03_U042_Glycerol-3-phosphate:cation_symporter_ACS_family_glpT	COG2271_K02445
F3MU_uptake_transport_systems	F3MU_04_sugar_ABC_transporters	F3MU_04_U043_pentoses_ABC_transporters	F3MU_04_U043_D-ribose_ABC_transport_system_ATP-binding_protein_rbsA	COG1129_K10441_*
F3MU_uptake_transport_systems	F3MU_04_sugar_ABC_transporters	F3MU_04_U043_pentoses_ABC_transporters	F3MU_04_U043_D-ribose_ABC_transport_system_permease_protein_rbsC	COG1172_K10440
F3MU_uptake_transport_systems	F3MU_04_sugar_ABC_transporters	F3MU_04_U043_pentoses_ABC_transporters	F3MU_04_U043_D-ribose_ABC_transport_system_substrate-binding_protein_rbsB	COG1879_K10439
F3MU_uptake_transport_systems	F3MU_04_sugar_ABC_transporters	F3MU_04_U043_pentoses_ABC_transporters	F3MU_04_U043_D-xylose ABC_transport_system_ATP-binding_protein_xylG	COG1129_K10545
F3MU_uptake_transport_systems	F3MU_04_sugar_ABC_transporters	F3MU_04_U043_pentoses_ABC_transporters	F3MU_04_U043_D-xylose ABC_transport_system_permease_protein_xylH	COG4214_K10544_*
F3MU_uptake_transport_systems	F3MU_04_sugar_ABC_transporters	F3MU_04_U043_pentoses_ABC_transporters	F3MU_04_U043_D-xylose ABC_transport_system_substrate-binding_protein_xylF	COG4213_K10543
F3MU_uptake_transport_systems	F3MU_04_sugar_ABC_transporters	F3MU_04_U043_pentoses_ABC_transporters	F3MU_04_U043_L-arabinose_ABC_transport_system_ATP-binding_protein_araG	COG1129_K10539
F3MU_uptake_transport_systems	F3MU_04_sugar_ABC_transporters	F3MU_04_U043_pentoses_ABC_transporters	F3MU_04_U043_L-arabinose_ABC_transport_system_ATP-binding_protein_araK	COG3842_K10191_*
F3MU_uptake_transport_systems	F3MU_04_sugar_ABC_transporters	F3MU_04_U043_pentoses_ABC_transporters	F3MU_04_U043_L-arabinose_ABC_transport_system_permease_protein_araH	COG1172_K10538
F3MU_uptake_transport_systems	F3MU_04_sugar_ABC_transporters	F3MU_04_U043_pentoses_ABC_transporters	F3MU_04_U043_L-arabinose_ABC_transport_system_permease_protein_araP	COG1175_K10189
F3MU_uptake_transport_systems	F3MU_04_sugar_ABC_transporters	F3MU_04_U043_pentoses_ABC_transporters	F3MU_04_U043_L-arabinose_ABC_transport_system_permease_protein_araQ	COG0395_K10190
F3MU_uptake_transport_systems	F3MU_04_sugar_ABC_transporters	F3MU_04_U043_pentoses_ABC_transporters	F3MU_04_U043_L-arabinose_ABC_transport_system_substrate-binding_protein_araF	COG1879_K1537
F3MU_uptake_transport_systems	F3MU_04_sugar_ABC_transporters	F3MU_04_U043_pentoses_ABC_transporters	F3MU_04_U043_L-arabinose_ABC_transport_system_substrate-binding_protein_araN	COG1653_K10188
F3MU_uptake_transport_systems	F3MU_04_sugar_ABC_transporters	F3MU_04_U044_NAG_ABC_transporters	F3MU_04_U044_N-acetylglucosamine_ABC_transport_system_permease_protein_ngcF	COG1175_K10201
F3MU_uptake_transport_systems	F3MU_04_sugar_ABC_transporters	F3MU_04_U044_NAG_ABC_transporters	F3MU_04_U044_N-acetylglucosamine_ABC_transport_system_permease_protein_ngcG	COG0395_K10202
F3MU_uptake_transport_systems	F3MU_04_sugar_ABC_transporters	F3MU_04_U044_NAG_ABC_transporters	F3MU_04_U044_N-acetylglucosamine_ABC_transport_system_substrate-binding_protein_ngcE	COG1653_K10200
F3MU_uptake_transport_systems	F3MU_04_sugar_ABC_transporters	F3MU_04_U045_galactosides_ABC_transporters	F3MU_04_U045_Arabinogalactan_oligomer_maltooligosaccharide_ABC_transport_system_permease_protein_ganP	COG1175_K15771
F3MU_uptake_transport_systems	F3MU_04_sugar_ABC_transporters	F3MU_04_U045_galactosides_ABC_transporters	F3MU_04_U045_Arabinogalactan_oligomer_maltooligosaccharide_ABC_transport_system_permease_protein_ganQ	COG3833_K15772
F3MU_uptake_transport_systems	F3MU_04_sugar_ABC_transporters	F3MU_04_U045_galactosides_ABC_transporters	F3MU_04_U045_Arabinogalactan_oligomer_maltooligosaccharide_ABC_transport_system_substrate-binding_protein_ganO	COG2182_K15570
F3MU_uptake_transport_systems	F3MU_04_sugar_ABC_transporters	F3MU_04_U045_galactosides_ABC_transporters	F3MU_04_U045_Methyl-galactoside_ABC_transport_system_ATP-binding_protein_mglA	COG1129_K10542
F3MU_uptake_transport_systems	F3MU_04_sugar_ABC_transporters	F3MU_04_U045_galactosides_ABC_transporters	F3MU_04_U045_Methyl-galactoside_ABC_transport_system_permease_protein_mglC	COG4211_K10541
F3MU_uptake_transport_systems	F3MU_04_sugar_ABC_transporters	F3MU_04_U045_galactosides_ABC_transporters	F3MU_04_U045_Methyl-galactoside_ABC_transport_system_substrate-binding_protein_mglB	COG1879_K17213_*
F3MU_uptake_transport_systems	F3MU_04_sugar_ABC_transporters	F3MU_04_U045_galactosides_ABC_transporters	F3MU_04_U045_Raffinose_stachyose_melibiose_ABC_transport_system_permease_protein_msmF	COG1175_K10118
F3MU_uptake_transport_systems	F3MU_04_sugar_ABC_transporters	F3MU_04_U045_galactosides_ABC_transporters	F3MU_04_U045_Raffinose_stachyose_melibiose_ABC_transport_system_permease_protein_msmG	COG0395_K10119
F3MU_uptake_transport_systems	F3MU_04_sugar_ABC_transporters	F3MU_04_U045_galactosides_ABC_transporters	F3MU_04_U045_Raffinose_stachyose_melibiose_ABC_transport_system_substrate-binding_protein_msmE	COG1653_K10117
F3MU_uptake_transport_systems	F3MU_04_sugar_ABC_transporters	F3MU_04_U046_glucose_glucosides_ABC_transporters	F3MU_04_U046_Cellobiose_ABC_transport_system_permease_protein_cebF	COG1175_K10241_*
F3MU_uptake_transport_systems	F3MU_04_sugar_ABC_transporters	F3MU_04_U046_glucose_glucosides_ABC_transporters	F3MU_04_U046_Cellobiose_ABC_transport_system_permease_protein_cebG	COG0395_K10242_*
F3MU_uptake_transport_systems	F3MU_04_sugar_ABC_transporters	F3MU_04_U046_glucose_glucosides_ABC_transporters	F3MU_04_U046_Cellobiose_ABC_transport_system_substrate-binding_protein_cebE	COG1653_K10240
F3MU_uptake_transport_systems	F3MU_04_sugar_ABC_transporters	F3MU_04_U046_glucose_glucosides_ABC_transporters	F3MU_04_U046_Glucose_mannose_ABC_transport_system_permease_protein_gtsB	COG1175_K17316
F3MU_uptake_transport_systems	F3MU_04_sugar_ABC_transporters	F3MU_04_U046_glucose_glucosides_ABC_transporters	F3MU_04_U046_Glucose_mannose_ABC_transport_system_permease_protein_gtsC	COG0395_K17317
F3MU_uptake_transport_systems	F3MU_04_sugar_ABC_transporters	F3MU_04_U046_glucose_glucosides_ABC_transporters	F3MU_04_U046_Glucose_mannose_ABC_transport_system_substrate-binding_protein_gtsA	COG1653_K17315
F3MU_uptake_transport_systems	F3MU_04_sugar_ABC_transporters	F3MU_04_U046_glucose_glucosides_ABC_transporters	F3MU_04_U046_Maltose_maltodextrin_ABC_transport_system_permease_protein_malF	COG1175_K10109
F3MU_uptake_transport_systems	F3MU_04_sugar_ABC_transporters	F3MU_04_U046_glucose_glucosides_ABC_transporters	F3MU_04_U046_Maltose_maltodextrin_ABC_transport_system_permease_protein_malG	COG3833_K10110
F3MU_uptake_transport_systems	F3MU_04_sugar_ABC_transporters	F3MU_04_U046_glucose_glucosides_ABC_transporters	F3MU_04_U046_Maltose_maltodextrin_ABC_transport_system_substrate-binding_protein_malE	COG2182_K10108
F3MU_uptake_transport_systems	F3MU_04_sugar_ABC_transporters	F3MU_04_U046_glucose_glucosides_ABC_transporters	F3MU_04_U046_Maltose_Multiple_sugar_ABC_transport_system_permease_protein_mdxF	COG0395_K02025
F3MU_uptake_transport_systems	F3MU_04_sugar_ABC_transporters	F3MU_04_U046_glucose_glucosides_ABC_transporters	F3MU_04_U046_Maltose_Multiple_sugar_ABC_transport_system_permease_protein_mdxG	COG1175_K02026
F3MU_uptake_transport_systems	F3MU_04_sugar_ABC_transporters	F3MU_04_U046_glucose_glucosides_ABC_transporters	F3MU_04_U046_Maltose_Multiple_sugar_ABC_transport_system_substrate-binding_protein_mdxEE	COG1653_K02027
F3MU_uptake_transport_systems	F3MU_04_sugar_ABC_transporters	F3MU_04_U047_fructose_fructosides_ABC_transporters	F3MU_04_U047_Fructooligosaccharide_ABC_transport_system_permease_protein_fosF	COG1175_K10121_*
F3MU_uptake_transport_systems	F3MU_04_sugar_ABC_transporters	F3MU_04_U047_fructose_fructosides_ABC_transporters	F3MU_04_U047_Fructooligosaccharide_ABC_transport_system_permease_protein_fosG	COG0395_K10122_*
F3MU_uptake_transport_systems	F3MU_04_sugar_ABC_transporters	F3MU_04_U047_fructose_fructosides_ABC_transporters	F3MU_04_U047_Fructooligosaccharide_ABC_transport_system_substrate-binding_protein_fosE	COG2182_K10120
F3MU_uptake_transport_systems	F3MU_04_sugar_ABC_transporters	F3MU_04_U047_fructose_fructosides_ABC_transporters	F3MU_04_U047_Fructooligosaccharide_ABC_transport_system_substrate-binding_protein_fosE	COG1653_K10120
F3MU_uptake_transport_systems	F3MU_04_sugar_ABC_transporters	F3MU_04_U047_fructose_fructosides_ABC_transporters	F3MU_04_U047_Fructose_ABC_transport_system_ATP-binding_protein_frcA	COG1129_K10554
F3MU_uptake_transport_systems	F3MU_04_sugar_ABC_transporters	F3MU_04_U047_fructose_fructosides_ABC_transporters	F3MU_04_U047_Fructose_ABC_transport_system_permease_protein_frcC	COG1172_K10553_*
F3MU_uptake_transport_systems	F3MU_04_sugar_ABC_transporters	F3MU_04_U047_fructose_fructosides_ABC_transporters	F3MU_04_U047_Fructose_ABC_transport_system_substrate-binding_protein_frcB	COG1879_K10552
F3MU_uptake_transport_systems	F3MU_04_sugar_ABC_transporters	F3MU_04_U048_G3P_ABC_transporter	F3MU_04_U048_sn-glycerol_3-phosphate_ABC_transport_system_ATP-binding_protein_ugpC	COG3842_K05816_*
F3MU_uptake_transport_systems	F3MU_04_sugar_ABC_transporters	F3MU_04_U048_G3P_ABC_transporter	F3MU_04_U048_sn-glycerol_3-phosphate_ABC_transport_system_permease_protein_ugpA	COG1175_K05814_*
F3MU_uptake_transport_systems	F3MU_04_sugar_ABC_transporters	F3MU_04_U048_G3P_ABC_transporter	F3MU_04_U048_sn-glycerol_3-phosphate_ABC_transport_system_permease_protein_ugpE	COG0395_K05815
F3MU_uptake_transport_systems	F3MU_04_sugar_ABC_transporters	F3MU_04_U048_G3P_ABC_transporter	F3MU_04_U048_sn-glycerol_3-phosphate_ABC_transport_system_substrate-binding_protein_ugpB	COG1653_K05813
F3MU_uptake_transport_systems	F3MU_04_sugar_ABC_transporters	F3MU_04_U049_oligouronate_ABC_ransporters	F3MU_04_U049_Aldouronate_ABC_transport_system_permease_protein_lplB	COG1175_K17319
F3MU_uptake_transport_systems	F3MU_04_sugar_ABC_transporters	F3MU_04_U049_oligouronate_ABC_ransporters	F3MU_04_U049_Aldouronate_ABC_transport_system_permease_protein_lplC	COG0395_K17320
F3MU_uptake_transport_systems	F3MU_04_sugar_ABC_transporters	F3MU_04_U049_oligouronate_ABC_ransporters	F3MU_04_U049_Aldouronate_ABC_transport_system_substrate-binding_protein_lplA	COG1653_K17318
F3MU_uptake_transport_systems	F3MU_04_sugar_ABC_transporters	F3MU_04_U049_oligouronate_ABC_ransporters	F3MU_04_U049_Oligogalacturonide_ABC_transport_system_ATP-binding_protein_togA	COG3839_K10195
F3MU_uptake_transport_systems	F3MU_04_sugar_ABC_transporters	F3MU_04_U049_oligouronate_ABC_ransporters	F3MU_04_U049_Oligogalacturonide_ABC_transport_system_permease_protein_togM	COG1175_K10193_*
F3MU_uptake_transport_systems	F3MU_04_sugar_ABC_transporters	F3MU_04_U049_oligouronate_ABC_ransporters	F3MU_04_U049_Oligogalacturonide_ABC_transport_system_permease_protein_togN	COG0395_K10194_*
F3MU_uptake_transport_systems	F3MU_04_sugar_ABC_transporters	F3MU_04_U049_oligouronate_ABC_ransporters	F3MU_04_U049_Oligogalacturonide_ABC_transport_system_substrate-binding_protein_togB	COG1653_K10192
F3MU_uptake_transport_systems	F3MU_04_sugar_ABC_transporters	F3MU_04_U050_polyols_ABC_transporters	F3MU_04_U050_Inositol_ABC_transport_system_ATP-binding_protein_itaA	COG1129_K17210
F3MU_uptake_transport_systems	F3MU_04_sugar_ABC_transporters	F3MU_04_U050_polyols_ABC_transporters	F3MU_04_U050_Inositol_ABC_transport_system_permease_protein_ibpP	COG1172_K17209_*
F3MU_uptake_transport_systems	F3MU_04_sugar_ABC_transporters	F3MU_04_U050_polyols_ABC_transporters	F3MU_04_U050_Inositol_ABC_transport_system_substrate-binding_protein_ibpA	COG1879_K17208
F3MU_uptake_transport_systems	F3MU_04_sugar_ABC_transporters	F3MU_04_U050_polyols_ABC_transporters	F3MU_04_U050_Xylitol_ABC_transport_system_ATP-binding_protein_xltA	COG1129_K17207
F3MU_uptake_transport_systems	F3MU_04_sugar_ABC_transporters	F3MU_04_U050_polyols_ABC_transporters	F3MU_04_U050_Xylitol_ABC_transport_system_permease_protein_xltB	COG1172_K17206_*
F3MU_uptake_transport_systems	F3MU_04_sugar_ABC_transporters	F3MU_04_U050_polyols_ABC_transporters	F3MU_04_U050_Xylitol_ABC_transport_system_substrate-binding_protein_xltC	COG1879_K17205
F3MU_uptake_transport_systems	F3MU_04_sugar_ABC_transporters	F3MU_04_U051_allose_ABC_transporter	F3MU_04_U051_D-allose_ABC_transport_system_ATP-binding_protein_alsA	COG1129_K10551
F3MU_uptake_transport_systems	F3MU_04_sugar_ABC_transporters	F3MU_04_U051_allose_ABC_transporter	F3MU_04_U051_D-allose_ABC_transport_system_permease_proteinalsC	COG1172_K10550
F3MU_uptake_transport_systems	F3MU_04_sugar_ABC_transporters	F3MU_04_U051_allose_ABC_transporter	F3MU_04_U051_D-allose_ABC_transport_system_substrate-binding_protein_alsB	COG1879_K10549
F3MU_uptake_transport_systems	F3MU_04_sugar_ABC_transporters	F3MU_04_U052_generic_multiple_sugars_ABC_transporters	F3MU_04_U052_Generic_multiple_sugar_ABC_transport_system_ATP-binding_protein_for_systems_mdx_fos_msm_gts	COG3842_K10112
F3MU_uptake_transport_systems	F3MU_04_sugar_ABC_transporters	F3MU_04_U052_generic_multiple_sugars_ABC_transporters	F3MU_04_U052_Multiple_sugar_ABC_transport_system_ATP-binding_protein_malK_mdxK	COG3839_K10111
F3MU_uptake_transport_systems	F3MU_04_sugar_ABC_transporters	F3MU_04_U052_generic_multiple_sugars_ABC_transporters	F3MU_04_U052_Putative_multiple_sugar_ABC_transport_system_ATP-binding_protein_gguA	COG1129_K10548
F3MU_uptake_transport_systems	F3MU_04_sugar_ABC_transporters	F3MU_04_U052_generic_multiple_sugars_ABC_transporters	F3MU_04_U052_Putative_multiple_sugar_ABC_transport_system_permease_protein_gguB	COG4214_K10547
F3MU_uptake_transport_systems	F3MU_04_sugar_ABC_transporters	F3MU_04_U052_generic_multiple_sugars_ABC_transporters	F3MU_04_U052_Putative_multiple_sugar_ABC_transport_system_substrate-binding_protein_gguC	COG4213_K10546
F3MU_uptake_transport_systems	F3MU_05_amino_acids_amines_permeases	F3MU_05_U053_lysine_arginine_ornithine_permeases	F3MU_05_U053_Arginine_ornithine_permease_rocE	COG0833_K02205
F3MU_uptake_transport_systems	F3MU_05_amino_acids_amines_permeases	F3MU_05_U053_lysine_arginine_ornithine_permeases	F3MU_05_U053_Arginine:ornithine_antiporter_APA_family_arcD	COG0531_K03758
F3MU_uptake_transport_systems	F3MU_05_amino_acids_amines_permeases	F3MU_05_U053_lysine_arginine_ornithine_permeases	F3MU_05_U053_Fructoselysine_transporter_APA_family_frlA	COG0531_K19540_*
F3MU_uptake_transport_systems	F3MU_05_amino_acids_amines_permeases	F3MU_05_U053_lysine_arginine_ornithine_permeases	F3MU_05_U053_L-ysine-specific_permease_lysP	COG0833_K11733_*
F3MU_uptake_transport_systems	F3MU_05_amino_acids_amines_permeases	F3MU_05_U054_agmatine_cadaverine_purtrescine_permeases	F3MU_05_U054_Arginine:agmatine_antiporter_APA_family_adiC	COG0531_K03759
F3MU_uptake_transport_systems	F3MU_05_amino_acids_amines_permeases	F3MU_05_U054_agmatine_cadaverine_purtrescine_permeases	F3MU_05_U054_Cadaverine:lysine_antiporter_APA_family_cadB	COG0531_K03757
F3MU_uptake_transport_systems	F3MU_05_amino_acids_amines_permeases	F3MU_05_U054_agmatine_cadaverine_purtrescine_permeases	F3MU_05_U054_Multiple_basic_amino_acid_polyamine_antiporter_APA_family_baaP	COG0531_K03294
F3MU_uptake_transport_systems	F3MU_05_amino_acids_amines_permeases	F3MU_05_U054_agmatine_cadaverine_purtrescine_permeases	F3MU_05_U054_Putrescine:ornithine_antiporter_APA_family_potE	COG0531_K03756_*
F3MU_uptake_transport_systems	F3MU_05_amino_acids_amines_permeases	F3MU_05_U054_agmatine_cadaverine_purtrescine_permeases	F3MU_05_U054_Putrescine_transporter_APA_family_puuP	COG0531_K14052
F3MU_uptake_transport_systems	F3MU_05_amino_acids_amines_permeases	F3MU_05_U055_ethanolamine_permeases	F3MU_05_U055_Ethanolamine_permease_eatP	COG1113_K16238
F3MU_uptake_transport_systems	F3MU_05_amino_acids_amines_permeases	F3MU_05_U055_ethanolamine_permeases	F3MU_05_U055_Ethanolamine_permease_eutP	COG0833_K16238
F3MU_uptake_transport_systems	F3MU_05_amino_acids_amines_permeases	F3MU_05_U055_ethanolamine_permeases	F3MU_05_U055_Ethanolamine_permease_eutP	COG0531_K16238
F3MU_uptake_transport_systems	F3MU_05_amino_acids_amines_permeases	F3MU_05_U056_methionine_permease	F3MU_05_U056_S-methylmethionine_transporter_mmuP	COG0833_K16235
F3MU_uptake_transport_systems	F3MU_05_amino_acids_amines_permeases	F3MU_05_U057_serine_alanine_glycine_permeases	F3MU_05_U057_Alanine_glycine:cation_symporter_agcS	COG1115_K03310
F3MU_uptake_transport_systems	F3MU_05_amino_acids_amines_permeases	F3MU_05_U057_serine_alanine_glycine_permeases	F3MU_05_U057_D-serine_D-alanine_glycine_transporter_cycA	COG1113_K11737_*
F3MU_uptake_transport_systems	F3MU_05_amino_acids_amines_permeases	F3MU_05_U057_serine_alanine_glycine_permeases	F3MU_05_U057_Serine_transporter_sdaC	COG0814_K03837
F3MU_uptake_transport_systems	F3MU_05_amino_acids_amines_permeases	F3MU_05_U058_aromatic_acids_permeases	F3MU_05_U058_Aromatic_amino_acid_transporter_AroP	COG1113_K11734_*
F3MU_uptake_transport_systems	F3MU_05_amino_acids_amines_permeases	F3MU_05_U058_aromatic_acids_permeases	F3MU_05_U058_L-histidine_transporter_hutT	COG1113_K16234
F3MU_uptake_transport_systems	F3MU_05_amino_acids_amines_permeases	F3MU_05_U058_aromatic_acids_permeases	F3MU_05_U058_Tryptophan-specific_transporter_mtr	COG0814_K03835
F3MU_uptake_transport_systems	F3MU_05_amino_acids_amines_permeases	F3MU_05_U058_aromatic_acids_permeases	F3MU_05_U058_Tyrosine-specific_transporter_tutB	COG0814_K03318
F3MU_uptake_transport_systems	F3MU_05_amino_acids_amines_permeases	F3MU_05_U058_aromatic_acids_permeases	F3MU_05_U058_Tyrosine-specific_transporter_tyrP	COG0814_K03834
F3MU_uptake_transport_systems	F3MU_05_amino_acids_amines_permeases	F3MU_05_U059_branched-chain_amino_acids_permeases	F3MU_05_U059_Branched-chain_amino_acid:cation_transporter_brnQ	COG1114_K03311
F3MU_uptake_transport_systems	F3MU_05_amino_acids_amines_permeases	F3MU_05_U059_branched-chain_amino_acids_permeases	F3MU_05_U059_Gamma_aminobutyrate_GABA_transporter_gabB	COG1113_K11735_*
F3MU_uptake_transport_systems	F3MU_05_amino_acids_amines_permeases	F3MU_05_U060_aspartate_glutamate_asparagine_permeases	F3MU_05_U060_L-asparagine_transporter_ansP	COG1113_K11738
F3MU_uptake_transport_systems	F3MU_05_amino_acids_amines_permeases	F3MU_05_U060_aspartate_glutamate_asparagine_permeases	F3MU_05_U060_L-glutamate:GABA_antiporter_APA_family_gadC	COG0531_K20265
F3MU_uptake_transport_systems	F3MU_05_amino_acids_amines_permeases	F3MU_05_U060_aspartate_glutamate_asparagine_permeases	F3MU_05_U060_L-glutamate:H+_symporter_gltP	COG1301_K11102_*
F3MU_uptake_transport_systems	F3MU_05_amino_acids_amines_permeases	F3MU_05_U061_proline_permeases	F3MU_05_U061_Proline_betaine_transporter_MHS_family_proP	COG0477_K03762
F3MU_uptake_transport_systems	F3MU_05_amino_acids_amines_permeases	F3MU_05_U061_proline_permeases	F3MU_05_U061_Proline:Na+_symporter_SSF_family_putP	COG0591_K11928
F3MU_uptake_transport_systems	F3MU_05_amino_acids_amines_permeases	F3MU_05_U062_multiple_amino_acids_permeases	F3MU_05_U062_Multiple_amino_acid_permease_maaP	COG1113_K03293
F3MU_uptake_transport_systems	F3MU_05_amino_acids_amines_permeases	F3MU_05_U063_carnitine_betaine_choline_permeases	F3MU_05_U063_Betaine_carnitine_choline_transporter_betT	COG1292_K05020
F3MU_uptake_transport_systems	F3MU_05_amino_acids_amines_permeases	F3MU_05_U063_carnitine_betaine_choline_permeases	F3MU_05_U063_Betaine_L-carnitine_transporter_bccT	COG1292_K03451
F3MU_uptake_transport_systems	F3MU_05_amino_acids_amines_permeases	F3MU_05_U063_carnitine_betaine_choline_permeases	F3MU_05_U063_Choline_glycine_proline_betaine_transporter_betS	COG1292_K02168
F3MU_uptake_transport_systems	F3MU_05_amino_acids_amines_permeases	F3MU_05_U063_carnitine_betaine_choline_permeases	F3MU_05_U063_L-carnitine_gamma-butyrobetaine_antiporter_caiT	COG1292_K05245
F3MU_uptake_transport_systems	F3MU_06_oligopeptide_permeases	F3MU_06_U064_oligopeptides_permeases	F3MU_06_U064_Proton-dependent_oligopeptide_transporter_dtpT	COG3104_K03305
F3MU_uptake_transport_systems	F3MU_07_oligopeptides_ABC_transport_systems	F3MU_07_U065_oligopeptide_ABC_transport_system_oppABCDF	F3MU_07_U065_Bacterial_extracellular_oligopeptide-binding_ABC_transport_proteins_oppA	COG0747_K02035
F3MU_uptake_transport_systems	F3MU_07_oligopeptides_ABC_transport_systems	F3MU_07_U065_oligopeptide_ABC_transport_system_oppABCDF	F3MU_07_U065_Bacterial_extracellular_oligopeptide-binding_ABC_transport_proteins_oppA	COG4166_K02035_*
F3MU_uptake_transport_systems	F3MU_07_oligopeptides_ABC_transport_systems	F3MU_07_U065_oligopeptide_ABC_transport_system_oppABCDF	F3MU_07_U065_Oligopeptide_ABC_transport_systems_ATPase_component_oppD	COG0444_K02031_*
F3MU_uptake_transport_systems	F3MU_07_oligopeptides_ABC_transport_systems	F3MU_07_U065_oligopeptide_ABC_transport_system_oppABCDF	F3MU_07_U065_Oligopeptide_ABC_transport_systems_ATP-binding_component_oppF	COG4608_K02032_*
F3MU_uptake_transport_systems	F3MU_07_oligopeptides_ABC_transport_systems	F3MU_07_U065_oligopeptide_ABC_transport_system_oppABCDF	F3MU_07_U065_Oligopeptide_ABC_transport_systems_permease_components_oppB	COG0601_K02033_*
F3MU_uptake_transport_systems	F3MU_07_oligopeptides_ABC_transport_systems	F3MU_07_U065_oligopeptide_ABC_transport_system_oppABCDF	F3MU_07_U065_Oligopeptide_ABC_transport_systems_permease_components_oppC	COG1173_K02034
F3MU_uptake_transport_systems	F3MU_07_oligopeptides_ABC_transport_systems	F3MU_07_U066_Dipeptide_ABC_transport_system_dpp	F3MU_07_U066_Dipeptide_ABC_transport_system_ATP-binding_protein_dppD	COG0444_K12371
F3MU_uptake_transport_systems	F3MU_07_oligopeptides_ABC_transport_systems	F3MU_07_U066_Dipeptide_ABC_transport_system_dpp	F3MU_07_U066_Dipeptide_ABC_transport_system_ATP-binding_protein_dppF	COG1124_K12372
F3MU_uptake_transport_systems	F3MU_07_oligopeptides_ABC_transport_systems	F3MU_07_U066_Dipeptide_ABC_transport_system_dpp	F3MU_07_U066_Dipeptide_ABC_transport_system_permease_protein_dppB	COG0601_K12369
F3MU_uptake_transport_systems	F3MU_07_oligopeptides_ABC_transport_systems	F3MU_07_U066_Dipeptide_ABC_transport_system_dpp	F3MU_07_U066_Dipeptide_ABC_transport_system_permease_protein_dppC	COG1173_K12370
F3MU_uptake_transport_systems	F3MU_07_oligopeptides_ABC_transport_systems	F3MU_07_U066_Dipeptide_ABC_transport_system_dpp	F3MU_07_U066_Dipeptide_ABC_transport_system_substrate-binding_protein_dppA	COG0747_K12368
F3MU_uptake_transport_systems	F3MU_07_oligopeptides_ABC_transport_systems	F3MU_07_U076_glutathione_ABC_transporters	F3MU_07_U076_Glutathione_ABC_transport_system_ATP-binding_protein_gsiA	COG1123_K13892_*
F3MU_uptake_transport_systems	F3MU_07_oligopeptides_ABC_transport_systems	F3MU_07_U076_glutathione_ABC_transporters	F3MU_07_U076_Glutathione_ABC_transport_system_permease_protein_gsiC	COG0601_K13890_*
F3MU_uptake_transport_systems	F3MU_07_oligopeptides_ABC_transport_systems	F3MU_07_U076_glutathione_ABC_transporters	F3MU_07_U076_Glutathione_ABC_transport_system_permease_protein_gsiD	COG1173_K13891_*
F3MU_uptake_transport_systems	F3MU_07_oligopeptides_ABC_transport_systems	F3MU_07_U076_glutathione_ABC_transporters	F3MU_07_U076_Glutathione_ABC_transport_system_substrate-binding_protein_gsiB	COG0747_K13889_*
F3MU_uptake_transport_systems	F3MU_08_amino_acids_amines_ABC_transport_systems	F3MU_08_U067_carnitine_glycine_betaine_ABC_transporters	F3MU_08_U067_Carnitine_glycine_betaine_ABC_transport_system_ATP-binding_subunit_gbuA	COG4175_K02000
F3MU_uptake_transport_systems	F3MU_08_amino_acids_amines_ABC_transport_systems	F3MU_08_U067_carnitine_glycine_betaine_ABC_transporters	F3MU_08_U067_Carnitine_glycine_betaine_ABC_transport_system_ATP-binding_subunit_gbuA	COG0517_K02000
F3MU_uptake_transport_systems	F3MU_08_amino_acids_amines_ABC_transport_systems	F3MU_08_U067_carnitine_glycine_betaine_ABC_transporters	F3MU_08_U067_Carnitine_glycine_betaine_ABC_transport_system_permease_subunit_gbuB	COG4176_K02001_*
F3MU_uptake_transport_systems	F3MU_08_amino_acids_amines_ABC_transport_systems	F3MU_08_U067_carnitine_glycine_betaine_ABC_transporters	F3MU_08_U067_Carnitine_glycine_betaine_ABC_transport_system_substrate-binding_subunit_gbuC	COG2113_K02002_*
F3MU_uptake_transport_systems	F3MU_08_amino_acids_amines_ABC_transport_systems	F3MU_08_U067_carnitine_glycine_betaine_ABC_transporters	F3MU_08_U067_Glycine_betaine_osmoprotectant_ABC_transport_system_permease_protein_opuB	COG1174_K05846_*
F3MU_uptake_transport_systems	F3MU_08_amino_acids_amines_ABC_transport_systems	F3MU_08_U067_carnitine_glycine_betaine_ABC_transporters	F3MU_08_U067_Glycine_betaine_osmoprotectant_ABC_transport_system_ATP-binding_protein_opuA	COG1125_K05847
F3MU_uptake_transport_systems	F3MU_08_amino_acids_amines_ABC_transport_systems	F3MU_08_U067_carnitine_glycine_betaine_ABC_transporters	F3MU_08_U067_Glycine_betaine_osmoprotectant_ABC_transport_system_substrate-binding_protein_opuC	COG1732_K05845_*
F3MU_uptake_transport_systems	F3MU_08_amino_acids_amines_ABC_transport_systems	F3MU_08_U068_spermidine_putrescine_ABC_transporters	F3MU_08_U068_Polyamine_ABC_transport_system_ATP-binding_protein_pamF	COG3842_K02052
F3MU_uptake_transport_systems	F3MU_08_amino_acids_amines_ABC_transport_systems	F3MU_08_U068_spermidine_putrescine_ABC_transporters	F3MU_08_U068_Polyamine_ABC_transport_system_permease_protein_pamG	COG1176_K02054
F3MU_uptake_transport_systems	F3MU_08_amino_acids_amines_ABC_transport_systems	F3MU_08_U068_spermidine_putrescine_ABC_transporters	F3MU_08_U068_Polyamine_ABC_transport_system_permease_protein_pamH	COG1177_K02053
F3MU_uptake_transport_systems	F3MU_08_amino_acids_amines_ABC_transport_systems	F3MU_08_U068_spermidine_putrescine_ABC_transporters	F3MU_08_U068_Polyamine_ABC_transport_system_substrate-binding_protein_pamE	COG0687_K02055
F3MU_uptake_transport_systems	F3MU_08_amino_acids_amines_ABC_transport_systems	F3MU_08_U068_spermidine_putrescine_ABC_transporters	F3MU_08_U068_Putrescine_ABC_transport_system_ATP-binding_protein_spuF	COG3842_K11076
F3MU_uptake_transport_systems	F3MU_08_amino_acids_amines_ABC_transport_systems	F3MU_08_U068_spermidine_putrescine_ABC_transporters	F3MU_08_U068_Putrescine_ABC_transport_system_permease_protein_spuG	COG1176_K11075
F3MU_uptake_transport_systems	F3MU_08_amino_acids_amines_ABC_transport_systems	F3MU_08_U068_spermidine_putrescine_ABC_transporters	F3MU_08_U068_Putrescine_ABC_transport_system_permease_protein_spuH	COG1177_K11074
F3MU_uptake_transport_systems	F3MU_08_amino_acids_amines_ABC_transport_systems	F3MU_08_U068_spermidine_putrescine_ABC_transporters	F3MU_08_U068_Putrescine_ABC_transport_system_substrate-binding_protein_spuE	COG0687_K11073
F3MU_uptake_transport_systems	F3MU_08_amino_acids_amines_ABC_transport_systems	F3MU_08_U068_spermidine_putrescine_ABC_transporters	F3MU_08_U068_Spermidine_putrescine ABC_transport_system_ATP-binding_protein_potA	COG3842_K11072_*
F3MU_uptake_transport_systems	F3MU_08_amino_acids_amines_ABC_transport_systems	F3MU_08_U068_spermidine_putrescine_ABC_transporters	F3MU_08_U068_Spermidine_putrescine ABC_transport_system_permease_protein_potB	COG1176_K11071
F3MU_uptake_transport_systems	F3MU_08_amino_acids_amines_ABC_transport_systems	F3MU_08_U068_spermidine_putrescine_ABC_transporters	F3MU_08_U068_Spermidine_putrescine ABC_transport_system_permease_protein_potC	COG1177_K11070
F3MU_uptake_transport_systems	F3MU_08_amino_acids_amines_ABC_transport_systems	F3MU_08_U068_spermidine_putrescine_ABC_transporters	F3MU_08_U068_Spermidine_putrescine ABC_transport_system_substrate-binding_protein_potD	COG0687_K11069
F3MU_uptake_transport_systems	F3MU_08_amino_acids_amines_ABC_transport_systems	F3MU_08_U069_Aspartate_glutamate_glutamine_ABC_transporters	F3MU_08_U069_Aspartate_glutamate_glutamine_ABC_transport_system_ATP-binding_protein_glnQ	COG1126_K10041
F3MU_uptake_transport_systems	F3MU_08_amino_acids_amines_ABC_transport_systems	F3MU_08_U069_Aspartate_glutamate_glutamine_ABC_transporters	F3MU_08_U069_Aspartate_glutamate_glutamine_ABC_transport_system_permease_protein_glnP	COG0765_K10040
F3MU_uptake_transport_systems	F3MU_08_amino_acids_amines_ABC_transport_systems	F3MU_08_U069_Aspartate_glutamate_glutamine_ABC_transporters	F3MU_08_U069_Aspartate_glutamate_glutamine_ABC_transport_system_substrate-binding_protein_glnH	COG0834_K10039
F3MU_uptake_transport_systems	F3MU_08_amino_acids_amines_ABC_transport_systems	F3MU_08_U070_cysteine_methionine_ABC_transporters	F3MU_08_U070_D-methionine_ABC_transport_system_ATP-binding_protein_metN	COG1135_K02071_*
F3MU_uptake_transport_systems	F3MU_08_amino_acids_amines_ABC_transport_systems	F3MU_08_U070_cysteine_methionine_ABC_transporters	F3MU_08_U070_D-methionine_ABC_transport_system_permease_protein_metI	COG2011_K02072_*
F3MU_uptake_transport_systems	F3MU_08_amino_acids_amines_ABC_transport_systems	F3MU_08_U070_cysteine_methionine_ABC_transporters	F3MU_08_U070_D-methionine_ABC_transport_system_substrate-binding_protein_metQ	COG1464_K02073_*
F3MU_uptake_transport_systems	F3MU_08_amino_acids_amines_ABC_transport_systems	F3MU_08_U070_cysteine_methionine_ABC_transporters	F3MU_08_U070_L-cystine_ABC_transport_system_ATP-binding_protein_tcyC	COG1126_K10010
F3MU_uptake_transport_systems	F3MU_08_amino_acids_amines_ABC_transport_systems	F3MU_08_U070_cysteine_methionine_ABC_transporters	F3MU_08_U070_L-cystine_ABC_transport_system_ATP-binding_protein_tcyN	COG1126_K16960
F3MU_uptake_transport_systems	F3MU_08_amino_acids_amines_ABC_transport_systems	F3MU_08_U070_cysteine_methionine_ABC_transporters	F3MU_08_U070_L-cystine_ABC_transport_system_permease_protein_tcyB	COG0765_K10009
F3MU_uptake_transport_systems	F3MU_08_amino_acids_amines_ABC_transport_systems	F3MU_08_U070_cysteine_methionine_ABC_transporters	F3MU_08_U070_L-cystine_ABC_transport_system_permease_protein_tcyL	COG0765_K16958
F3MU_uptake_transport_systems	F3MU_08_amino_acids_amines_ABC_transport_systems	F3MU_08_U070_cysteine_methionine_ABC_transporters	F3MU_08_U070_L-cystine_ABC_transport_system_permease_protein_tcyM	COG0675_K16959
F3MU_uptake_transport_systems	F3MU_08_amino_acids_amines_ABC_transport_systems	F3MU_08_U070_cysteine_methionine_ABC_transporters	F3MU_08_U070_L-cystine_ABC_transport_system_substrate-binding_protein_tcyA	COG0834_K02424
F3MU_uptake_transport_systems	F3MU_08_amino_acids_amines_ABC_transport_systems	F3MU_08_U070_cysteine_methionine_ABC_transporters	F3MU_08_U070_L-cystine_ABC_transport_system_substrate-binding_protein_tcyK	COG0834_K16957
F3MU_uptake_transport_systems	F3MU_08_amino_acids_amines_ABC_transport_systems	F3MU_08_U070_cysteine_methionine_ABC_transporters	F3MU_08_U070_S-methylcysteine_ABC_transport_system_ATP-binding_protein_yxeO	COG1126_K16963
F3MU_uptake_transport_systems	F3MU_08_amino_acids_amines_ABC_transport_systems	F3MU_08_U070_cysteine_methionine_ABC_transporters	F3MU_08_U070_S-methylcysteine_ABC_transport_system_permease_protein_yxeN	COG0765_K16962
F3MU_uptake_transport_systems	F3MU_08_amino_acids_amines_ABC_transport_systems	F3MU_08_U070_cysteine_methionine_ABC_transporters	F3MU_08_U070_S-methylcysteine_ABC_transport_system_substrate-binding_protein_yxeM	COG0834_K16961
F3MU_uptake_transport_systems	F3MU_08_amino_acids_amines_ABC_transport_systems	F3MU_08_U071_lysine_polar_amino_acids_ABC_transporters	F3MU_08_U071_Lysine_ABC_transport_system_ATP-binding_protein_lysY	COG1126_K17075_*
F3MU_uptake_transport_systems	F3MU_08_amino_acids_amines_ABC_transport_systems	F3MU_08_U071_lysine_polar_amino_acids_ABC_transporters	F3MU_08_U071_Lysine_ABC_transport_system_permease_protein_lysX2	COG0765_K17074_*
F3MU_uptake_transport_systems	F3MU_08_amino_acids_amines_ABC_transport_systems	F3MU_08_U071_lysine_polar_amino_acids_ABC_transporters	F3MU_08_U071_Lysine_ABC_transport_system_substrate-binding_protein_lysX1	COG0834_K17073_*
F3MU_uptake_transport_systems	F3MU_08_amino_acids_amines_ABC_transport_systems	F3MU_08_U071_lysine_polar_amino_acids_ABC_transporters	F3MU_08_U071_Polar_amino_acid_ABC_transport_system_ATP-binding_protein_patA	COG1126_K02028_*
F3MU_uptake_transport_systems	F3MU_08_amino_acids_amines_ABC_transport_systems	F3MU_08_U071_lysine_polar_amino_acids_ABC_transporters	F3MU_08_U071_Polar_amino_acid_ABC_transport_system_permease_protein_patP	COG0765_K02029_*
F3MU_uptake_transport_systems	F3MU_08_amino_acids_amines_ABC_transport_systems	F3MU_08_U071_lysine_polar_amino_acids_ABC_transporters	F3MU_08_U071_Polar_amino_acid_ABC_transport_system_substrate-binding_protein_patS	COG0834_K02030_*
F3MU_uptake_transport_systems	F3MU_08_amino_acids_amines_ABC_transport_systems	F3MU_08_U072_aromatic_amino_acids_ABC_transporters	F3MU_08_U072_Histidine_ABC_transport_system_ATP-binding_protein_hisP	COG4598_K10017_*
F3MU_uptake_transport_systems	F3MU_08_amino_acids_amines_ABC_transport_systems	F3MU_08_U072_aromatic_amino_acids_ABC_transporters	F3MU_08_U072_Histidine_ABC_transport_system_permease_protein_hisM	COG4160_K10015_*
F3MU_uptake_transport_systems	F3MU_08_amino_acids_amines_ABC_transport_systems	F3MU_08_U072_aromatic_amino_acids_ABC_transporters	F3MU_08_U072_Histidine_ABC_transport_system_permease_protein_hisQ	COG4215_K10016_*
F3MU_uptake_transport_systems	F3MU_08_amino_acids_amines_ABC_transport_systems	F3MU_08_U072_aromatic_amino_acids_ABC_transporters	F3MU_08_U072_Histidine_ABC_transport_system_substrate-binding_protein_hisJ	COG0824_K10014_*
F3MU_uptake_transport_systems	F3MU_08_amino_acids_amines_ABC_transport_systems	F3MU_08_U072_aromatic_amino_acids_ABC_transporters	F3MU_08_U072_Tryptophan_tyrosine_ABC_transport_system_ATP-binding_subunit_aroW	COG1101_K05833
F3MU_uptake_transport_systems	F3MU_08_amino_acids_amines_ABC_transport_systems	F3MU_08_U072_aromatic_amino_acids_ABC_transporters	F3MU_08_U072_Tryptophan_tyrosine_ABC_transport_system_permease_subunit_aroY	COG4120_K05832
F3MU_uptake_transport_systems	F3MU_08_amino_acids_amines_ABC_transport_systems	F3MU_08_U072_aromatic_amino_acids_ABC_transporters	F3MU_08_U072_Tryptophan_tyrosine_ABC_transport_system_substrate-binding_subunit_aroX	COG2984_K01989
F3MU_uptake_transport_systems	F3MU_08_amino_acids_amines_ABC_transport_systems	F3MU_08_U073_Branched-chain_amino_acid_ABC_transporters	F3MU_08_U073_Branched-chain_amino_acid_ABC_transport_system_ATP-binding_subunit_livF	COG0410_K01996
F3MU_uptake_transport_systems	F3MU_08_amino_acids_amines_ABC_transport_systems	F3MU_08_U073_Branched-chain_amino_acid_ABC_transporters	F3MU_08_U073_Branched-chain_amino_acid_ABC_transport_system_ATP-binding_subunit_livG	COG0411_K01995
F3MU_uptake_transport_systems	F3MU_08_amino_acids_amines_ABC_transport_systems	F3MU_08_U073_Branched-chain_amino_acid_ABC_transporters	F3MU_08_U073_Branched-chain_amino_acid_ABC_transport_system_permease_subunit_livH	COG0559_K01997
F3MU_uptake_transport_systems	F3MU_08_amino_acids_amines_ABC_transport_systems	F3MU_08_U073_Branched-chain_amino_acid_ABC_transporters	F3MU_08_U073_Branched-chain_amino_acid_ABC_transport_system_permease_subunit_livM	COG4177_K01998_*
F3MU_uptake_transport_systems	F3MU_08_amino_acids_amines_ABC_transport_systems	F3MU_08_U073_Branched-chain_amino_acid_ABC_transporters	F3MU_08_U073_Branched-chain_amino_acid_ABC_transport_system_substrate-binding_subunit_livK	COG0683_K01999
F3MU_uptake_transport_systems	F3MU_08_amino_acids_amines_ABC_transport_systems	F3MU_08_U074_Urea_ABC_transporters	F3MU_08_U074_Urea_ABC_transport_system_ATP-binding_protein_urtD	COG4674_K11962
F3MU_uptake_transport_systems	F3MU_08_amino_acids_amines_ABC_transport_systems	F3MU_08_U074_Urea_ABC_transporters	F3MU_08_U074_Urea_ABC_transport_system_ATP-binding_protein_urtE	COG0410_K11963
F3MU_uptake_transport_systems	F3MU_08_amino_acids_amines_ABC_transport_systems	F3MU_08_U074_Urea_ABC_transporters	F3MU_08_U074_Urea_ABC_transport_system_permease_protein_urtB	COG0559_K11960
F3MU_uptake_transport_systems	F3MU_08_amino_acids_amines_ABC_transport_systems	F3MU_08_U074_Urea_ABC_transporters	F3MU_08_U074_Urea_ABC_transport_system_permease_protein_urtC	COG4177_K11961
F3MU_uptake_transport_systems	F3MU_08_amino_acids_amines_ABC_transport_systems	F3MU_08_U074_Urea_ABC_transporters	F3MU_08_U074_Urea_ABC_transport_system_substrate-binding_protein_urtA	COG0683_K11959
F3MU_uptake_transport_systems	F3MU_08_amino_acids_amines_ABC_transport_systems	F3MU_08_U075_TMAO_ABC_transporters	F3MU_08_U075_TMAO_reductase_system_ABC-type_substrate-binding_protein_torT	COG1859_K11930
F3MU_uptake_transport_systems	F3MU_09_nucleotides_nucleosides_permeases	F3MU_09_U077_nucleotides_nucleosides_permeases	F3MU_09_U077_Adenine_guanine_hypoxanthine_permease_pduG	COG2252_K06901
F3MU_uptake_transport_systems	F3MU_09_nucleotides_nucleosides_permeases	F3MU_09_U077_nucleotides_nucleosides_permeases	F3MU_09_U077_Allantoine-cation_symporter_allP	COG1953_K10975_*
F3MU_uptake_transport_systems	F3MU_09_nucleotides_nucleosides_permeases	F3MU_09_U077_nucleotides_nucleosides_permeases	F3MU_09_U077_Nucleoside:H+_symporter_nupT	COG2807_K02532
F3MU_uptake_transport_systems	F3MU_09_nucleotides_nucleosides_permeases	F3MU_09_U077_nucleotides_nucleosides_permeases	F3MU_09_U077_Nucleoside_Na+-dependent_transport_protein_nupG	COG1972_K16323_*
F3MU_uptake_transport_systems	F3MU_09_nucleotides_nucleosides_permeases	F3MU_09_U077_nucleotides_nucleosides_permeases	F3MU_09_U077_Nucleoside_Na+-dependent_transport_protein_nupX	COG1972_K03317
F3MU_uptake_transport_systems	F3MU_09_nucleotides_nucleosides_permeases	F3MU_09_U077_nucleotides_nucleosides_permeases	F3MU_09_U077_Nucleoside_transport_protein_nupC	COG1972_K11535
F3MU_uptake_transport_systems	F3MU_09_nucleotides_nucleosides_permeases	F3MU_09_U077_nucleotides_nucleosides_permeases	F3MU_09_U077_Purine_cytosine_permease_pucI	COG1953_K03457
F3MU_uptake_transport_systems	F3MU_09_nucleotides_nucleosides_permeases	F3MU_09_U077_nucleotides_nucleosides_permeases	F3MU_09_U077_Xanthine_uracil_permease_pyrP	COG2233_K02824
F3MU_uptake_transport_systems	F3MU_09_nucleotides_nucleosides_permeases	F3MU_09_U077_nucleotides_nucleosides_permeases	F3MU_09_U077_Xanthine-cation_symporter_pbuX	COG2233_K16169
F3MU_uptake_transport_systems	F3MU_09_nucleotides_nucleosides_permeases	F3MU_09_U077_nucleotides_nucleosides_permeases	F3MU_09_U077_Xanthine-cation_symporter_xanP	COG2233_K16345
F3MU_uptake_transport_systems	F3MU_09_nucleotides_nucleosides_permeases	F3MU_09_U077_nucleotides_nucleosides_permeases	F3MU_09_U077_Xanthine-cation_symporter_xanQ	COG2233_K03458_*
F3MU_uptake_transport_systems	F3MU_09_nucleotides_nucleosides_permeases	F3MU_09_U077_nucleotides_nucleosides_permeases	F3MU_09_U077_Xanthosine:H+_symporter_NHS_family_xapB	COG2211_K11537_*
F3MU_uptake_transport_systems	F3MU_10_co-factors_ABC_transport_systems	F3MU_10_U078_thiamine_ABC_transporters	F3MU_10_U078_Thiamine_ABC_transporter_complex_subunit_P_thiP	COG1178_K02063
F3MU_uptake_transport_systems	F3MU_10_co-factors_ABC_transport_systems	F3MU_10_U078_thiamine_ABC_transporters	F3MU_10_U078_Thiamine_ABC_transporter_complex_subunit_Q_thiQ	COG3840_K02062
F3MU_uptake_transport_systems	F3MU_10_co-factors_ABC_transport_systems	F3MU_10_U078_thiamine_ABC_transporters	F3MU_10_U078_Thiamine_ABC_transporter_periplasmic_binding_protein_thiB	COG4143_K02064
F3MU_uptake_transport_systems	F3MU_15_co-factors_ECF_transport_systems	F3MU_15_U104_thiamine_ECF_transporters	F3MU_15_U104Thiamine_energy-coupling_factor_ECF_transport_system_substrate-specific_binding_component_thiT	COG3859_K16789
F3MU_uptake_transport_systems	F3MU_15_co-factors_ECF_transport_systems	F3MU_15_U104_thiamine_ECF_transporters	F3MU_15_U104Thiamine_precursors_thiazole_energy-coupling_factor_ECF_transport_system_substrate-specific_binding_component_thiW	COG4732
F3MU_uptake_transport_systems	F3MU_15_co-factors_ECF_transport_systems	F3MU_15_U104_thiamine_ECF_transporters	F3MU_15_U104Thiamine_precursors_energy-coupling_factor_ECF_transport_system_substrate-specific_binding_component_ykoE	COG4721_K16925
F3MU_uptake_transport_systems	F3MU_15_co-factors_ECF_transport_systems	F3MU_15_U105_nicotinamide_ECF_transporters	F3MU_15_U105_Niacin_nicotinate_energy-coupling_factor_ECF_transport_system_substrate-specific_binding_component_niaX	2A1RE
F3MU_uptake_transport_systems	F3MU_16_co-factors_permeases	F3MU_16_U079_nicotinamide_permease	F3MU_16_U079_Nicotinamide_mononucleotide_transporter_pnuC	COG3201_K03811
F3MU_uptake_transport_systems	F3MU_15_co-factors_ECF_transport_systems	F3MU_15_U080_biotin_ECF_transporters	F3MU_15_U080_Biotin_energy-coupling_factor_ECF_transport_system_substrate-specific_binding_component_bioY	COG1268_K03523
F3MU_uptake_transport_systems	F3MU_15_co-factors_ECF_transport_systems	F3MU_15_U081_riboflavin_ECF_transporters	F3MU_15_U081_Riboflavin_energy-coupling_factor_ECF_transport_system_substrate-specific_binding_component_ribU	COG3601
F3MU_uptake_transport_systems	F3MU_15_co-factors_ECF_transport_systems	F3MU_15_U081_riboflavin_ECF_transporters	F3MU_15_U081_Riboflavin_energy-coupling_factor_ECF_transport_system_substrate-specific_binding_component_ribW	COG4720_K16824
F3MU_uptake_transport_systems	F3MU_10_co-factors_ABC_transport_systems	F3MU_10_U082_Heme_cobalamin_ABC_transporters	F3MU_10_U082_Cobalamin_ABC_transporter_complex_ATP-binding_protein_btuD	COG4138_K06074
F3MU_uptake_transport_systems	F3MU_10_co-factors_ABC_transport_systems	F3MU_10_U082_Heme_cobalamin_ABC_transporters	F3MU_10_U082_Cobalamin_ABC_transporter_complex_permease_protein_btuB	COG4206_K16092
F3MU_uptake_transport_systems	F3MU_10_co-factors_ABC_transport_systems	F3MU_10_U082_Heme_cobalamin_ABC_transporters	F3MU_10_U082_Cobalamin_ABC_transporter_complex_permease_protein_btuC	COG4139_K06073
F3MU_uptake_transport_systems	F3MU_10_co-factors_ABC_transport_systems	F3MU_10_U082_Heme_cobalamin_ABC_transporters	F3MU_10_U082_Cobalamin_ABC_transporter_periplasmic_binding_protein_btuF	COG0614_K06858
F3MU_uptake_transport_systems	F3MU_15_co-factors_ECF_transport_systems	F3MU_15_U106_Heme_cobalamin_transporters	F3MU_15_U106_Heme_cobalamin_energy-coupling_factor_ECF_transport_system_ATP-binding_A1A2_component_hemT	COG1129_K16786_K16787
F3MU_uptake_transport_systems	F3MU_15_co-factors_ECF_transport_systems	F3MU_15_U106_Heme_cobalamin_transporters	F3MU_15_U106_Heme_cobalamin_energy-coupling_factor_ECF_transport_system_permease_T_component_hemV	COG4720_K16927
F3MU_uptake_transport_systems	F3MU_15_co-factors_ECF_transport_systems	F3MU_15_U106_Heme_cobalamin_transporters	F3MU_15_U106_Heme_cobalamin_energy-coupling_factor_ECF_transport_system_substrate-specific_binding_component_alpha_hemZ	COG5066
F3MU_uptake_transport_systems	F3MU_15_co-factors_ECF_transport_systems	F3MU_15_U106_Heme_cobalamin_transporters	F3MU_15_U106_Heme_cobalamin_energy-coupling_factor_ECF_transport_system_substrate-specific_binding_component_beta_hemX	COG1657
F3MU_uptake_transport_systems	F3MU_15_co-factors_ECF_transport_systems	F3MU_15_U083_queusine_transporters	F3MU_15_U083_Queuosine_precursors_energy-coupling_factor_ECF_transport_system_substrate-specific_binding_component_queT	COG4708
F3MU_uptake_transport_systems	F3MU_15_co-factors_ECF_transport_systems	F3MU_15_U084_Shared_energy-coupling_factor_ECF_transport_system	F3MU_15_U084_Shared_energy-coupling_factor_ECF_transport_system_ATP-binding_A1_component_ecfA1	COG1122_K16786
F3MU_uptake_transport_systems	F3MU_15_co-factors_ECF_transport_systems	F3MU_15_U084_Shared_energy-coupling_factor_ECF_transport_system	F3MU_15_U084_Shared_energy-coupling_factor_ECF_transport_system_ATP-binding_A1A2_component_ecgA1A2	COG1122_K16786_K16787
F3MU_uptake_transport_systems	F3MU_15_co-factors_ECF_transport_systems	F3MU_15_U084_Shared_energy-coupling_factor_ECF_transport_system	F3MU_15_U084_Shared_energy-coupling_factor_ECF_transport_system_ATP-binding_A2_component_ecfA2	COG1122_K16787
F3MU_uptake_transport_systems	F3MU_15_co-factors_ECF_transport_systems	F3MU_15_U084_Shared_energy-coupling_factor_ECF_transport_system	F3MU_15_U084_Shared_energy-coupling_factor_ECF_transport_system_permease_T_component_ecfT	COG0619_K16785
F3MU_uptake_transport_systems	F3MU_18_inorganic_ions_ECF_transport_systems	F3MU_18_U085_cobalt_ECF_transport_systems	F3MU_18_U085_Cobalt_Nickel_energy-coupling_factor_ECF_transport_system_ATP-binding_A1_component_cbiO	COG1122_K02006_*
F3MU_uptake_transport_systems	F3MU_18_inorganic_ions_ECF_transport_systems	F3MU_18_U085_cobalt_ECF_transport_systems	F3MU_18_U085_Cobalt_Nickel_energy-coupling_factor_ECF_transport_system_permease_T_component_cbiQ	COG0619_K02008
F3MU_uptake_transport_systems	F3MU_18_inorganic_ions_ECF_transport_systems	F3MU_18_U085_cobalt_ECF_transport_systems	F3MU_18_U085_Cobalt_Nickel_energy-coupling_factor_ECF_transport_system_substrate-specific_binding_component_alpha_cbiM	COG0310_K02007
F3MU_uptake_transport_systems	F3MU_18_inorganic_ions_ECF_transport_systems	F3MU_18_U085_cobalt_ECF_transport_systems	F3MU_18_U085_Cobalt_Nickel_energy-coupling_factor_ECF_transport_system_substrate-specific_binding_component_beta_cbiN	COQ1930_K02009
F3MU_uptake_transport_systems	F3MU_11_inorganic_ions_ABC_transport_systems	F3MU_11_U086_iron_ABC_transport_systems	F3MU_11_U086_Catecholate_siderophore_complex_ABC_transport_system_outer-membrane_receptor_fiu	COG4774_K16090
F3MU_uptake_transport_systems	F3MU_11_inorganic_ions_ABC_transport_systems	F3MU_11_U086_iron_ABC_transport_systems	F3MU_11_U086_Fe3+_dicitrate_complex_ABC_transport_system_outer-membrane_receptor_fecA	COG4772_K16091
F3MU_uptake_transport_systems	F3MU_11_inorganic_ions_ABC_transport_systems	F3MU_11_U086_iron_ABC_transport_systems	F3MU_11_U086_GTP-driven_ferrous_iron_transport_protein_A_feoA	COG1918_K04758
F3MU_uptake_transport_systems	F3MU_11_inorganic_ions_ABC_transport_systems	F3MU_11_U086_iron_ABC_transport_systems	F3MU_11_U086_GTP-driven_ferrous_iron_transport_protein_B_feoB	COG0370_K04759
F3MU_uptake_transport_systems	F3MU_11_inorganic_ions_ABC_transport_systems	F3MU_11_U086_iron_ABC_transport_systems	F3MU_11_U086_GTP-driven_ferrous_iron_transport_regulatory_protein_C_feoC	2E630_K0790
F3MU_uptake_transport_systems	F3MU_11_inorganic_ions_ABC_transport_systems	F3MU_11_U086_iron_ABC_transport_systems	F3MU_11_U086_Iron-III_ABC_transport_system_ATP-binding_protein_fbpC	COG3842_K02010
F3MU_uptake_transport_systems	F3MU_11_inorganic_ions_ABC_transport_systems	F3MU_11_U086_iron_ABC_transport_systems	F3MU_11_U086_Iron-III_ABC_transport_system_permease_protein_fbpB	COG1178_K02011
F3MU_uptake_transport_systems	F3MU_11_inorganic_ions_ABC_transport_systems	F3MU_11_U086_iron_ABC_transport_systems	F3MU_11_U086_Iron-III_ABC_transport_system_substrate-binding_protein_fbpA	COG1840_K02012
F3MU_uptake_transport_systems	F3MU_11_inorganic_ions_ABC_transport_systems	F3MU_11_U086_iron_ABC_transport_systems	F3MU_11_U086_Iron_heme_complex_ABC_transport_system_outer-membrane_receptor_hemR	COG4774_K16087
F3MU_uptake_transport_systems	F3MU_11_inorganic_ions_ABC_transport_systems	F3MU_11_U086_iron_ABC_transport_systems	F3MU_11_U086_Iron_siderophore_complex_ABC_transport_system_outer-membrane_receptor_fhuA	COG4773_K02014
F3MU_uptake_transport_systems	F3MU_11_inorganic_ions_ABC_transport_systems	F3MU_11_U086_iron_ABC_transport_systems	F3MU_11_U086_Iron_siderophore_complex_ABC_transport_system_outer-membrane_receptor_fhuA	COG4774_K02014
F3MU_uptake_transport_systems	F3MU_11_inorganic_ions_ABC_transport_systems	F3MU_11_U086_iron_ABC_transport_systems	F3MU_11_U086_Iron_siderophore_complex_ABC_transport_system_outer-membrane_receptor_fhuE	COG4773_K16088
F3MU_uptake_transport_systems	F3MU_11_inorganic_ions_ABC_transport_systems	F3MU_11_U086_iron_ABC_transport_systems	F3MU_11_U086_Iron_complex_ABC_transport_system_ATP-binding_protein_fhuC	COG1120_K02013
F3MU_uptake_transport_systems	F3MU_11_inorganic_ions_ABC_transport_systems	F3MU_11_U086_iron_ABC_transport_systems	F3MU_11_U086_Iron_complex_ABC_transport_system_ATP-binding_protein_yclP	COG4604_K02013
F3MU_uptake_transport_systems	F3MU_11_inorganic_ions_ABC_transport_systems	F3MU_11_U086_iron_ABC_transport_systems	F3MU_11_U086_Iron_complex_ABC_transport_system_permease_protein_fhuB	COG0609_K02015
F3MU_uptake_transport_systems	F3MU_11_inorganic_ions_ABC_transport_systems	F3MU_11_U086_iron_ABC_transport_systems	F3MU_11_U086_Iron_complex_ABC_transport_system_permease_protein_yclO	COG4606_K02015
F3MU_uptake_transport_systems	F3MU_11_inorganic_ions_ABC_transport_systems	F3MU_11_U086_iron_ABC_transport_systems	F3MU_11_U086_Iron_complex_ABC_transport_system_substrate-binding_protein_fhuD	COG0614_K02016
F3MU_uptake_transport_systems	F3MU_11_inorganic_ions_ABC_transport_systems	F3MU_11_U086_iron_ABC_transport_systems	F3MU_11_U086_Iron_complex_ABC_transport_system_substrate-binding_protein_yclQ	COG4607_K02016
F3MU_uptake_transport_systems	F3MU_11_inorganic_ions_ABC_transport_systems	F3MU_11_U086_iron_ABC_transport_systems	F3MU_11_U086_Iron_transport_perisplasmic_protein_efeO	COG2822_K07224
F3MU_uptake_transport_systems	F3MU_11_inorganic_ions_ABC_transport_systems	F3MU_11_U087_manganese_ABC_transport_systems	F3MU_11_U087_Manganese_iron_ABC_transport_system_ATP-binding_protein_sitB	COG1121_K11607_*
F3MU_uptake_transport_systems	F3MU_11_inorganic_ions_ABC_transport_systems	F3MU_11_U087_manganese_ABC_transport_systems	F3MU_11_U087_Manganese_iron_ABC_transport_system_permease_protein_sitC	COG1108_K11606_*
F3MU_uptake_transport_systems	F3MU_11_inorganic_ions_ABC_transport_systems	F3MU_11_U087_manganese_ABC_transport_systems	F3MU_11_U087_Manganese_iron_ABC_transport_system_substrate-binding_protein_sitA	COG0803_K11604_*
F3MU_uptake_transport_systems	F3MU_11_inorganic_ions_ABC_transport_systems	F3MU_11_U087_manganese_ABC_transport_systems	F3MU_11_U087_Manganese_ABC_transport_system_permease_protein_mntB1	COG1108_K19976_*
F3MU_uptake_transport_systems	F3MU_11_inorganic_ions_ABC_transport_systems	F3MU_11_U087_manganese_ABC_transport_systems	F3MU_11_U087_Manganese_ABC_transport_system_substrate-binding_protein_mntA1	COG0803_K19975_*
F3MU_uptake_transport_systems	F3MU_17_inorganic_ions_permeases	F3MU_17_U107_manganese_permeases	F3MU_17_U107_Manganese_transporter_mntH	COG1914_K03322
F3MU_uptake_transport_systems	F3MU_11_inorganic_ions_ABC_transport_systems	F3MU_11_U088_zinc_ABC_transport_systems	F3MU_11_U088_Zinc_iron_manganese__ABC_transport_system_substrate-binding_protein_troA	COG0803_K11707
F3MU_uptake_transport_systems	F3MU_11_inorganic_ions_ABC_transport_systems	F3MU_11_U088_zinc_ABC_transport_systems	F3MU_11_U088_Zinc_manganese_ABC_transport_system_ATP-binding_protein_mntC2	COG1121_K02074
F3MU_uptake_transport_systems	F3MU_11_inorganic_ions_ABC_transport_systems	F3MU_11_U088_zinc_ABC_transport_systems	F3MU_11_U088_Zinc_manganese_ABC_transport_system_permease_protein_mntB2	COG1108_K02075
F3MU_uptake_transport_systems	F3MU_11_inorganic_ions_ABC_transport_systems	F3MU_11_U088_zinc_ABC_transport_systems	F3MU_11_U088_Zinc_manganese_ABC_transport_system_substrate-binding_protein_mntA2	COG0803_K02077
F3MU_uptake_transport_systems	F3MU_11_inorganic_ions_ABC_transport_systems	F3MU_11_U088_zinc_ABC_transport_systems	F3MU_11_U088_Zinc_ABC_transport_system_ATP-binding_protein_znuC	COG1121_K09817_*
F3MU_uptake_transport_systems	F3MU_11_inorganic_ions_ABC_transport_systems	F3MU_11_U088_zinc_ABC_transport_systems	F3MU_11_U088_Zinc_ABC_transport_system_permease_protein_znuB	COG1108_K09816
F3MU_uptake_transport_systems	F3MU_11_inorganic_ions_ABC_transport_systems	F3MU_11_U088_zinc_ABC_transport_systems	F3MU_11_U088_Zinc_ABC_transport_system_substrate-binding_protein_znuA	COG0803_K09815
F3MU_uptake_transport_systems	F3MU_17_inorganic_ions_permeases	F3MU_17_U111_zinc_transport_systems	F3MU_17_U111_Zn2+_transporter_zupT	COG0428_K07238
F3MU_uptake_transport_systems	F3MU_17_inorganic_ions_permeases	F3MU_17_U108_nickel_transport_systems	F3MU_17_U108_Ni2+_transporter_nixA	COG2042_K07241
F3MU_uptake_transport_systems	F3MU_11_inorganic_ions_ABC_transport_systems	F3MU_11_U089_nickel_ABC_transport_systems	F3MU_11_U089_Nickel_ABC_transport_system_ATP-binding_protein_nikD	COG0444_K15587
F3MU_uptake_transport_systems	F3MU_11_inorganic_ions_ABC_transport_systems	F3MU_11_U089_nickel_ABC_transport_systems	F3MU_11_U089_Nickel_ABC_transport_system_ATP-binding_protein_nikE	COG1124_K10824
F3MU_uptake_transport_systems	F3MU_11_inorganic_ions_ABC_transport_systems	F3MU_11_U089_nickel_ABC_transport_systems	F3MU_11_U089_Nickel_ABC_transport_system_permease_protein_nikB	COG0601_K15585
F3MU_uptake_transport_systems	F3MU_11_inorganic_ions_ABC_transport_systems	F3MU_11_U089_nickel_ABC_transport_systems	F3MU_11_U089_Nickel_ABC_transport_system_permease_protein_nikC	COG1173_K15586
F3MU_uptake_transport_systems	F3MU_11_inorganic_ions_ABC_transport_systems	F3MU_11_U089_nickel_ABC_transport_systems	F3MU_11_U089_Nickel_ABC_transport_system_substrate-binding_protein_nikA	COG0747_K15584_*
F3MU_uptake_transport_systems	F3MU_17_inorganic_ions_permeases	F3MU_17_U109_phosphate_transport_systems	F3MU_17_U109_Inorganic_phosphate_transporter_pitA	COG0306_K03306
F3MU_uptake_transport_systems	F3MU_17_inorganic_ions_permeases	F3MU_17_U109_phosphate_transport_systems	F3MU_17_U109_Phosphate-Na+-symporter_yjbB	COG1283_K03324
F3MU_uptake_transport_systems	F3MU_17_inorganic_ions_permeases	F3MU_17_U109_phosphate_transport_systems	F3MU_17_U109_Phosphate-Na+-symporter_yjbB	COG1283_K14683
F3MU_uptake_transport_systems	F3MU_11_inorganic_ions_ABC_transport_systems	F3MU_11_U090_phosphate_phosphonate_ABC_transport_systems	F3MU_11_U090_Phosphate_ABC_transport_system_ATP-binding_protein_pstB	COG1117_K02036
F3MU_uptake_transport_systems	F3MU_11_inorganic_ions_ABC_transport_systems	F3MU_11_U090_phosphate_phosphonate_ABC_transport_systems	F3MU_11_U090_Phosphate_ABC_transport_system_permease_protein_pstA	COG0581_K02038
F3MU_uptake_transport_systems	F3MU_11_inorganic_ions_ABC_transport_systems	F3MU_11_U090_phosphate_phosphonate_ABC_transport_systems	F3MU_11_U090_Phosphate_ABC_transport_system_permease_protein_pstC	COG0573_K02037
F3MU_uptake_transport_systems	F3MU_11_inorganic_ions_ABC_transport_systems	F3MU_11_U090_phosphate_phosphonate_ABC_transport_systems	F3MU_11_U090_Phosphate_ABC_transport_system_substrate-binding_protein_pstS	COG0226_K02040
F3MU_uptake_transport_systems	F3MU_11_inorganic_ions_ABC_transport_systems	F3MU_11_U090_phosphate_phosphonate_ABC_transport_systems	F3MU_11_U090_Phosphate_uptake_regulatory_protein_phoU	COG0704_K02039
F3MU_uptake_transport_systems	F3MU_11_inorganic_ions_ABC_transport_systems	F3MU_11_U090_phosphate_phosphonate_ABC_transport_systems	F3MU_11_U090_Phosphonate_ABC_transport_system_ATP-binding_protein_phnC	COG3221_K02044
F3MU_uptake_transport_systems	F3MU_11_inorganic_ions_ABC_transport_systems	F3MU_11_U090_phosphate_phosphonate_ABC_transport_systems	F3MU_11_U090_Phosphonate_ABC_transport_system_permease_protein_phnE	COG3639_K02042
F3MU_uptake_transport_systems	F3MU_11_inorganic_ions_ABC_transport_systems	F3MU_11_U090_phosphate_phosphonate_ABC_transport_systems	F3MU_11_U090_Phosphonate_ABC_transport_system_substrate-binding_protein_phnD	COG3638_K02041
F3MU_uptake_transport_systems	F3MU_17_inorganic_ions_permeases	F3MU_17_U110_sulfate_sulfonate_transport_systems	F3MU_17_U110_Na+:sulfate_symporter_yflS	COG0471_K03319
F3MU_uptake_transport_systems	F3MU_17_inorganic_ions_permeases	F3MU_17_U110_sulfate_sulfonate_transport_systems	F3MU_17_U110_Sulfate_permease_sulP	COG0659_K03321
F3MU_uptake_transport_systems	F3MU_11_inorganic_ions_ABC_transport_systems	F3MU_11_U091_sulfate_sulfonate_ABC_transport_systems	F3MU_11_U091_Sulfonate_ABC_transport_system_ATP-binding_protein_ssuB	COG1116_K15555_*
F3MU_uptake_transport_systems	F3MU_11_inorganic_ions_ABC_transport_systems	F3MU_11_U091_sulfate_sulfonate_ABC_transport_systems	F3MU_11_U091_Sulfonate_ABC_transport_system_permease_protein_ssuC	COG0600_K15554_*
F3MU_uptake_transport_systems	F3MU_11_inorganic_ions_ABC_transport_systems	F3MU_11_U091_sulfate_sulfonate_ABC_transport_systems	F3MU_11_U091_Sulfonate_ABC_transport_system_substrate-binding_protein_ssuA	COG0715_K15553_*
F3MU_uptake_transport_systems	F3MU_17_inorganic_ions_permeases	F3MU_17_U092_cyanate_chromate_nitrite_transport_systems	F3MU_17_U092_Chromate_transporter_chrA	COG2059_K07240
F3MU_uptake_transport_systems	F3MU_17_inorganic_ions_permeases	F3MU_17_U092_cyanate_chromate_nitrite_transport_systems	F3MU_17_U092_Cyanate_permease_yycB	COG2807_K03449
F3MU_uptake_transport_systems	F3MU_17_inorganic_ions_permeases	F3MU_17_U092_cyanate_chromate_nitrite_transport_systems	F3MU_17_U092_Formate_nitrite_transporter_fnt	COG2116_K21993
F3MU_uptake_transport_systems	F3MU_17_inorganic_ions_permeases	F3MU_17_U094_arsenite_transport_systems	F3MU_17_U094_Arsenite_efflux_pump_arsB	COG0798_K03325
F3MU_uptake_transport_systems	F3MU_19_inorganic_ions_channels	F3MU_19_U093_urea_channel	F3MU_19_U093_Acid-activated_urea_channel_ureI	2DC0F_K03191
F3MU_uptake_transport_systems	F3MU_19_inorganic_ions_channels	F3MU_19_U112_aquaporins	F3MU_19_U112_Aquaporin_Z_aqpZ	COG0580_K06188
F3MU_uptake_transport_systems	F3MU_19_inorganic_ions_channels	F3MU_19_U113_chloride_channel	F3MU_19_U113_Chloride_channel_protein_eriC	COG0038_K03281
F3MU_uptake_transport_systems	F3MU_19_inorganic_ions_channels	F3MU_19_U114_mechanosensitive_ion_channels	F3MU_19_U114_Stretch_forces_response_channel_mscL	COG1970_K03282
F3MU_uptake_transport_systems	F3MU_19_inorganic_ions_channels	F3MU_19_U114_mechanosensitive_ion_channels	F3MU_19_U114_Mechanosensitive_ion_channel_kefA	COG1196_K05802
F3MU_uptake_transport_systems	F3MU_11_inorganic_ions_transport_systems	F3MU_11_U095_ammonium_transport_systems	F3MU_11_U095_NH4+_transporter_amtB	COG0004_K03320
F3MU_uptake_transport_systems	F3MU_11_inorganic_ions_transport_systems	F3MU_11_U096_magnesium_transport_systems	F3MU_11_U096_Mg2+_transporter_corA	COG0598_K03284
F3MU_uptake_transport_systems	F3MU_11_inorganic_ions_transport_systems	F3MU_11_U096_magnesium_transport_systems	F3MU_11_U096_Mg2+_transporter_corA	COG0598_K16074
F3MU_uptake_transport_systems	F3MU_11_inorganic_ions_transport_systems	F3MU_11_U096_magnesium_transport_systems	F3MU_11_U096_magnesium_transport_systems	COG2239_K06213
F3MU_uptake_transport_systems	F3MU_11_inorganic_ions_transport_systems	F3MU_11_U097_potassium_transport_systems	F3MU_11_U097_K+_uptake_protein_ktrA	COG0569_K03499
F3MU_uptake_transport_systems	F3MU_11_inorganic_ions_transport_systems	F3MU_11_U097_potassium_transport_systems	F3MU_11_U097_K+_uptake_protein_ktrB	COG0168_K03498
F3MU_uptake_transport_systems	F3MU_11_inorganic_ions_transport_systems	F3MU_11_U097_potassium_transport_systems	F3MU_11_U097_K+_uptake_protein_kup	COG3158_K03549
F3MU_uptake_transport_systems	F3MU_11_inorganic_ions_transport_systems	F3MU_11_U098_sodium_proton_transport_systems	F3MU_11_U098_Multicomponent_Na+:H+_antiporter_subunit_A_mrpA	COG1009_K05565
F3MU_uptake_transport_systems	F3MU_11_inorganic_ions_transport_systems	F3MU_11_U098_sodium_proton_transport_systems	F3MU_11_U098_Multicomponent_Na+:H+_antiporter_subunit_B_mrpB	COG2111_K05566
F3MU_uptake_transport_systems	F3MU_11_inorganic_ions_transport_systems	F3MU_11_U098_sodium_proton_transport_systems	F3MU_11_U098_Multicomponent_Na+:H+_antiporter_subunit_C_mrpC	COG1006_K05567
F3MU_uptake_transport_systems	F3MU_11_inorganic_ions_transport_systems	F3MU_11_U098_sodium_proton_transport_systems	F3MU_11_U098_Multicomponent_Na+:H+_antiporter_subunit_D_mrpD	COG0651_K05568
F3MU_uptake_transport_systems	F3MU_11_inorganic_ions_transport_systems	F3MU_11_U098_sodium_proton_transport_systems	F3MU_11_U098_Multicomponent_Na+:H+_antiporter_subunit_E_mrpE	COG1863_K05569
F3MU_uptake_transport_systems	F3MU_11_inorganic_ions_transport_systems	F3MU_11_U098_sodium_proton_transport_systems	F3MU_11_U098_Multicomponent_Na+:H+_antiporter_subunit_F_mrpF	COG2212_K05570
F3MU_uptake_transport_systems	F3MU_11_inorganic_ions_transport_systems	F3MU_11_U098_sodium_proton_transport_systems	F3MU_11_U098_Multicomponent_Na+:H+_antiporter_subunit_G_mrpG	COG1320_K05571
F3MU_uptake_transport_systems	F3MU_11_inorganic_ions_transport_systems	F3MU_11_U098_sodium_proton_transport_systems	F3MU_11_U098_Na+_H+_antiporter_nhaC	COG1757_K03315
F3MU_uptake_transport_systems	F3MU_11_inorganic_ions_transport_systems	F3MU_11_U098_sodium_proton_transport_systems	F3MU_11_U098_Na+_H+_antiporter_nhaP	COG0025_K03316
F3MU_uptake_transport_systems	F3MU_12_fatty_acids_transport_systems	F3MU_12_U099_fatty_acids_transporters	F3MU_12_U099_Long_chain_fatty_acids_transporter_fadL	COG2067_K06076
F3MU_uptake_transport_systems	F3MU_12_fatty_acids_transport_systems	F3MU_12_U099_fatty_acids_transporters	F3MU_12_U099_Short_chain_fatty_acids_transporter_atoE	COG2031_K02106
F3MU_uptake_transport_systems	F3MU_13_aromatic_compounds_transport_systems	F3MU_13_U100_aromatic_compounds_transporters	F3MU_13_U100_3-hydroxyphenylpropionic_acid_transporter_AAHS_family_mhpT	COG0477_K05819
F3MU_uptake_transport_systems	F3MU_13_aromatic_compounds_transport_systems	F3MU_13_U100_aromatic_compounds_transporters	F3MU_13_U100_3-phenylpropionic_acid_transporter_PPP_family_hcaT	COG0477_K05820
F3MU_uptake_transport_systems	F3MU_13_aromatic_compounds_transport_systems	F3MU_13_U100_aromatic_compounds_transporters	F3MU_13_U100_4-hydroxybenzoate:H+_symporter_AAHS_family_pcaK	COG2271_K08195_*
F3MU_uptake_transport_systems	F3MU_13_aromatic_compounds_transport_systems	F3MU_13_U100_aromatic_compounds_transporters	F3MU_13_U100_4-hydroxyphenylacetate:cation_symporter_ACS_family_hpaX	COG2271_K02511
F3MU_uptake_transport_systems	F3MU_13_aromatic_compounds_transport_systems	F3MU_13_U100_aromatic_compounds_transporters	F3MU_13_U100_Benzoate:H+_symporter_AAHS_family_benK	COG2271_K05548
F3MU_uptake_transport_systems	F3MU_13_aromatic_compounds_transport_systems	F3MU_13_U100_aromatic_compounds_transporters	F3MU_13_U100_Benzoate:H+_symporter_AAHS_family_benK	COG0477_K05548
F3MU_uptake_transport_systems	F3MU_14_holin_and_porin_systems	F3MU_14_U101_Fluoride_toxicity_resistance_protein	F3MU_14_U101_Fluoride_toxicity_resistance_protein_crcB	COG0239_K06199
F3MU_uptake_transport_systems	F3MU_14_holin_and_porin_systems	F3MU_14_U102_Outer_membrane_porins	F3MU_14_U102_Outer_membrane_porin_ompA	COG3637_K03286
F3MU_uptake_transport_systems	F3MU_14_holin_and_porin_systems	F3MU_14_U102_Outer_membrane_porins	F3MU_14_U102_Outer_membrane_porin_ompH	COG2825_K06142
F3MU_uptake_transport_systems	F3MU_14_holin_and_porin_systems	F3MU_14_U102_Outer_membrane_porins	F3MU_14_U102_Outer_membrane_porin_ompW	COG3047_K07275
F3MU_uptake_transport_systems	F3MU_14_holin_and_porin_systems	F3MU_14_U102_Outer_membrane_porins	F3MU_14_U102_Outer_membrane_porin_ompU	COG3203_K08720
F3MU_uptake_transport_systems	F3MU_14_holin_and_porin_systems	F3MU_14_U102_Outer_membrane_porins	F3MU_14_U102_Outer_membrane_porin_ompC	COG3203_K09475
F3MU_uptake_transport_systems	F3MU_14_holin_and_porin_systems	F3MU_14_U102_Outer_membrane_porins	F3MU_14_U102_Outer_membrane_porin_ompF	COG3203_K09476
F3MU_uptake_transport_systems	F3MU_14_holin_and_porin_systems	F3MU_14_U102_Outer_membrane_porins	F3MU_14_U102_Outer_membrane_porin_ompX	COG3637_K16078
F3MU_uptake_transport_systems	F3MU_14_holin_and_porin_systems	F3MU_14_U102_Outer_membrane_porins	F3MU_14_U102_Outer_membrane_porin_ompG	28K0Z_K14053
F3MU_uptake_transport_systems	F3MU_14_holin_and_porin_systems	F3MU_14_U103_General_holins	F3MU_14_U103_holin-like_protein_lrgA	COG1380_K05338
F3MU_uptake_transport_systems	F3MU_14_holin_and_porin_systems	F3MU_14_U103_General_holins	F3MU_14_U103_holin-like_protein_lrgB	COG1346_K05339
F3MU_uptake_transport_systems	F3MU_14_holin_and_porin_systems	F3MU_14_U103_General_holins	F3MU_14_U103_holin-like_protein_cdiA	COG1380_K06518
F3MW_cell_wall_metabolism	F3MW_01_UDP-N-acetyl-glucosamine_biosynthesis	F3MW_01_W001_L-glutamine-D-fructose-6-phosphate_aminotransferase	F3MW_01_W001_L-glutamine-D-fructose-6-phosphate_aminotransferase_glmS	COG0449_K00820
F3MW_cell_wall_metabolism	F3MW_01_UDP-N-acetyl-glucosamine_biosynthesis	F3MW_01_W002_Phosphoglucosamine_mutase	F3MW_01_W002_Phosphoglucosamine_mutase_glmM	COG1109_K03431
F3MW_cell_wall_metabolism	F3MW_01_UDP-N-acetyl-glucosamine_biosynthesis	F3MW_01_W003_Glucosamine-1-phosphate_acetyltransferase	F3MW_01_W003_Glucosamine-1-phosphate_acetyltransferase_glmU	COG1207_K04042
F3MW_cell_wall_metabolism	F3MW_02_peptidoglycan_biosynthesis	F3MW_02_W004_UDP-N-acetylglucosamine_1-carboxyvinyltransferase	F3MW_02_W004_UDP-N-acetylglucosamine_1-carboxyvinyltransferase_murA	COG0766_K00790
F3MW_cell_wall_metabolism	F3MW_02_peptidoglycan_biosynthesis	F3MW_02_W005_UDP-N-acetylenolpyruvoylglucosamine_reductase	F3MW_02_W005_UDP-N-acetylenolpyruvoylglucosamine_reductase_murB	COG0812_K00075
F3MW_cell_wall_metabolism	F3MW_02_peptidoglycan_biosynthesis	F3MW_02_W006_UDP-N-acetylmuramateL-alanine_ligase	F3MW_02_W006_UDP-N-acetylmuramateL-alanine_ligase_murC	COG0773_K01924
F3MW_cell_wall_metabolism	F3MW_02_peptidoglycan_biosynthesis	F3MW_02_W007_UDP-N-acetylmuramoyl-L-alanineD-glutamate_ligase	F3MW_02_W007_UDP-N-acetylmuramoyl-L-alanineD-glutamate_ligase_murD	COG0771_K01925
F3MW_cell_wall_metabolism	F3MW_02_peptidoglycan_biosynthesis	F3MW_02_W008_Glutamate_racemase	F3MW_02_W008_Glutamate_racemase_murI	COG0796_K01776_*
F3MW_cell_wall_metabolism	F3MW_02_peptidoglycan_biosynthesis	F3MW_02_W008_Glutamate_racemase	F3MW_02_W008_Glutamate_racemase_murI	COG0127_K01776_*
F3MW_cell_wall_metabolism	F3MW_02_peptidoglycan_biosynthesis	F3MW_02_W009_D-alanineD-alanine_ligase_A	F3MW_02_W009_D-alanineD-alanine_ligase_A_ddlA	COG1181_K01921
F3MW_cell_wall_metabolism	F3MW_02_peptidoglycan_biosynthesis	F3MW_02_W010_UDP-N-acetylmuramoyl-L-alanyl-D-glutamate26-diaminopimelate_ligase	F3MW_02_W010_UDP-N-acetylmuramoyl-L-alanyl-D-glutamate26-diaminopimelate_ligase_murE	COG0769_K01928_*
F3MW_cell_wall_metabolism	F3MW_02_peptidoglycan_biosynthesis	F3MW_02_W010_UDP-N-acetylmuramoyl-L-alanyl-D-glutamate26-diaminopimelate_ligase	F3MW_02_W010_UDP-N-acetylmuramoyl-L-alanyl-D-glutamate26-diaminopimelate_ligase_murE	COG0770_K01928_*
F3MW_cell_wall_metabolism	F3MW_02_peptidoglycan_biosynthesis	F3MW_02_W010_UDP-N-acetylmuramoyl-L-alanyl-D-glutamate26-diaminopimelate_ligase	F3MW_02_W010_UDP-N-acetylmuramoyl-L-alanyl-D-glutamate26-diaminopimelate_ligase_murE	COG0771_K01928_*
F3MW_cell_wall_metabolism	F3MW_02_peptidoglycan_biosynthesis	F3MW_02_W011_UDP-N-acetylmuramoyl-tripeptide-D-alanyl-D-alanine_ligase	F3MW_02_W011_UDP-N-acetylmuramoyl-tripeptide-D-alanyl-D-alanine_ligase_murF	COG0770_K01929
F3MW_cell_wall_metabolism	F3MW_02_peptidoglycan_biosynthesis	F3MW_02_W012_Phospho-N-acetylmuramoyl-pentapeptide-transferase	F3MW_02_W012_Phospho-N-acetylmuramoyl-pentapeptide-transferase_mraY	COG0472_K01000
F3MW_cell_wall_metabolism	F3MW_02_peptidoglycan_biosynthesis	F3MW_02_W013_UDP-N-acetylglucosamine-N-acetylmuramyl-pentapeptide_pyrophosphoryl-undecaprenol_N-acetylglucosamine_transferase	F3MW_02_W013_UDP-N-acetylglucosamine-N-acetylmuramyl-pentapeptide_pyrophosphoryl-undecaprenol_N-acetylglucosamine_transferase_murG	COG0707_K02563
F3MW_cell_wall_metabolism	F3MW_02_peptidoglycan_biosynthesis	F3MW_02_W014_N-acetylmuramic_acid_6-phosphate_etherase	F3MW_02_W014_N-acetylmuramic_acid_6-phosphate_etherase_murQ	COG2103_K07106
F3MW_cell_wall_metabolism	F3MW_02_peptidoglycan_biosynthesis	F3MW_02_W015_Peptidoglycan_lipid_II_flippase	F3MW_02_W015_Peptidoglycan_lipid_II_flippase_murJ	COG0728_K3980
F3MW_cell_wall_metabolism	F3MW_02_peptidoglycan_biosynthesis	F3MW_02_W016_Aspartate_glutamate_racemase	F3MW_02_W016_Aspartate_glutamate_racemase_racD	COG1794_K01779
F3MW_cell_wall_metabolism	F3MW_02_peptidoglycan_biosynthesis	F3MW_02_W017_Diacylglycerol_kinase	F3MW_02_W017_Diacylglycerol_kinase_dgkA	COG0818_K00887
F3MW_cell_wall_metabolism	F3MW_02_peptidoglycan_biosynthesis	F3MW_02_W017_Diacylglycerol_kinase	F3MW_02_W017_Diacylglycerol_kinase_dgkA	COG0818_K00901
F3MW_cell_wall_metabolism	F3MW_03_peptidoglycan_autolysis	F3MW_03_W018_Mannosyl-glycoprotein_endo-beta-N-acetylglucosaminidase_muramidase-	F3MW_03_W018_Mannosyl-glycoprotein_endo-beta-N-acetylglucosaminidase_muramidase_acmA	COG1388_K02395_*
F3MW_cell_wall_metabolism	F3MW_03_peptidoglycan_autolysis	F3MW_03_W018_Mannosyl-glycoprotein_endo-beta-N-acetylglucosaminidase_muramidase-	F3MW_03_W018_Mannosyl-glycoprotein_endo-beta-N-acetylglucosaminidase_muramidase_acmB	COG1705_K02395
F3MW_cell_wall_metabolism	F3MW_03_peptidoglycan_autolysis	F3MW_03_W018_Mannosyl-glycoprotein_endo-beta-N-acetylglucosaminidase_muramidase-	F3MW_03_W018_Mannosyl-glycoprotein_endo-beta-N-acetylglucosaminidase_phage_lysozyme_acm1	COG1705_K01185_*
F3MW_cell_wall_metabolism	F3MW_03_peptidoglycan_autolysis	F3MW_03_W018_Mannosyl-glycoprotein_endo-beta-N-acetylglucosaminidase_muramidase-	F3MW_03_W018_Mannosyl-glycoprotein_endo-beta-N-acetylglucosaminidase_phage_lysozyme_acm2	COG1388_K01185
F3MW_cell_wall_metabolism	F3MW_03_peptidoglycan_autolysis	F3MW_03_W032_Peptidoglycan_terminase	F3MW_03_W032_Peptidoglycan_terminase_mltG	COG1559_K07082
F3MW_cell_wall_metabolism	F3MW_03_peptidoglycan_autolysis	F3MW_03_W033_Recycling_murein-degrading_enzyme	F3MW_03_W033_Recycling_murein-degrading_enzyme_A_mltA	COG2821_K08304
F3MW_cell_wall_metabolism	F3MW_03_peptidoglycan_autolysis	F3MW_03_W033_Recycling_murein-degrading_enzyme	F3MW_03_W033_Recycling_murein-degrading_enzyme_C_mltC	COG0741_K08306
F3MW_cell_wall_metabolism	F3MW_03_peptidoglycan_autolysis	F3MW_03_W034_Lytic_murein_transglycosylase	F3MW_03_W034_Lytic_murein_transglycosylase_B_mltB	COG2951_K08305
F3MW_cell_wall_metabolism	F3MW_03_peptidoglycan_autolysis	F3MW_03_W034_Lytic_murein_transglycosylase	F3MW_03_W034_Soluble_lytic_murein_transglycosylase_D_mltD	COG0741_K08307
F3MW_cell_wall_metabolism	F3MW_03_peptidoglycan_autolysis	F3MW_03_W037_Murein-degrading_enzyme	F3MW_03_W037_Murein-degrading_enzyme_mltF	COG4623_K18691
F3MW_cell_wall_metabolism	F3MW_03_peptidoglycan_autolysis	F3MW_03_W038_Cell_wall-associated_hydrolases_invasion-associated_proteins	F3MW_03_W038_Cell_wall-associated_hydrolases_invasion-associated_proteins_spr	COG0791_K13694
F3MW_cell_wall_metabolism	F3MW_04_teichoic_acid_biosynthesis	F3MW_04_W019_UDP-GlcNAc:undecaprenyl-phosphate_decaprenyl-phosphate_GlcNAc-1-phosphate_transferase	F3MW_04_W019_UDP-GlcNAc:undecaprenyl-phosphate_decaprenyl-phosphate_GlcNAc-1-phosphate_transferase_tagO	COG0472_K02851
F3MW_cell_wall_metabolism	F3MW_04_teichoic_acid_biosynthesis	F3MW_04_W020_N-acetylglucosaminyldiphosphoundecaprenol_N-acetyl-beta-D-mannosaminyltransferase	F3MW_04_W020_N-acetylglucosaminyldiphosphoundecaprenol_N-acetyl-beta-D-mannosaminyltransferase_tagA	COG1922_K05946
F3MW_cell_wall_metabolism	F3MW_04_teichoic_acid_biosynthesis	F3MW_04_W021_Polyglycerol-phosphate_alpha-glucosyltransferase	F3MW_04_W021_Polyglycerol-phosphate_alpha-glucosyltransferase_tagE	COG0438_K00712
F3MW_cell_wall_metabolism	F3MW_04_teichoic_acid_biosynthesis	F3MW_04_W022_Glycerol-3-phosphate_cytidylyltransferase	F3MW_04_W022_Glycerol-3-phosphate_cytidylyltransferase_tagD	COG0615_K00980_*
F3MW_cell_wall_metabolism	F3MW_04_teichoic_acid_biosynthesis	F3MW_04_W022_Glycerol-3-phosphate_cytidylyltransferase	F3MW_04_W022_Glycerol-3-phosphate_cytidylyltransferase_tagD	COG0300_K00980
F3MW_cell_wall_metabolism	F3MW_04_teichoic_acid_biosynthesis	F3MW_04_W023_Ribitol-5-phosphate_2-dehydrogenase	F3MW_04_W023_Ribitol-5-phosphate_2-dehydrogenase_tagJ	COG1063_K05352
F3MW_cell_wall_metabolism	F3MW_04_teichoic_acid_biosynthesis	F3MW_04_W024_2-C-methyl-D-erythritol_4-phosphate_cytidylyltransferase	F3MW_04_W024_2-C-methyl-D-erythritol_4-phosphate_cytidylyltransferase_tagI	COG1211_K00991_*
F3MW_cell_wall_metabolism	F3MW_04_teichoic_acid_biosynthesis	F3MW_04_W025_CDP-Glycerol:Polyglycerophosphate_glycerophosphotransferase	F3MW_04_W025_CDP-Glycerol:Polyglycerophosphate_glycerophosphotransferase_tagB_1	COG1887_K09809_*
F3MW_cell_wall_metabolism	F3MW_04_teichoic_acid_biosynthesis	F3MW_04_W025_CDP-Glycerol:Polyglycerophosphate_glycerophosphotransferase	F3MW_04_W025_CDP-Glycerol:Polyglycerophosphate_glycerophosphotransferase_tagB2	COG1887_K21285
F3MW_cell_wall_metabolism	F3MW_04_teichoic_acid_biosynthesis	F3MW_04_W025_CDP-Glycerol:Polyglycerophosphate_glycerophosphotransferase	F3MW_04_W025_CDP-Glycerol:Polyglycerophosphate_glycerophosphotransferase_tagF	COG0438_K09809
F3MW_cell_wall_metabolism	F3MW_04_teichoic_acid_biosynthesis	F3MW_04_W025_CDP-Glycerol:Polyglycerophosphate_glycerophosphotransferase	F3MW_04_W025_CDP-Glycerol:Polyglycerophosphate_glycerophosphotransferase_tagL	COG1887_K18704_*
F3MW_cell_wall_metabolism	F3MW_04_teichoic_acid_biosynthesis	F3MW_04_W026_D-alanine-polyphosphoribitol_ligase	F3MW_04_W026_D-alanine-polyphosphoribitol_ligase_subunit_1_dltA	COG1020_K03367
F3MW_cell_wall_metabolism	F3MW_04_teichoic_acid_biosynthesis	F3MW_04_W026_D-alanine-polyphosphoribitol_ligase	F3MW_04_W026_D-alanine-polyphosphoribitol_ligase_subunit_C_dltC	COG0236_K14188
F3MW_cell_wall_metabolism	F3MW_04_teichoic_acid_biosynthesis	F3MW_04_W028_Teichoic_acids_export_ABC_transporter	F3MW_04_W028_Teichoic_acids_export_ABC_transporter_permease_subunit_tagG	COG1682_K09692
F3MW_cell_wall_metabolism	F3MW_04_teichoic_acid_biosynthesis	F3MW_04_W028_Teichoic_acids_export_ABC_transporter	F3MW_04_W028_Teichoic_acids_export_ABC_transporter_subunit_tagH	COG1134_K09693
F3MW_cell_wall_metabolism	F3MW_04_teichoic_acid_biosynthesis	F3MW_04_W029_D-alanyl-D-alanine_carboxypeptidase	F3MW_04_W029_D-alanyl-D-alanine_carboxypeptidase_dacB	COG2027_K07259
F3MW_cell_wall_metabolism	F3MW_04_teichoic_acid_biosynthesis	F3MW_04_W029_D-alanyl-D-alanine_carboxypeptidase	F3MW_04_W029_D-alanyl-D-alanine_carboxypeptidase_dacB	COG1876_K07260
F3MW_cell_wall_metabolism	F3MW_04_teichoic_acid_biosynthesis	F3MW_04_W030_D-alanine_export_membrane_protein	F3MW_04_W030_D-alanine_export_membrane_protein_dltB	COG1696_K03739
F3MW_cell_wall_metabolism	F3MW_04_teichoic_acid_biosynthesis	F3MW_04_W031_Teichoic_acid_D-alanine_transfer_protein	F3MW_04_W031_Teichoic_acid_D-alanine_transfer_protein_dltD	COG3966_K03740
